Rotating speed,Vibration of bearing in position 1 of car 1,Shock of bearing in position 1 of car 1,Vibration of bearing in position 2 of car 1,Shock of bearing in position 2 of car 1,Vibration of bearing in position 3 of car 1,Shock of bearing in position 3 of car 1,Vibration of bearing in position 4 of car 1,Shock of bearing in position 4 of car 1,Vibration of bearing in position 5 of car 1,Shock of bearing in position 5 of car 1,Vibration of bearing in position 6 of car 1,Shock of bearing in position 6 of car 1,Vibration of bearing in position 7 of car 1,Shock of bearing in position 7 of car 1,Vibration of bearing in position 8 of car 1,Shock of bearing in position 8 of car 1,Vibration of bearing in position 1 of car 2,Shock of bearing in position 1 of car 2,Vibration of bearing in position 2 of car 2,Shock of bearing in position 2 of car 2,Vibration of bearing in position 3 of car 2,Shock of bearing in position 3 of car 2,Vibration of bearing in position 4 of car 2,Shock of bearing in position 4 of car 2,Vibration of bearing in position 5 of car 2,Shock of bearing in position 5 of car 2,Vibration of bearing in position 6 of car 2,Shock of bearing in position 6 of car 2,Vibration of bearing in position 7 of car 2,Shock of bearing in position 7 of car 2,Vibration of bearing in position 8 of car 2,Shock of bearing in position 8 of car 2,Vibration of bearing in position 1 of car 3,Shock of bearing in position 1 of car 3,Vibration of bearing in position 2 of car 3,Shock of bearing in position 2 of car 3,Vibration of bearing in position 3 of car 3,Shock of bearing in position 3 of car 3,Vibration of bearing in position 4 of car 3,Shock of bearing in position 4 of car 3,Vibration of bearing in position 5 of car 3,Shock of bearing in position 5 of car 3,Vibration of bearing in position 6 of car 3,Shock of bearing in position 6 of car 3,Vibration of bearing in position 7 of car 3,Shock of bearing in position 7 of car 3,Vibration of bearing in position 8 of car 3,Shock of bearing in position 8 of car 3,Vibration of bearing in position 1 of car 4,Shock of bearing in position 1 of car 4,Vibration of bearing in position 2 of car 4,Shock of bearing in position 2 of car 4,Vibration of bearing in position 3 of car 4,Shock of bearing in position 3 of car 4,Vibration of bearing in position 4 of car 4,Shock of bearing in position 4 of car 4,Vibration of bearing in position 5 of car 4,Shock of bearing in position 5 of car 4,Vibration of bearing in position 6 of car 4,Shock of bearing in position 6 of car 4,Vibration of bearing in position 7 of car 4,Shock of bearing in position 7 of car 4,Vibration of bearing in position 8 of car 4,Shock of bearing in position 8 of car 4,Vibration of bearing in position 1 of car 5,Shock of bearing in position 1 of car 5,Vibration of bearing in position 2 of car 5,Shock of bearing in position 2 of car 5,Vibration of bearing in position 3 of car 5,Shock of bearing in position 3 of car 5,Vibration of bearing in position 4 of car 5,Shock of bearing in position 4 of car 5,Vibration of bearing in position 5 of car 5,Shock of bearing in position 5 of car 5,Vibration of bearing in position 6 of car 5,Shock of bearing in position 6 of car 5,Vibration of bearing in position 7 of car 5,Shock of bearing in position 7 of car 5,Vibration of bearing in position 8 of car 5,Shock of bearing in position 8 of car 5,Vibration of bearing in position 1 of car 6,Shock of bearing in position 1 of car 6,Vibration of bearing in position 2 of car 6,Shock of bearing in position 2 of car 6,Vibration of bearing in position 3 of car 6,Shock of bearing in position 3 of car 6,Vibration of bearing in position 4 of car 6,Shock of bearing in position 4 of car 6,Vibration of bearing in position 5 of car 6,Shock of bearing in position 5 of car 6,Vibration of bearing in position 6 of car 6,Shock of bearing in position 6 of car 6,Vibration of bearing in position 7 of car 6,Shock of bearing in position 7 of car 6,Vibration of bearing in position 8 of car 6,Shock of bearing in position 8 of car 6,Vibration of bearing in position 1 of car 7,Shock of bearing in position 1 of car 7,Vibration of bearing in position 2 of car 7,Shock of bearing in position 2 of car 7,Vibration of bearing in position 3 of car 7,Shock of bearing in position 3 of car 7,Vibration of bearing in position 4 of car 7,Shock of bearing in position 4 of car 7,Vibration of bearing in position 5 of car 7,Shock of bearing in position 5 of car 7,Vibration of bearing in position 6 of car 7,Shock of bearing in position 6 of car 7,Vibration of bearing in position 7 of car 7,Shock of bearing in position 7 of car 7,Vibration of bearing in position 8 of car 7,Shock of bearing in position 8 of car 7,Vibration of bearing in position 1 of car 8,Shock of bearing in position 1 of car 8,Vibration of bearing in position 2 of car 8,Shock of bearing in position 2 of car 8,Vibration of bearing in position 3 of car 8,Shock of bearing in position 3 of car 8,Vibration of bearing in position 4 of car 8,Shock of bearing in position 4 of car 8,Vibration of bearing in position 5 of car 8,Shock of bearing in position 5 of car 8,Vibration of bearing in position 6 of car 8,Shock of bearing in position 6 of car 8,Vibration of bearing in position 7 of car 8,Shock of bearing in position 7 of car 8,Vibration of bearing in position 8 of car 8,Shock of bearing in position 8 of car 8
1,0.6103515625,-0.3662109375,0.40283203125,-0.2197265625,-0.29296875,-0.30517578125,-0.2685546875,0.09765625,0.06103515625,-0.23193359375,0.634765625,-1.01318359375,-0.2685546875,0.96435546875,0.5615234375,-0.30517578125,0.2197265625,-0.5615234375,-0.09765625,0.244140625,-0.3173828125,0.9765625,-0.1708984375,-0.5126953125,-0.0732421875,-0.18310546875,0.1953125,-0.84228515625,-0.1220703125,0.81787109375,-0.52490234375,0.20751953125,0.5126953125,0.0732421875,-0.30517578125,-0.79345703125,-0.13427734375,1.2451171875,0.32958984375,2.69775390625,-0.29296875,-0.18310546875,0.01220703125,-0.62255859375,-0.390625,-0.40283203125,-0.06103515625,0.67138671875,0.03662109375,4.7607421875,-0.15869140625,4.052734375,0.23193359375,0.86669921875,2.34375,6.43310546875,0.15869140625,0.6591796875,0.732421875,0.5615234375,0.40283203125,0.5859375,-1.03759765625,1.01318359375,-4.00390625,3.6376953125,-0.40283203125,3.96728515625,-0.69580078125,0.30517578125,0.634765625,0.4150390625,-0.244140625,0.10986328125,-0.40283203125,0.86669921875,0.341796875,-0.03662109375,-0.30517578125,1.15966796875,0.37841796875,-0.9033203125,0.68359375,-0.439453125,0.87890625,0.25634765625,-3.271484375,2.24609375,0.03662109375,-1.513671875,-0.244140625,0.4638671875,-0.2197265625,-0.1708984375,0.244140625,-1.025390625,0.1220703125,-0.6591796875,0.08544921875,-0.69580078125,0.03662109375,-0.6103515625,0.03662109375,0.03662109375,-0.048828125,0.0244140625,0.0244140625,-0.72021484375,0.1220703125,-0.23193359375,-0.0732421875,1.57470703125,0.048828125,0.40283203125,-0.50048828125,0.03662109375,-0.0732421875,0.06103515625,-0.1953125,0.09765625,-0.08544921875,-0.08544921875,0,0.76904296875,0.01220703125,-0.59814453125,0.09765625,-0.57373046875
1,0.537109375,-0.37841796875,0.4150390625,-0.244140625,-0.50048828125,-0.29296875,-0.42724609375,0.0732421875,0.06103515625,-0.244140625,0.6591796875,-0.98876953125,-0.146484375,0.9521484375,0.52490234375,-0.3173828125,0.20751953125,-0.57373046875,-0.20751953125,0.18310546875,-0.37841796875,0.9765625,-0.42724609375,-0.537109375,-0.03662109375,-0.1953125,0.1708984375,-0.84228515625,-0.146484375,0.81787109375,-0.67138671875,0.2197265625,0.32958984375,0.146484375,-0.28076171875,-0.78125,-0.4638671875,1.30615234375,-0.13427734375,1.86767578125,-0.35400390625,-0.1953125,0.0244140625,-0.64697265625,-0.35400390625,-0.37841796875,0.048828125,0.6591796875,0.2685546875,4.5166015625,-0.08544921875,3.77197265625,0.3173828125,0.81787109375,2.69775390625,7.09228515625,0.146484375,0.64697265625,0.634765625,0.57373046875,0.3662109375,0.5615234375,-0.9033203125,0.927734375,-3.955078125,3.67431640625,-0.5615234375,3.90625,-0.78125,0.29296875,0.74462890625,0.47607421875,-0.146484375,0.13427734375,-0.40283203125,0.93994140625,0.439453125,-0.03662109375,-0.2685546875,1.1474609375,0.1220703125,-0.87890625,0.634765625,-0.45166015625,0.74462890625,0.06103515625,-3.21044921875,1.25732421875,0.1220703125,-1.5380859375,-0.08544921875,0.4638671875,-0.28076171875,-0.1708984375,0.2197265625,-1.025390625,0.08544921875,-0.67138671875,0.06103515625,-0.67138671875,0.01220703125,-0.634765625,0,0.048828125,-0.06103515625,-0.146484375,0.1220703125,-0.89111328125,0.15869140625,-0.40283203125,-0.08544921875,1.35498046875,0,0.40283203125,-0.47607421875,0.0244140625,-0.0732421875,0.048828125,-0.1708984375,0.09765625,-0.1220703125,-0.0732421875,-0.06103515625,0.78125,0.0244140625,-0.59814453125,0.048828125,-0.5615234375
1,0.45166015625,-0.35400390625,0.4150390625,-0.2685546875,-0.537109375,-0.29296875,-0.45166015625,0.06103515625,0.08544921875,-0.23193359375,0.6103515625,-0.98876953125,-0.08544921875,0.93994140625,0.40283203125,-0.341796875,0.25634765625,-0.59814453125,-0.35400390625,0.0732421875,-0.50048828125,0.93994140625,-0.5615234375,-0.5615234375,-0.06103515625,-0.18310546875,0.15869140625,-0.830078125,-0.146484375,0.8544921875,-0.69580078125,0.2197265625,0.35400390625,0.146484375,-0.30517578125,-0.76904296875,-0.54931640625,1.42822265625,-0.20751953125,1.08642578125,-0.42724609375,-0.2197265625,0.01220703125,-0.64697265625,-0.341796875,-0.37841796875,0.146484375,0.67138671875,0.5126953125,4.16259765625,0.42724609375,3.515625,0.30517578125,0.87890625,3.125,7.3974609375,0.1220703125,0.64697265625,0.50048828125,0.54931640625,0.40283203125,0.5615234375,-1.20849609375,0.89111328125,-4.28466796875,3.77197265625,-0.537109375,4.06494140625,-0.68359375,0.2685546875,0.81787109375,0.50048828125,-0.10986328125,0.15869140625,-0.35400390625,1.03759765625,0.54931640625,-0.0244140625,-0.2197265625,1.15966796875,-0.03662109375,-0.830078125,0.64697265625,-0.439453125,0.45166015625,-0.1220703125,-2.6123046875,0.50048828125,0.09765625,-1.5380859375,0.0732421875,0.439453125,-0.3662109375,-0.146484375,0.1953125,-1.0009765625,0.0244140625,-0.68359375,0.03662109375,-0.62255859375,0.01220703125,-0.64697265625,-0.01220703125,0.0732421875,-0.03662109375,-0.32958984375,0.18310546875,-1.0498046875,0.146484375,-0.62255859375,-0.09765625,1.0986328125,0,0.37841796875,-0.4150390625,0.01220703125,-0.0732421875,0.048828125,-0.15869140625,0.09765625,-0.10986328125,-0.08544921875,-0.048828125,0.78125,0.0732421875,-0.62255859375,0.09765625,-0.52490234375
1,0.37841796875,-0.35400390625,0.390625,-0.29296875,-0.6103515625,-0.2685546875,-0.54931640625,0.03662109375,0.08544921875,-0.23193359375,0.537109375,-0.9521484375,-0.06103515625,0.91552734375,0.28076171875,-0.32958984375,0.32958984375,-0.67138671875,-0.48828125,-0.0244140625,-0.7568359375,0.927734375,-0.52490234375,-0.59814453125,-0.08544921875,-0.1953125,0.1708984375,-0.830078125,-0.18310546875,0.86669921875,-0.54931640625,0.20751953125,0.4638671875,0.18310546875,-0.3173828125,-0.78125,-0.4150390625,1.57470703125,-0.42724609375,0.439453125,-0.48828125,-0.2197265625,0,-0.64697265625,-0.3173828125,-0.3662109375,0.25634765625,0.6591796875,0.72021484375,3.72314453125,0.2685546875,3.2958984375,0.1953125,0.9765625,3.62548828125,7.275390625,0.06103515625,0.6591796875,0.341796875,0.537109375,0.45166015625,0.5615234375,-0.93994140625,0.84228515625,-5.04150390625,3.96728515625,-0.6591796875,4.443359375,-0.47607421875,0.25634765625,0.830078125,0.50048828125,-0.09765625,0.1953125,-0.32958984375,1.0498046875,0.6591796875,-0.03662109375,-0.18310546875,1.18408203125,-0.146484375,-0.74462890625,0.69580078125,-0.439453125,0.2685546875,-0.1953125,-3.22265625,0.048828125,-0.0244140625,-1.5380859375,0.0244140625,0.42724609375,-0.42724609375,-0.15869140625,0.13427734375,-1.01318359375,-0.03662109375,-0.68359375,0.0244140625,-0.5859375,0,-0.67138671875,-0.03662109375,0.06103515625,0.03662109375,-0.439453125,0.1953125,-1.0986328125,0.146484375,-0.74462890625,-0.0732421875,0.91552734375,-0.01220703125,0.37841796875,-0.42724609375,0.01220703125,-0.08544921875,0.06103515625,-0.13427734375,0.10986328125,-0.15869140625,-0.06103515625,-0.06103515625,0.8056640625,0.08544921875,-0.64697265625,0.06103515625,-0.48828125
0,0.341796875,-0.35400390625,0.390625,-0.29296875,-0.76904296875,-0.25634765625,-0.52490234375,0.0244140625,0.09765625,-0.23193359375,0.40283203125,-0.96435546875,-0.1708984375,0.86669921875,0.1708984375,-0.3173828125,0.3662109375,-0.7080078125,-0.6591796875,-0.13427734375,-1.08642578125,0.9521484375,-0.40283203125,-0.62255859375,-0.10986328125,-0.1953125,0.1708984375,-0.8544921875,-0.2197265625,0.9033203125,-0.32958984375,0.18310546875,0.7080078125,0.20751953125,-0.30517578125,-0.78125,-1.0986328125,1.77001953125,-0.57373046875,0.01220703125,-0.48828125,-0.2197265625,-0.01220703125,-0.634765625,-0.2685546875,-0.40283203125,0.30517578125,0.64697265625,0.634765625,3.1982421875,0.86669921875,3.16162109375,-0.10986328125,1.06201171875,3.38134765625,6.65283203125,-0.048828125,0.67138671875,0.1708984375,0.54931640625,0.35400390625,0.5859375,-0.732421875,0.78125,-5.6884765625,4.2236328125,-0.2685546875,4.96826171875,-0.1220703125,0.23193359375,0.7568359375,0.52490234375,-0.09765625,0.23193359375,-0.32958984375,1.03759765625,0.67138671875,-0.03662109375,-0.10986328125,1.1962890625,-0.15869140625,-0.67138671875,0.69580078125,-0.45166015625,0.48828125,-0.1708984375,-3.57666015625,-0.06103515625,-0.0732421875,-1.513671875,0.01220703125,0.390625,-0.40283203125,-0.18310546875,0.10986328125,-1.01318359375,-0.09765625,-0.72021484375,0,-0.57373046875,-0.03662109375,-0.7080078125,-0.03662109375,0.06103515625,0.13427734375,-0.439453125,0.10986328125,-0.93994140625,0.146484375,-0.78125,-0.06103515625,0.86669921875,0.01220703125,0.3662109375,-0.4150390625,0,-0.0732421875,0.0732421875,-0.13427734375,0.10986328125,-0.146484375,-0.0244140625,-0.03662109375,0.8544921875,0.09765625,-0.64697265625,0.0732421875,-0.439453125
0,0.35400390625,-0.3662109375,0.37841796875,-0.28076171875,-0.79345703125,-0.244140625,-0.40283203125,0.0244140625,0.10986328125,-0.23193359375,0.2685546875,-0.9765625,-0.08544921875,0.8544921875,0.09765625,-0.3173828125,0.341796875,-0.72021484375,-0.67138671875,-0.146484375,-1.33056640625,0.9521484375,-0.1953125,-0.59814453125,-0.18310546875,-0.20751953125,0.146484375,-0.84228515625,-0.1953125,0.87890625,-0.15869140625,0.18310546875,1.18408203125,0.244140625,-0.25634765625,-0.79345703125,-1.0498046875,1.94091796875,-0.10986328125,-0.18310546875,-0.4638671875,-0.2197265625,0.0244140625,-0.62255859375,-0.146484375,-0.4150390625,0.30517578125,0.64697265625,0.5126953125,2.6611328125,0.732421875,3.11279296875,-0.5126953125,1.07421875,2.99072265625,5.615234375,-0.146484375,0.69580078125,0.08544921875,0.54931640625,0.244140625,0.5859375,-0.67138671875,0.72021484375,-5.33447265625,4.4677734375,0.341796875,5.57861328125,0.20751953125,0.2685546875,0.57373046875,0.52490234375,-0.1708984375,0.244140625,-0.3173828125,0.927734375,0.57373046875,-0.0732421875,-0.03662109375,1.18408203125,-0.13427734375,-0.5859375,0.5859375,-0.4638671875,0.78125,0.0244140625,-2.6123046875,0.15869140625,-0.15869140625,-1.52587890625,-0.048828125,0.40283203125,-0.3662109375,-0.20751953125,0.1708984375,-1.025390625,-0.1220703125,-0.72021484375,0,-0.5859375,-0.0244140625,-0.72021484375,-0.0244140625,0.048828125,0.1220703125,-0.28076171875,-0.0244140625,-0.57373046875,0.08544921875,-0.67138671875,-0.0732421875,1.025390625,0.01220703125,0.40283203125,-0.47607421875,0.01220703125,-0.0732421875,0.03662109375,-0.1953125,0.13427734375,-0.10986328125,0.048828125,0.0244140625,0.86669921875,0.09765625,-0.59814453125,0.10986328125,-0.32958984375
0,0.37841796875,-0.35400390625,0.28076171875,-0.29296875,-0.830078125,-0.244140625,-0.40283203125,-0.01220703125,0.09765625,-0.2197265625,0.1953125,-0.98876953125,-0.20751953125,0.84228515625,-0.0244140625,-0.341796875,0.35400390625,-0.7080078125,-0.59814453125,-0.1220703125,-1.611328125,1.01318359375,-0.048828125,-0.54931640625,-0.2197265625,-0.1953125,0.09765625,-0.84228515625,-0.1953125,0.8544921875,-0.01220703125,0.18310546875,1.513671875,0.2685546875,-0.146484375,-0.79345703125,-1.1474609375,2.11181640625,0.03662109375,-0.13427734375,-0.42724609375,-0.2197265625,0.06103515625,-0.62255859375,0.0244140625,-0.439453125,0.2685546875,0.6591796875,0.40283203125,2.16064453125,0.68359375,3.125,-0.76904296875,0.927734375,2.96630859375,4.248046875,-0.2197265625,0.7080078125,-0.01220703125,0.537109375,0.10986328125,0.59814453125,-0.10986328125,0.64697265625,-5.1025390625,4.62646484375,0.537109375,6.16455078125,0.3662109375,0.244140625,0.47607421875,0.48828125,-0.244140625,0.244140625,-0.35400390625,0.81787109375,0.48828125,-0.0732421875,0,1.20849609375,-0.10986328125,-0.48828125,0.5615234375,-0.48828125,0.45166015625,0.390625,-2.783203125,0.7080078125,-0.23193359375,-1.50146484375,-0.20751953125,0.45166015625,-0.35400390625,-0.2197265625,0.2197265625,-1.03759765625,-0.146484375,-0.72021484375,0.03662109375,-0.5859375,0.01220703125,-0.732421875,-0.01220703125,0.06103515625,0.1220703125,0.10986328125,-0.048828125,0.03662109375,0.0244140625,-0.37841796875,-0.08544921875,1.40380859375,0.048828125,0.390625,-0.54931640625,0.01220703125,-0.06103515625,0.06103515625,-0.18310546875,0.146484375,-0.10986328125,0.13427734375,0.06103515625,0.93994140625,0.08544921875,-0.50048828125,0.09765625,-0.244140625
0,0.390625,-0.341796875,0.2197265625,-0.29296875,-0.84228515625,-0.23193359375,-0.18310546875,0.01220703125,0.146484375,-0.23193359375,0.13427734375,-1.01318359375,-0.28076171875,0.86669921875,-0.1708984375,-0.32958984375,0.29296875,-0.64697265625,-0.5615234375,-0.01220703125,-1.7578125,1.06201171875,0.0244140625,-0.48828125,-0.20751953125,-0.20751953125,0.01220703125,-0.830078125,-0.1220703125,0.86669921875,0.13427734375,0.18310546875,1.64794921875,0.2685546875,-0.09765625,-0.78125,-0.9765625,2.24609375,0.29296875,0.13427734375,-0.341796875,-0.1953125,0.1708984375,-0.6103515625,0.1708984375,-0.42724609375,0.25634765625,0.6591796875,0.1708984375,1.67236328125,0.48828125,3.173828125,-1.025390625,0.7080078125,3.08837890625,2.83203125,-0.1953125,0.732421875,-0.0244140625,0.54931640625,-0.048828125,0.6103515625,-0.08544921875,0.54931640625,-5.55419921875,4.6142578125,0.48828125,6.591796875,0.47607421875,0.25634765625,0.439453125,0.439453125,-0.28076171875,0.2197265625,-0.40283203125,0.74462890625,0.341796875,-0.08544921875,0.0244140625,1.20849609375,-0.048828125,-0.40283203125,0.52490234375,-0.47607421875,0.2685546875,0.9521484375,-2.86865234375,1.4892578125,-0.2685546875,-1.4892578125,-0.32958984375,0.537109375,-0.3173828125,-0.25634765625,0.1708984375,-1.06201171875,-0.15869140625,-0.72021484375,0.06103515625,-0.59814453125,0.03662109375,-0.74462890625,0.01220703125,0.048828125,0.06103515625,0.64697265625,0.048828125,0.9033203125,-0.01220703125,0.06103515625,-0.09765625,2.01416015625,0.048828125,0.4150390625,-0.59814453125,0.03662109375,-0.0732421875,0.03662109375,-0.20751953125,0.15869140625,-0.06103515625,0.25634765625,0.0732421875,1.0009765625,0.048828125,-0.40283203125,0.09765625,-0.13427734375
0,0.45166015625,-0.341796875,0.1953125,-0.28076171875,-0.79345703125,-0.2197265625,-0.29296875,0.0244140625,0.25634765625,-0.2197265625,0.06103515625,-1.01318359375,-0.47607421875,0.87890625,-0.28076171875,-0.341796875,0.2197265625,-0.5859375,-0.30517578125,0.10986328125,-1.85546875,1.123046875,0.01220703125,-0.45166015625,-0.1953125,-0.20751953125,-0.0732421875,-0.830078125,-0.06103515625,0.86669921875,0.35400390625,0.18310546875,1.7578125,0.28076171875,-0.10986328125,-0.79345703125,-0.42724609375,2.294921875,0.54931640625,0.52490234375,-0.244140625,-0.2197265625,0.25634765625,-0.634765625,0.3173828125,-0.439453125,0.2197265625,0.67138671875,-0.1220703125,1.2939453125,0.439453125,3.18603515625,-1.416015625,0.35400390625,3.25927734375,1.513671875,-0.15869140625,0.74462890625,-0.03662109375,0.57373046875,-0.15869140625,0.62255859375,-0.25634765625,0.5126953125,-5.7861328125,4.4677734375,0.59814453125,6.8115234375,0.62255859375,0.244140625,0.5859375,0.35400390625,-0.32958984375,0.18310546875,-0.4638671875,0.7080078125,0.20751953125,-0.08544921875,0.0244140625,1.18408203125,0.08544921875,-0.3173828125,0.42724609375,-0.48828125,0.40283203125,1.64794921875,-3.45458984375,2.392578125,-0.341796875,-1.4892578125,-0.57373046875,0.64697265625,-0.2197265625,-0.28076171875,0.08544921875,-1.07421875,-0.15869140625,-0.72021484375,0.09765625,-0.62255859375,0.0732421875,-0.72021484375,0.01220703125,0.0244140625,0.0244140625,1.35498046875,0.13427734375,1.953125,-0.0244140625,0.6591796875,-0.10986328125,2.8076171875,0.01220703125,0.4150390625,-0.62255859375,0.03662109375,-0.08544921875,0.048828125,-0.1953125,0.1708984375,-0.01220703125,0.37841796875,0.0732421875,1.06201171875,0.03662109375,-0.30517578125,0.10986328125,-0.03662109375
0,0.4638671875,-0.3662109375,0.23193359375,-0.28076171875,-0.6103515625,-0.23193359375,-0.341796875,0.06103515625,0.35400390625,-0.20751953125,-0.048828125,-1.03759765625,-0.68359375,0.91552734375,-0.35400390625,-0.30517578125,0.15869140625,-0.5126953125,-0.1708984375,0.25634765625,-1.8798828125,1.18408203125,0,-0.37841796875,-0.1708984375,-0.2197265625,-0.146484375,-0.84228515625,0.01220703125,0.8544921875,0.48828125,0.1953125,1.79443359375,0.30517578125,-0.1220703125,-0.79345703125,-0.32958984375,2.3193359375,0.37841796875,0.9521484375,-0.15869140625,-0.2197265625,0.30517578125,-0.6103515625,0.4150390625,-0.42724609375,0.1953125,0.6591796875,-0.634765625,1.0498046875,0.3173828125,3.11279296875,-1.72119140625,-0.0244140625,3.30810546875,0.5126953125,-0.09765625,0.732421875,0,0.57373046875,-0.2197265625,0.64697265625,-0.13427734375,0.4638671875,-6.0546875,4.08935546875,0.91552734375,6.72607421875,0.69580078125,0.25634765625,0.78125,0.29296875,-0.341796875,0.13427734375,-0.52490234375,0.7080078125,0.03662109375,-0.0732421875,-0.048828125,1.1962890625,0.244140625,-0.20751953125,0.244140625,-0.4638671875,0.7568359375,2.44140625,-3.02734375,3.28369140625,-0.4638671875,-1.50146484375,-0.79345703125,0.81787109375,-0.13427734375,-0.25634765625,0.03662109375,-1.08642578125,-0.1708984375,-0.68359375,0.10986328125,-0.64697265625,0.08544921875,-0.68359375,0,0.0244140625,-0.01220703125,2.1240234375,0.15869140625,3.11279296875,-0.1220703125,1.2939453125,-0.10986328125,3.662109375,-0.01220703125,0.40283203125,-0.68359375,0.03662109375,-0.0732421875,0.0732421875,-0.2197265625,0.1708984375,0.03662109375,0.47607421875,0.09765625,1.123046875,0.0244140625,-0.1953125,0.0732421875,0.048828125
0,0.439453125,-0.3662109375,0.244140625,-0.25634765625,-0.439453125,-0.244140625,-0.32958984375,0.10986328125,0.5126953125,-0.1953125,-0.10986328125,-1.03759765625,-0.79345703125,0.93994140625,-0.390625,-0.28076171875,0.146484375,-0.4638671875,-0.0244140625,0.341796875,-1.84326171875,1.1962890625,-0.048828125,-0.35400390625,-0.10986328125,-0.1953125,-0.1953125,-0.84228515625,0.0732421875,0.8544921875,0.62255859375,0.20751953125,1.7333984375,0.29296875,-0.10986328125,-0.78125,-0.10986328125,2.28271484375,0.62255859375,1.33056640625,-0.09765625,-0.23193359375,0.3662109375,-0.62255859375,0.48828125,-0.45166015625,0.146484375,0.67138671875,-1.06201171875,0.9521484375,0.47607421875,2.99072265625,-1.98974609375,-0.3662109375,2.9541015625,0.03662109375,-0.0244140625,0.732421875,0.146484375,0.59814453125,-0.146484375,0.62255859375,-0.25634765625,0.4638671875,-4.638671875,3.5400390625,1.220703125,6.35986328125,0.76904296875,0.244140625,1.01318359375,0.25634765625,-0.42724609375,0.09765625,-0.5615234375,0.7568359375,-0.08544921875,-0.06103515625,-0.13427734375,1.171875,0.3662109375,-0.1220703125,0.146484375,-0.45166015625,1.3916015625,3.2470703125,-2.69775390625,4.08935546875,-0.52490234375,-1.52587890625,-0.76904296875,0.93994140625,-0.10986328125,-0.25634765625,0.0732421875,-1.07421875,-0.20751953125,-0.68359375,0.1220703125,-0.634765625,0.10986328125,-0.64697265625,-0.0244140625,0.03662109375,-0.0244140625,2.9052734375,0.13427734375,4.296875,-0.2197265625,1.96533203125,-0.08544921875,4.52880859375,-0.06103515625,0.390625,-0.732421875,0.0244140625,-0.0732421875,0.06103515625,-0.3173828125,0.146484375,0.0732421875,0.537109375,0.06103515625,1.11083984375,0.01220703125,-0.146484375,0.03662109375,0.0732421875
0,0.37841796875,-0.3662109375,0.25634765625,-0.25634765625,-0.48828125,-0.244140625,-0.23193359375,0.146484375,0.5859375,-0.20751953125,-0.13427734375,-1.03759765625,-0.9033203125,0.93994140625,-0.35400390625,-0.25634765625,0.15869140625,-0.439453125,0.18310546875,0.3662109375,-1.806640625,1.171875,-0.06103515625,-0.37841796875,-0.1220703125,-0.1953125,-0.20751953125,-0.8544921875,0.1708984375,0.86669921875,0.732421875,0.1953125,1.513671875,0.341796875,-0.048828125,-0.78125,0.146484375,2.20947265625,0.86669921875,1.5625,-0.08544921875,-0.244140625,0.4150390625,-0.6103515625,0.48828125,-0.439453125,0.09765625,0.6591796875,-1.26953125,1.025390625,0.32958984375,2.83203125,-1.94091796875,-0.57373046875,2.23388671875,0.18310546875,0.01220703125,0.72021484375,0.30517578125,0.5859375,0.048828125,0.64697265625,-0.06103515625,0.50048828125,-4.541015625,2.9052734375,0.8544921875,5.7373046875,0.76904296875,0.244140625,1.1962890625,0.2197265625,-0.50048828125,0.10986328125,-0.54931640625,0.830078125,-0.08544921875,-0.048828125,-0.244140625,1.171875,0.47607421875,-0.048828125,0.146484375,-0.45166015625,1.28173828125,3.9306640625,-3.4912109375,4.69970703125,-0.47607421875,-1.52587890625,-0.7568359375,1.11083984375,-0.0732421875,-0.25634765625,0.0732421875,-1.08642578125,-0.18310546875,-0.68359375,0.10986328125,-0.64697265625,0.10986328125,-0.6103515625,-0.06103515625,0.048828125,-0.0244140625,3.60107421875,0.048828125,5.3955078125,-0.29296875,2.55126953125,-0.048828125,5.31005859375,-0.15869140625,0.37841796875,-0.732421875,0.01220703125,-0.06103515625,0.0732421875,-0.40283203125,0.13427734375,0.10986328125,0.537109375,0.048828125,1.1474609375,0,-0.13427734375,0.0244140625,0.0732421875
0,0.29296875,-0.3662109375,0.25634765625,-0.23193359375,-0.52490234375,-0.28076171875,-0.1708984375,0.1708984375,0.5615234375,-0.20751953125,-0.146484375,-1.03759765625,-0.98876953125,0.9765625,-0.29296875,-0.2197265625,0.10986328125,-0.48828125,0.2197265625,0.341796875,-1.7578125,1.11083984375,-0.03662109375,-0.4150390625,-0.146484375,-0.18310546875,-0.2197265625,-0.84228515625,0.25634765625,0.86669921875,0.76904296875,0.20751953125,1.2939453125,0.341796875,0.0244140625,-0.78125,0.30517578125,2.13623046875,0.87890625,1.59912109375,-0.0732421875,-0.2197265625,0.47607421875,-0.62255859375,0.4150390625,-0.45166015625,0.03662109375,0.67138671875,-1.2451171875,1.30615234375,0.0732421875,2.67333984375,-1.86767578125,-0.5859375,1.3671875,0.93994140625,0.0244140625,0.69580078125,0.50048828125,0.5615234375,0.20751953125,0.59814453125,-0.1220703125,0.5859375,-3.89404296875,2.2216796875,0.96435546875,4.94384765625,0.6591796875,0.23193359375,1.171875,0.244140625,-0.537109375,0.09765625,-0.5615234375,0.9521484375,-0.10986328125,-0.03662109375,-0.29296875,1.15966796875,0.54931640625,0.03662109375,0.048828125,-0.47607421875,0.8544921875,4.43115234375,-3.67431640625,5.0048828125,-0.390625,-1.52587890625,-0.7568359375,1.220703125,-0.03662109375,-0.244140625,0.048828125,-1.07421875,-0.146484375,-0.68359375,0.13427734375,-0.634765625,0.09765625,-0.6103515625,-0.06103515625,0.06103515625,-0.048828125,4.16259765625,-0.08544921875,6.31103515625,-0.37841796875,3.03955078125,-0.08544921875,5.92041015625,-0.23193359375,0.37841796875,-0.79345703125,0.0244140625,-0.0732421875,0.048828125,-0.390625,0.10986328125,0.1708984375,0.48828125,0.048828125,1.123046875,0,-0.1953125,-0.01220703125,0.01220703125
0,0.18310546875,-0.3662109375,0.29296875,-0.23193359375,-0.37841796875,-0.29296875,-0.1953125,0.1953125,0.57373046875,-0.20751953125,-0.146484375,-1.03759765625,-1.07421875,0.96435546875,-0.2685546875,-0.1953125,0.0732421875,-0.537109375,0.2685546875,0.2685546875,-1.72119140625,1.03759765625,-0.0244140625,-0.48828125,-0.146484375,-0.18310546875,-0.28076171875,-0.8544921875,0.29296875,0.86669921875,0.7080078125,0.1953125,1.03759765625,0.35400390625,0.08544921875,-0.8056640625,0.59814453125,2.05078125,0.87890625,1.4404296875,-0.048828125,-0.2197265625,0.59814453125,-0.62255859375,0.28076171875,-0.42724609375,-0.06103515625,0.6591796875,-0.9521484375,1.72119140625,-0.28076171875,2.57568359375,-1.59912109375,-0.40283203125,0.69580078125,2.20947265625,0.048828125,0.68359375,0.72021484375,0.57373046875,0.37841796875,0.59814453125,-0.06103515625,0.732421875,-4.4921875,1.6357421875,0.1220703125,4.0771484375,0.5615234375,0.23193359375,1.0498046875,0.30517578125,-0.4638671875,0.13427734375,-0.57373046875,1.025390625,-0.13427734375,-0.01220703125,-0.3173828125,1.15966796875,0.45166015625,0.10986328125,-0.03662109375,-0.48828125,1.220703125,4.7119140625,-4.47998046875,5.078125,-0.30517578125,-1.5380859375,-0.79345703125,1.26953125,-0.01220703125,-0.2197265625,0.048828125,-1.06201171875,-0.06103515625,-0.68359375,0.1220703125,-0.634765625,0.09765625,-0.59814453125,-0.048828125,0.03662109375,-0.06103515625,4.52880859375,-0.1708984375,6.982421875,-0.42724609375,3.30810546875,-0.10986328125,6.298828125,-0.32958984375,0.35400390625,-0.81787109375,0.01220703125,-0.0732421875,0.048828125,-0.47607421875,0.10986328125,0.146484375,0.40283203125,0.01220703125,1.0498046875,-0.01220703125,-0.29296875,-0.048828125,-0.10986328125
0,0.08544921875,-0.35400390625,0.28076171875,-0.20751953125,-0.28076171875,-0.32958984375,-0.18310546875,0.20751953125,0.5859375,-0.20751953125,-0.048828125,-1.01318359375,-0.98876953125,0.9521484375,-0.3173828125,-0.1953125,0,-0.59814453125,0.15869140625,0.244140625,-1.7333984375,0.96435546875,-0.01220703125,-0.52490234375,-0.1953125,-0.1708984375,-0.341796875,-0.8544921875,0.28076171875,0.86669921875,0.4638671875,0.20751953125,0.72021484375,0.3662109375,0.146484375,-0.78125,0.89111328125,2.001953125,0.7568359375,1.123046875,-0.06103515625,-0.20751953125,0.6591796875,-0.62255859375,0.1220703125,-0.439453125,-0.15869140625,0.64697265625,-0.732421875,2.2705078125,-0.3173828125,2.64892578125,-1.25732421875,-0.01220703125,-0.01220703125,3.857421875,0.08544921875,0.67138671875,0.87890625,0.57373046875,0.52490234375,0.5859375,-0.03662109375,0.9033203125,-3.80859375,1.15966796875,-0.390625,3.25927734375,0.439453125,0.23193359375,0.81787109375,0.3662109375,-0.35400390625,0.1708984375,-0.59814453125,1.08642578125,-0.0732421875,-0.01220703125,-0.3662109375,1.171875,0.244140625,0.20751953125,0,-0.5126953125,0.76904296875,4.69970703125,-4.931640625,4.89501953125,-0.3662109375,-1.5380859375,-0.50048828125,1.220703125,0.01220703125,-0.1953125,0.06103515625,-1.0498046875,0.048828125,-0.69580078125,0.048828125,-0.6103515625,0.08544921875,-0.59814453125,-0.03662109375,0.0244140625,-0.08544921875,4.6875,-0.0732421875,7.36083984375,-0.37841796875,3.466796875,-0.08544921875,6.45751953125,-0.3662109375,0.3662109375,-0.72021484375,0.0244140625,-0.06103515625,0.03662109375,-0.30517578125,0.10986328125,0.146484375,0.2685546875,0.0244140625,0.9765625,-0.01220703125,-0.42724609375,-0.03662109375,-0.23193359375
1,0.0244140625,-0.3662109375,0.28076171875,-0.2197265625,-0.25634765625,-0.35400390625,-0.244140625,0.1953125,0.57373046875,-0.20751953125,0.13427734375,-1.01318359375,-0.93994140625,0.96435546875,-0.341796875,-0.2197265625,-0.0732421875,-0.62255859375,0.1220703125,0.29296875,-1.64794921875,0.87890625,-0.01220703125,-0.5615234375,-0.20751953125,-0.15869140625,-0.40283203125,-0.8544921875,0.15869140625,0.87890625,0.08544921875,0.1953125,0.52490234375,0.341796875,0.18310546875,-0.78125,0.927734375,1.9287109375,0.62255859375,0.7080078125,-0.06103515625,-0.18310546875,0.67138671875,-0.62255859375,0.0732421875,-0.439453125,-0.1953125,0.67138671875,-0.18310546875,2.91748046875,-0.50048828125,2.9296875,-0.76904296875,0.57373046875,-0.76904296875,5.6640625,0.08544921875,0.67138671875,1.0009765625,0.5615234375,0.5859375,0.57373046875,0.28076171875,1.03759765625,-5.04150390625,0.9521484375,0.439453125,2.587890625,0.32958984375,0.23193359375,0.59814453125,0.42724609375,-0.2197265625,0.18310546875,-0.5859375,1.0498046875,-0.0244140625,-0.01220703125,-0.3662109375,1.171875,0.01220703125,0.2685546875,0.0732421875,-0.52490234375,0.72021484375,4.40673828125,-4.60205078125,4.4921875,-0.32958984375,-1.5380859375,-0.35400390625,1.0986328125,0.01220703125,-0.18310546875,0.0244140625,-1.01318359375,0.09765625,-0.69580078125,-0.01220703125,-0.59814453125,0.03662109375,-0.62255859375,-0.01220703125,0.0244140625,-0.0732421875,4.62646484375,0.01220703125,7.43408203125,-0.28076171875,3.41796875,-0.0732421875,6.396484375,-0.341796875,0.3662109375,-0.69580078125,0.0244140625,-0.0732421875,0.01220703125,-0.2685546875,0.08544921875,0.09765625,0.15869140625,-0.03662109375,0.9033203125,-0.048828125,-0.5126953125,-0.01220703125,-0.3662109375
1,-0.048828125,-0.35400390625,0.341796875,-0.23193359375,-0.28076171875,-0.3662109375,-0.3662109375,0.15869140625,0.4638671875,-0.20751953125,0.29296875,-1.0009765625,-0.8056640625,0.9521484375,-0.37841796875,-0.2685546875,-0.20751953125,-0.5859375,0.0244140625,0.48828125,-1.59912109375,0.87890625,-0.048828125,-0.52490234375,-0.23193359375,-0.13427734375,-0.40283203125,-0.8544921875,0.03662109375,0.8544921875,-0.244140625,0.1953125,0.4150390625,0.28076171875,0.23193359375,-0.79345703125,1.2939453125,1.85546875,0.4150390625,0.23193359375,-0.08544921875,-0.1953125,0.64697265625,-0.62255859375,-0.03662109375,-0.45166015625,-0.244140625,0.6591796875,0.146484375,3.57666015625,-0.91552734375,3.47900390625,-0.23193359375,1.2451171875,-1.42822265625,7.4462890625,0.0244140625,0.68359375,1.0986328125,0.5859375,0.57373046875,0.5859375,0.68359375,1.1962890625,-5.419921875,0.96435546875,0.30517578125,2.1484375,0.3662109375,0.23193359375,0.40283203125,0.4638671875,-0.06103515625,0.20751953125,-0.5859375,0.98876953125,0.13427734375,-0.01220703125,-0.28076171875,1.18408203125,-0.048828125,0.30517578125,0.0732421875,-0.52490234375,0.69580078125,3.86962890625,-4.8828125,3.96728515625,-0.40283203125,-1.5380859375,-0.4638671875,0.93994140625,0.048828125,-0.1708984375,-0.06103515625,-1.01318359375,0.1220703125,-0.69580078125,-0.048828125,-0.59814453125,-0.01220703125,-0.634765625,0,0.01220703125,-0.08544921875,4.40673828125,-0.09765625,7.177734375,-0.1953125,3.23486328125,-0.06103515625,6.1279296875,-0.2685546875,0.3662109375,-0.68359375,0.0244140625,-0.06103515625,0.0244140625,-0.3173828125,0.09765625,0.0244140625,0.0732421875,-0.0244140625,0.8544921875,-0.048828125,-0.5859375,0.048828125,-0.47607421875
1,-0.0732421875,-0.35400390625,0.35400390625,-0.244140625,-0.341796875,-0.390625,-0.341796875,0.1220703125,0.37841796875,-0.2197265625,0.3662109375,-1.0009765625,-0.69580078125,0.96435546875,-0.341796875,-0.30517578125,-0.4150390625,-0.42724609375,-0.146484375,0.89111328125,-1.55029296875,0.93994140625,-0.09765625,-0.4150390625,-0.23193359375,-0.146484375,-0.3173828125,-0.86669921875,-0.0732421875,0.86669921875,-0.4638671875,0.18310546875,0.29296875,0.20751953125,0.23193359375,-0.78125,0.76904296875,1.7333984375,0.3173828125,-0.1953125,-0.10986328125,-0.18310546875,0.5859375,-0.634765625,-0.1220703125,-0.42724609375,-0.29296875,0.67138671875,0.2197265625,4.26025390625,-0.5126953125,4.2724609375,0.1953125,1.9287109375,-2.06298828125,9.02099609375,-0.048828125,0.72021484375,1.1474609375,0.5859375,0.50048828125,0.6103515625,0.96435546875,1.318359375,-5.52978515625,1.318359375,-0.15869140625,1.89208984375,0.42724609375,0.2197265625,0.28076171875,0.50048828125,0.06103515625,0.20751953125,-0.537109375,0.87890625,0.29296875,-0.0244140625,-0.1708984375,1.1962890625,0.0244140625,0.32958984375,-0.01220703125,-0.52490234375,0.50048828125,3.18603515625,-4.82177734375,3.40576171875,-0.390625,-1.513671875,-0.32958984375,0.69580078125,0.03662109375,-0.1708984375,-0.0732421875,-1.0009765625,0.15869140625,-0.7080078125,-0.0732421875,-0.5859375,-0.06103515625,-0.67138671875,-0.0244140625,0.01220703125,-0.1220703125,4.04052734375,-0.18310546875,6.72607421875,-0.09765625,2.94189453125,-0.08544921875,5.7373046875,-0.09765625,0.37841796875,-0.64697265625,0.0244140625,-0.06103515625,0.0244140625,-0.29296875,0.08544921875,-0.0244140625,0.0244140625,-0.048828125,0.84228515625,-0.048828125,-0.64697265625,0,-0.54931640625
1,-0.06103515625,-0.35400390625,0.3173828125,-0.244140625,-0.47607421875,-0.37841796875,-0.2685546875,0.08544921875,0.390625,-0.2197265625,0.40283203125,-1.0009765625,-0.69580078125,0.96435546875,-0.3173828125,-0.3173828125,-0.5859375,-0.1708984375,-0.1220703125,1.50146484375,-1.513671875,1.0986328125,-0.23193359375,-0.2197265625,-0.18310546875,-0.146484375,-0.15869140625,-0.8544921875,-0.146484375,0.86669921875,-0.6591796875,0.1953125,0.3662109375,0.1220703125,0.2685546875,-0.79345703125,0.5126953125,1.5625,0.341796875,-0.4638671875,-0.1220703125,-0.1953125,0.5859375,-0.634765625,-0.13427734375,-0.45166015625,-0.32958984375,0.64697265625,0.20751953125,4.8583984375,-0.7080078125,5.2734375,0.537109375,2.55126953125,-2.5634765625,10.24169921875,-0.18310546875,0.74462890625,1.1474609375,0.5859375,0.390625,0.62255859375,1.025390625,1.42822265625,-4.99267578125,1.94091796875,-0.732421875,1.9287109375,0.390625,0.2197265625,0.146484375,0.47607421875,0.1220703125,0.20751953125,-0.439453125,0.79345703125,0.29296875,-0.03662109375,-0.01220703125,1.1962890625,0.29296875,0.29296875,-0.06103515625,-0.52490234375,0.537109375,2.44140625,-3.90625,2.83203125,-0.42724609375,-1.50146484375,-0.4150390625,0.4638671875,-0.0244140625,-0.15869140625,0,-1.0009765625,0.146484375,-0.7080078125,-0.0244140625,-0.5859375,-0.09765625,-0.68359375,-0.0732421875,0,-0.18310546875,3.62548828125,-0.18310546875,6.103515625,-0.03662109375,2.6123046875,-0.09765625,5.322265625,0.048828125,0.40283203125,-0.634765625,0.0244140625,-0.0732421875,0.0244140625,-0.20751953125,0.10986328125,-0.048828125,0.01220703125,-0.06103515625,0.81787109375,-0.03662109375,-0.62255859375,0.01220703125,-0.5615234375
1,0.01220703125,-0.35400390625,0.2197265625,-0.2685546875,-0.6591796875,-0.37841796875,-0.08544921875,0.0732421875,0.32958984375,-0.18310546875,0.4150390625,-1.01318359375,-0.67138671875,0.9765625,-0.20751953125,-0.35400390625,-0.69580078125,0.1953125,-0.15869140625,2.2705078125,-1.3916015625,1.3671875,-0.30517578125,0.08544921875,-0.06103515625,-0.1708984375,0,-0.830078125,-0.1708984375,0.84228515625,-0.76904296875,0.1953125,0.3662109375,0.048828125,0.20751953125,-0.79345703125,0.1953125,1.28173828125,0.4150390625,-0.59814453125,-0.1953125,-0.2197265625,0.54931640625,-0.62255859375,-0.09765625,-0.4638671875,-0.30517578125,0.67138671875,0.634765625,5.35888671875,-0.81787109375,6.4208984375,0.79345703125,3.02734375,-3.0029296875,11.02294921875,-0.3173828125,0.74462890625,1.11083984375,0.5859375,0.37841796875,0.634765625,0.96435546875,1.46484375,-4.9560546875,2.81982421875,-0.927734375,2.1484375,0.3173828125,0.2197265625,0.1708984375,0.4150390625,0.146484375,0.1953125,-0.30517578125,0.67138671875,0.20751953125,-0.06103515625,0.08544921875,1.1962890625,0.4150390625,0.18310546875,0.01220703125,-0.52490234375,0.91552734375,1.74560546875,-3.80859375,2.30712890625,-0.40283203125,-1.4892578125,-0.35400390625,0.2685546875,-0.09765625,-0.1708984375,0.08544921875,-1.01318359375,0.18310546875,-0.72021484375,0.01220703125,-0.59814453125,-0.1220703125,-0.69580078125,-0.1220703125,-0.01220703125,-0.2685546875,3.25927734375,-0.1220703125,5.46875,0.0244140625,2.28271484375,-0.0732421875,4.931640625,0.2197265625,0.42724609375,-0.5859375,0.0244140625,-0.06103515625,0.01220703125,-0.1708984375,0.10986328125,-0.10986328125,0.01220703125,-0.09765625,0.84228515625,-0.0732421875,-0.5615234375,-0.03662109375,-0.537109375
1,0.0732421875,-0.35400390625,0.146484375,-0.28076171875,-0.7080078125,-0.37841796875,-0.09765625,0.0732421875,0.20751953125,-0.20751953125,0.35400390625,-1.01318359375,-0.67138671875,0.9765625,-0.08544921875,-0.3662109375,-0.78125,0.62255859375,-0.2197265625,3.21044921875,-1.3427734375,1.66015625,-0.35400390625,0.42724609375,0.01220703125,-0.15869140625,0.146484375,-0.81787109375,-0.1953125,0.84228515625,-0.81787109375,0.1953125,0.30517578125,0,0.146484375,-0.8056640625,0.08544921875,0.93994140625,0.3173828125,-0.5859375,-0.29296875,-0.244140625,0.52490234375,-0.634765625,-0.15869140625,-0.4638671875,-0.244140625,0.68359375,0.69580078125,5.7373046875,-0.5126953125,7.568359375,1.025390625,3.3203125,-2.86865234375,11.3525390625,-0.50048828125,0.74462890625,1.025390625,0.57373046875,0.3173828125,0.64697265625,1.171875,1.4404296875,-4.98046875,3.86962890625,-0.6103515625,2.5390625,0.30517578125,0.20751953125,0.25634765625,0.341796875,0.10986328125,0.1708984375,-0.2197265625,0.62255859375,0.10986328125,-0.0732421875,0.15869140625,1.1962890625,0.5615234375,0.048828125,0.1953125,-0.50048828125,1.06201171875,1.1474609375,-3.74755859375,1.89208984375,-0.47607421875,-1.45263671875,-0.3173828125,0.1708984375,-0.10986328125,-0.18310546875,0.0732421875,-1.0009765625,0.1708984375,-0.72021484375,0.03662109375,-0.6103515625,-0.1708984375,-0.69580078125,-0.15869140625,0,-0.3173828125,2.94189453125,-0.03662109375,4.8828125,0.03662109375,2.0263671875,-0.09765625,4.60205078125,0.3662109375,0.4150390625,-0.59814453125,0.0244140625,-0.0732421875,0,-0.10986328125,0.09765625,-0.10986328125,0.06103515625,-0.10986328125,0.8544921875,-0.06103515625,-0.48828125,-0.0244140625,-0.4638671875
1,0.09765625,-0.35400390625,0.0732421875,-0.28076171875,-0.72021484375,-0.35400390625,-0.13427734375,0.0732421875,0.20751953125,-0.1953125,0.2197265625,-1.025390625,-0.732421875,1.0009765625,-0.06103515625,-0.3662109375,-0.86669921875,1.123046875,-0.23193359375,4.18701171875,-1.416015625,2.01416015625,-0.42724609375,0.8056640625,0.0732421875,-0.1953125,0.25634765625,-0.81787109375,-0.1953125,0.84228515625,-0.84228515625,0.1953125,0.2685546875,-0.048828125,0.146484375,-0.8056640625,0.244140625,0.5615234375,0.25634765625,-0.47607421875,-0.28076171875,-0.23193359375,0.5126953125,-0.62255859375,-0.146484375,-0.4638671875,-0.18310546875,0.67138671875,0.74462890625,5.99365234375,-0.62255859375,8.544921875,0.69580078125,3.40576171875,-2.392578125,11.26708984375,-0.6591796875,0.7568359375,0.9765625,0.59814453125,0.28076171875,0.6591796875,1.513671875,1.35498046875,-5.0048828125,5.0048828125,-0.3662109375,2.99072265625,0.3662109375,0.2197265625,0.32958984375,0.25634765625,0.09765625,0.146484375,-0.146484375,0.64697265625,0.0244140625,-0.09765625,0.18310546875,1.18408203125,0.634765625,-0.13427734375,0.439453125,-0.50048828125,1.5380859375,0.74462890625,-3.7841796875,1.55029296875,-0.48828125,-1.45263671875,-0.47607421875,0.13427734375,-0.1220703125,-0.20751953125,0.06103515625,-1.025390625,0.1220703125,-0.7080078125,0.0732421875,-0.6591796875,-0.1953125,-0.69580078125,-0.18310546875,0.01220703125,-0.28076171875,2.7587890625,0.1708984375,4.45556640625,0,1.86767578125,-0.09765625,4.40673828125,0.45166015625,0.40283203125,-0.5126953125,0.0244140625,-0.0732421875,0,-0.0732421875,0.08544921875,-0.1220703125,0.09765625,-0.06103515625,0.89111328125,-0.08544921875,-0.439453125,0.01220703125,-0.37841796875
1,0.08544921875,-0.341796875,-0.01220703125,-0.2685546875,-0.72021484375,-0.3173828125,-0.20751953125,0.08544921875,0.1953125,-0.1953125,0.0732421875,-1.01318359375,-0.732421875,1.0009765625,-0.048828125,-0.341796875,-0.86669921875,1.5869140625,-0.10986328125,5.13916015625,-1.35498046875,2.35595703125,-0.4150390625,1.1474609375,0.08544921875,-0.1953125,0.3173828125,-0.81787109375,-0.23193359375,0.8544921875,-0.84228515625,0.1953125,0.40283203125,-0.08544921875,0.15869140625,-0.8056640625,0.25634765625,0.146484375,0.10986328125,-0.244140625,-0.341796875,-0.244140625,0.45166015625,-0.62255859375,-0.146484375,-0.4638671875,-0.09765625,0.67138671875,0.8056640625,6.06689453125,-0.57373046875,9.24072265625,0.37841796875,3.35693359375,-2.0263671875,10.8154296875,-0.87890625,0.74462890625,0.9033203125,0.57373046875,0.23193359375,0.6591796875,1.94091796875,1.220703125,-4.40673828125,6.14013671875,-0.37841796875,3.466796875,0.47607421875,0.23193359375,0.537109375,0.18310546875,0.048828125,0.10986328125,-0.048828125,0.7568359375,-0.08544921875,-0.0732421875,0.1708984375,1.18408203125,0.732421875,-0.341796875,0.732421875,-0.48828125,1.708984375,0.50048828125,-4.3701171875,1.318359375,-0.57373046875,-1.4404296875,-0.439453125,0.18310546875,-0.18310546875,-0.23193359375,0.09765625,-1.025390625,0.06103515625,-0.74462890625,0.08544921875,-0.64697265625,-0.2197265625,-0.6591796875,-0.2197265625,0.01220703125,-0.244140625,2.69775390625,0.1220703125,4.248046875,-0.03662109375,1.8310546875,-0.08544921875,4.3701171875,0.50048828125,0.4150390625,-0.48828125,0.03662109375,-0.06103515625,0,-0.08544921875,0.10986328125,-0.15869140625,0.10986328125,-0.08544921875,0.9033203125,-0.13427734375,-0.3662109375,-0.03662109375,-0.30517578125
1,0.08544921875,-0.35400390625,-0.03662109375,-0.28076171875,-0.62255859375,-0.3173828125,-0.20751953125,0.0732421875,0.1953125,-0.1953125,-0.0244140625,-1.0009765625,-0.86669921875,1.01318359375,-0.0732421875,-0.341796875,-0.74462890625,2.01416015625,-0.09765625,5.94482421875,-1.37939453125,2.6611328125,-0.3662109375,1.45263671875,0.09765625,-0.2197265625,0.3173828125,-0.81787109375,-0.28076171875,0.86669921875,-0.86669921875,0.1953125,0.40283203125,-0.09765625,0.25634765625,-0.81787109375,0.341796875,-0.20751953125,0.09765625,-0.048828125,-0.390625,-0.23193359375,0.4150390625,-0.6103515625,-0.15869140625,-0.48828125,-0.01220703125,0.67138671875,0.91552734375,6.01806640625,-0.390625,9.5458984375,-0.10986328125,3.1494140625,-1.25732421875,10.05859375,-1.025390625,0.72021484375,0.81787109375,0.57373046875,0.15869140625,0.64697265625,2.03857421875,1.03759765625,-4.345703125,7.2265625,-0.15869140625,3.86962890625,0.52490234375,0.23193359375,0.57373046875,0.146484375,0.01220703125,0.0732421875,0.01220703125,0.86669921875,-0.1953125,-0.0732421875,0.15869140625,1.171875,0.78125,-0.52490234375,1.06201171875,-0.47607421875,2.1240234375,0.4638671875,-3.84521484375,1.1962890625,-0.74462890625,-1.416015625,-0.634765625,0.341796875,-0.23193359375,-0.25634765625,0.146484375,-1.025390625,-0.0244140625,-0.732421875,0.1220703125,-0.6591796875,-0.28076171875,-0.634765625,-0.25634765625,0.03662109375,-0.20751953125,2.74658203125,0.0244140625,4.248046875,-0.06103515625,1.89208984375,-0.08544921875,4.443359375,0.47607421875,0.40283203125,-0.45166015625,0.048828125,-0.06103515625,0.01220703125,-0.09765625,0.1220703125,-0.08544921875,0.13427734375,-0.0244140625,0.93994140625,-0.10986328125,-0.3662109375,-0.03662109375,-0.2685546875
1,0.03662109375,-0.341796875,-0.048828125,-0.2685546875,-0.62255859375,-0.30517578125,-0.244140625,0.09765625,0.1220703125,-0.1953125,-0.0732421875,-1.01318359375,-0.9033203125,1.0009765625,-0.10986328125,-0.32958984375,-0.5126953125,2.3193359375,-0.1708984375,6.54296875,-1.40380859375,2.8564453125,-0.2685546875,1.66015625,0.10986328125,-0.244140625,0.25634765625,-0.8056640625,-0.2685546875,0.84228515625,-0.830078125,0.18310546875,0.439453125,-0.10986328125,0.390625,-0.81787109375,0.59814453125,-0.5126953125,-0.01220703125,0.1220703125,-0.4150390625,-0.2197265625,0.40283203125,-0.62255859375,-0.146484375,-0.45166015625,0,0.6591796875,0.9521484375,5.8349609375,-0.64697265625,9.3505859375,-0.390625,2.83203125,-1.025390625,9.11865234375,-1.08642578125,0.72021484375,0.74462890625,0.5615234375,0.0244140625,0.6103515625,2.1240234375,0.8544921875,-3.5888671875,8.11767578125,-0.32958984375,4.19921875,0.57373046875,0.23193359375,0.52490234375,0.1220703125,-0.08544921875,0.09765625,0.08544921875,0.9521484375,-0.25634765625,-0.06103515625,0.0732421875,1.18408203125,0.78125,-0.67138671875,1.2939453125,-0.439453125,2.3681640625,0.54931640625,-4.50439453125,1.13525390625,-0.8056640625,-1.40380859375,-0.81787109375,0.5859375,-0.25634765625,-0.244140625,0.0732421875,-1.0498046875,-0.048828125,-0.72021484375,0.1708984375,-0.634765625,-0.28076171875,-0.634765625,-0.244140625,0.03662109375,-0.13427734375,2.91748046875,-0.0732421875,4.45556640625,-0.10986328125,2.0263671875,-0.08544921875,4.60205078125,0.48828125,0.390625,-0.4150390625,0.048828125,-0.0732421875,0.0244140625,-0.1708984375,0.146484375,-0.0732421875,0.1220703125,0,0.91552734375,-0.10986328125,-0.390625,-0.09765625,-0.244140625
1,0,-0.3662109375,-0.0732421875,-0.25634765625,-0.59814453125,-0.32958984375,-0.1953125,0.09765625,0.048828125,-0.1953125,-0.09765625,-1.01318359375,-1.025390625,0.96435546875,-0.13427734375,-0.29296875,-0.2685546875,2.5146484375,-0.20751953125,6.884765625,-1.3916015625,2.99072265625,-0.048828125,1.77001953125,0.10986328125,-0.23193359375,0.15869140625,-0.81787109375,-0.2197265625,0.8544921875,-0.68359375,0.1953125,0.3173828125,-0.09765625,0.48828125,-0.81787109375,0.72021484375,-0.69580078125,-0.0732421875,0.23193359375,-0.47607421875,-0.1953125,0.4150390625,-0.6103515625,-0.15869140625,-0.439453125,-0.0244140625,0.6591796875,1.220703125,5.5419921875,-0.9765625,8.69140625,-0.2197265625,2.50244140625,-0.8544921875,8.04443359375,-1.0498046875,0.72021484375,0.68359375,0.57373046875,-0.1953125,0.5859375,2.099609375,0.64697265625,-3.8818359375,8.7646484375,-0.40283203125,4.3701171875,0.537109375,0.23193359375,0.4638671875,0.1220703125,-0.146484375,0.09765625,0.09765625,1.0498046875,-0.30517578125,-0.06103515625,-0.0732421875,1.18408203125,0.68359375,-0.8056640625,1.46484375,-0.45166015625,2.392578125,0.68359375,-4.33349609375,1.123046875,-0.79345703125,-1.35498046875,-0.9521484375,0.81787109375,-0.23193359375,-0.244140625,0.03662109375,-1.06201171875,-0.09765625,-0.72021484375,0.23193359375,-0.62255859375,-0.2685546875,-0.64697265625,-0.23193359375,0.03662109375,-0.10986328125,3.1005859375,-0.13427734375,4.69970703125,-0.08544921875,2.16064453125,-0.09765625,4.7607421875,0.390625,0.390625,-0.4150390625,0.06103515625,-0.0732421875,0,-0.1953125,0.15869140625,-0.06103515625,0.08544921875,0.01220703125,0.9033203125,-0.10986328125,-0.439453125,-0.1220703125,-0.244140625
0,-0.0244140625,-0.37841796875,-0.1708984375,-0.25634765625,-0.5126953125,-0.3173828125,-0.048828125,0.08544921875,0.0732421875,-0.23193359375,-0.08544921875,-1.01318359375,-1.01318359375,0.927734375,-0.15869140625,-0.2685546875,-0.0732421875,2.52685546875,-0.1953125,6.982421875,-1.5625,3.0029296875,0.06103515625,1.77001953125,0.048828125,-0.23193359375,0.048828125,-0.8544921875,-0.13427734375,0.8544921875,-0.40283203125,0.1953125,0.13427734375,-0.08544921875,0.4638671875,-0.8056640625,0.9033203125,-0.732421875,-0.0244140625,0.23193359375,-0.439453125,-0.18310546875,0.537109375,-0.62255859375,-0.06103515625,-0.439453125,-0.08544921875,0.634765625,1.0986328125,5.1513671875,-1.25732421875,7.6416015625,-0.0732421875,2.0751953125,-0.3662109375,6.89697265625,-0.86669921875,0.69580078125,0.67138671875,0.5859375,-0.45166015625,0.5859375,2.24609375,0.42724609375,-3.52783203125,9.16748046875,-0.6103515625,4.4189453125,0.50048828125,0.244140625,0.35400390625,0.1708984375,-0.20751953125,0.13427734375,0.10986328125,1.07421875,-0.32958984375,-0.0732421875,-0.1953125,1.171875,0.50048828125,-0.8544921875,1.5380859375,-0.4638671875,2.13623046875,0.8056640625,-4.8583984375,1.23291015625,-0.87890625,-1.318359375,-1.07421875,1.0498046875,-0.15869140625,-0.2197265625,-0.0244140625,-1.07421875,-0.146484375,-0.69580078125,0.2685546875,-0.6103515625,-0.244140625,-0.634765625,-0.20751953125,0.03662109375,-0.08544921875,3.21044921875,-0.0732421875,4.98046875,-0.03662109375,2.28271484375,-0.08544921875,4.8828125,0.3173828125,0.390625,-0.3662109375,0.048828125,-0.0732421875,0.01220703125,-0.23193359375,0.15869140625,-0.01220703125,0.06103515625,-0.01220703125,0.86669921875,-0.09765625,-0.5126953125,-0.146484375,-0.2685546875
0,-0.06103515625,-0.390625,-0.30517578125,-0.244140625,-0.40283203125,-0.341796875,-0.146484375,0.0732421875,0.1708984375,-0.23193359375,0,-1.01318359375,-1.13525390625,0.9033203125,-0.09765625,-0.244140625,0.09765625,2.42919921875,-0.13427734375,6.8115234375,-1.6845703125,2.96630859375,0.2197265625,1.6845703125,-0.048828125,-0.2197265625,-0.048828125,-0.8544921875,-0.06103515625,0.86669921875,-0.06103515625,0.1953125,0.1220703125,-0.08544921875,0.54931640625,-0.8056640625,1.23291015625,-0.6591796875,0,0.1708984375,-0.3662109375,-0.1708984375,0.64697265625,-0.634765625,0.048828125,-0.42724609375,-0.146484375,0.6591796875,1.171875,4.6875,-1.55029296875,6.3720703125,0.13427734375,1.67236328125,-0.244140625,5.712890625,-0.5859375,0.7080078125,0.68359375,0.54931640625,-0.6591796875,0.5615234375,2.30712890625,0.25634765625,-4.18701171875,9.27734375,-0.341796875,4.30908203125,0.4638671875,0.244140625,0.18310546875,0.244140625,-0.2197265625,0.146484375,0.1708984375,1.025390625,-0.35400390625,-0.048828125,-0.3662109375,1.1962890625,0.37841796875,-0.84228515625,1.46484375,-0.439453125,1.96533203125,0.86669921875,-5.2978515625,1.3671875,-0.87890625,-1.26953125,-1.11083984375,1.25732421875,-0.1220703125,-0.20751953125,-0.06103515625,-1.06201171875,-0.1708984375,-0.6591796875,0.2685546875,-0.6103515625,-0.1953125,-0.64697265625,-0.20751953125,0.0244140625,-0.09765625,3.22265625,0.03662109375,5.0537109375,-0.0244140625,2.28271484375,-0.08544921875,4.8828125,0.20751953125,0.390625,-0.37841796875,0.06103515625,-0.0732421875,0.01220703125,-0.244140625,0.1708984375,0,0.048828125,-0.03662109375,0.8544921875,-0.10986328125,-0.54931640625,-0.1953125,-0.28076171875
0,-0.08544921875,-0.37841796875,-0.4150390625,-0.25634765625,-0.29296875,-0.30517578125,-0.2197265625,0.08544921875,0.20751953125,-0.23193359375,0.10986328125,-1.03759765625,-1.1962890625,0.87890625,0.048828125,-0.23193359375,0.20751953125,2.24609375,-0.1953125,6.494140625,-1.81884765625,2.84423828125,0.25634765625,1.513671875,-0.10986328125,-0.20751953125,-0.18310546875,-0.86669921875,-0.03662109375,0.87890625,0.15869140625,0.1953125,0.08544921875,-0.09765625,0.5615234375,-0.79345703125,1.4404296875,-0.47607421875,0.244140625,0.03662109375,-0.35400390625,-0.15869140625,0.7568359375,-0.62255859375,0.15869140625,-0.42724609375,-0.1708984375,0.67138671875,1.06201171875,4.150390625,-1.52587890625,4.99267578125,0.537109375,1.2939453125,0.1220703125,4.58984375,-0.35400390625,0.69580078125,0.69580078125,0.5615234375,-0.69580078125,0.5859375,2.294921875,0.15869140625,-4.2236328125,9.16748046875,-0.30517578125,4.1015625,0.4150390625,0.244140625,0.0244140625,0.3173828125,-0.23193359375,0.1708984375,0.18310546875,0.9521484375,-0.35400390625,-0.06103515625,-0.50048828125,1.20849609375,0.37841796875,-0.79345703125,1.2939453125,-0.45166015625,1.7822265625,0.84228515625,-5.2490234375,1.50146484375,-0.9765625,-1.23291015625,-1.20849609375,1.3916015625,-0.03662109375,-0.20751953125,-0.13427734375,-1.07421875,-0.20751953125,-0.6591796875,0.2197265625,-0.59814453125,-0.13427734375,-0.67138671875,-0.2197265625,0.01220703125,-0.15869140625,3.076171875,0.0244140625,4.89501953125,-0.048828125,2.1484375,-0.10986328125,4.7119140625,0.10986328125,0.37841796875,-0.439453125,0.03662109375,-0.0732421875,0.01220703125,-0.25634765625,0.1953125,0.048828125,0.048828125,-0.08544921875,0.8544921875,-0.146484375,-0.57373046875,-0.09765625,-0.29296875
0,-0.13427734375,-0.390625,-0.4638671875,-0.25634765625,-0.28076171875,-0.30517578125,-0.3662109375,0.048828125,0.25634765625,-0.23193359375,0.13427734375,-1.025390625,-1.15966796875,0.8544921875,0.146484375,-0.25634765625,0.244140625,2.01416015625,-0.18310546875,6.103515625,-2.03857421875,2.69775390625,0.20751953125,1.3427734375,-0.1708984375,-0.1708984375,-0.23193359375,-0.8544921875,-0.0732421875,0.87890625,0.35400390625,0.1953125,0.2685546875,-0.1220703125,0.67138671875,-0.8056640625,1.57470703125,-0.20751953125,0.57373046875,-0.08544921875,-0.23193359375,-0.1220703125,0.8056640625,-0.62255859375,0.25634765625,-0.40283203125,-0.20751953125,0.68359375,0.98876953125,3.60107421875,-1.40380859375,3.7841796875,0.62255859375,0.87890625,-0.1220703125,3.55224609375,-0.23193359375,0.7080078125,0.74462890625,0.5615234375,-0.69580078125,0.6103515625,2.23388671875,0.09765625,-4.43115234375,8.85009765625,-0.10986328125,3.77197265625,0.37841796875,0.23193359375,-0.15869140625,0.3662109375,-0.1953125,0.1953125,0.2197265625,0.8056640625,-0.30517578125,-0.0732421875,-0.45166015625,1.20849609375,0.15869140625,-0.72021484375,1.0009765625,-0.42724609375,1.4892578125,0.74462890625,-5.4443359375,1.67236328125,-0.9033203125,-1.220703125,-1.1962890625,1.3916015625,0.01220703125,-0.18310546875,-0.10986328125,-1.07421875,-0.25634765625,-0.62255859375,0.20751953125,-0.6103515625,-0.0732421875,-0.67138671875,-0.28076171875,0.0244140625,-0.13427734375,2.72216796875,0.09765625,4.35791015625,-0.0244140625,1.86767578125,-0.09765625,4.33349609375,0.0244140625,0.390625,-0.42724609375,0.03662109375,-0.08544921875,0.0244140625,-0.30517578125,0.1708984375,0.08544921875,0.08544921875,-0.1220703125,0.87890625,-0.1220703125,-0.5615234375,0.048828125,-0.2685546875
0,-0.146484375,-0.3662109375,-0.54931640625,-0.25634765625,-0.4638671875,-0.32958984375,-0.20751953125,0.048828125,0.30517578125,-0.2197265625,0.146484375,-1.01318359375,-1.1962890625,0.8544921875,0.20751953125,-0.28076171875,0.1953125,1.79443359375,-0.146484375,5.67626953125,-2.1484375,2.55126953125,0.13427734375,1.18408203125,-0.18310546875,-0.146484375,-0.3173828125,-0.830078125,-0.09765625,0.87890625,0.40283203125,0.1953125,0.439453125,-0.13427734375,0.81787109375,-0.79345703125,1.5380859375,0.048828125,1.025390625,-0.1953125,-0.20751953125,-0.10986328125,0.87890625,-0.64697265625,0.30517578125,-0.40283203125,-0.2197265625,0.7080078125,0.64697265625,3.01513671875,-1.2451171875,2.86865234375,0.5615234375,0.48828125,-0.84228515625,2.72216796875,-0.1708984375,0.74462890625,0.86669921875,0.54931640625,-0.67138671875,0.67138671875,2.3193359375,0.08544921875,-4.16259765625,8.41064453125,0.0732421875,3.43017578125,0.28076171875,0.20751953125,-0.30517578125,0.439453125,-0.1220703125,0.18310546875,0.29296875,0.68359375,-0.37841796875,-0.0732421875,-0.30517578125,1.20849609375,0.09765625,-0.67138671875,0.62255859375,-0.439453125,1.2939453125,0.5859375,-5.76171875,1.81884765625,-0.8544921875,-1.23291015625,-1.01318359375,1.2939453125,0.06103515625,-0.18310546875,-0.10986328125,-1.0498046875,-0.28076171875,-0.62255859375,0.18310546875,-0.6103515625,-0.06103515625,-0.69580078125,-0.3173828125,0.0244140625,-0.1708984375,2.2216796875,0.03662109375,3.564453125,-0.1220703125,1.45263671875,-0.1220703125,3.79638671875,-0.03662109375,0.37841796875,-0.4638671875,0.0244140625,-0.0732421875,0.0244140625,-0.28076171875,0.1708984375,0.1220703125,0.13427734375,-0.1708984375,0.89111328125,-0.13427734375,-0.52490234375,0.0732421875,-0.2685546875
0,-0.18310546875,-0.3662109375,-0.59814453125,-0.25634765625,-0.537109375,-0.30517578125,-0.20751953125,0.0244140625,0.341796875,-0.23193359375,0.18310546875,-1.025390625,-1.07421875,0.8544921875,0.2197265625,-0.28076171875,0.13427734375,1.5869140625,-0.06103515625,5.2978515625,-2.16064453125,2.44140625,0.03662109375,1.025390625,-0.1220703125,-0.09765625,-0.37841796875,-0.830078125,-0.146484375,0.87890625,0.40283203125,0.18310546875,0.54931640625,-0.15869140625,0.89111328125,-0.79345703125,1.4404296875,0.30517578125,1.2451171875,-0.244140625,-0.1953125,-0.0732421875,0.927734375,-0.62255859375,0.2685546875,-0.42724609375,-0.20751953125,0.69580078125,0.6103515625,2.50244140625,-0.7080078125,2.40478515625,0.634765625,0.146484375,-1.37939453125,2.11181640625,-0.1708984375,0.732421875,0.927734375,0.54931640625,-0.57373046875,0.7080078125,2.28271484375,0.146484375,-4.1748046875,7.97119140625,-0.48828125,3.03955078125,0.1708984375,0.20751953125,-0.25634765625,0.48828125,-0.03662109375,0.1708984375,0.3173828125,0.634765625,-0.42724609375,-0.06103515625,-0.18310546875,1.20849609375,0.06103515625,-0.6103515625,0.28076171875,-0.45166015625,1.06201171875,0.439453125,-5.33447265625,1.91650390625,-0.830078125,-1.23291015625,-0.8056640625,1.0986328125,0.03662109375,-0.1708984375,-0.1220703125,-1.06201171875,-0.25634765625,-0.634765625,0.10986328125,-0.62255859375,-0.03662109375,-0.69580078125,-0.35400390625,0.0244140625,-0.1708984375,1.5869140625,0.06103515625,2.490234375,-0.1220703125,0.93994140625,-0.09765625,3.13720703125,-0.09765625,0.37841796875,-0.47607421875,0.0244140625,-0.0732421875,0.0244140625,-0.244140625,0.13427734375,0.1220703125,0.1953125,-0.244140625,0.93994140625,-0.18310546875,-0.439453125,0.0244140625,-0.20751953125
0,-0.23193359375,-0.35400390625,-0.6591796875,-0.2685546875,-0.4638671875,-0.30517578125,-0.30517578125,0.03662109375,0.341796875,-0.2197265625,0.15869140625,-1.03759765625,-1.03759765625,0.89111328125,0.25634765625,-0.3173828125,0.048828125,1.45263671875,-0.03662109375,5.0048828125,-2.11181640625,2.34375,0,0.91552734375,-0.03662109375,-0.048828125,-0.40283203125,-0.81787109375,-0.13427734375,0.87890625,0.35400390625,0.20751953125,0.6591796875,-0.1708984375,0.8056640625,-0.79345703125,1.69677734375,0.47607421875,1.23291015625,-0.244140625,-0.1708984375,-0.0244140625,0.9521484375,-0.6103515625,0.2685546875,-0.42724609375,-0.1953125,0.7080078125,0.537109375,2.0263671875,-0.54931640625,2.40478515625,0.2685546875,-0.18310546875,-1.5869140625,1.77001953125,-0.2197265625,0.732421875,1.025390625,0.537109375,-0.5126953125,0.78125,2.34375,0.23193359375,-3.84521484375,7.62939453125,-0.72021484375,2.6611328125,0.03662109375,0.1953125,-0.13427734375,0.54931640625,0.01220703125,0.146484375,0.341796875,0.62255859375,-0.48828125,-0.08544921875,-0.10986328125,1.18408203125,0.08544921875,-0.59814453125,0.146484375,-0.4638671875,0.74462890625,0.35400390625,-5.67626953125,1.9287109375,-0.7568359375,-1.2939453125,-0.62255859375,0.81787109375,0.01220703125,-0.1708984375,-0.1708984375,-1.03759765625,-0.2197265625,-0.67138671875,0.09765625,-0.634765625,-0.048828125,-0.7080078125,-0.35400390625,0.0244140625,-0.1708984375,0.93994140625,0.08544921875,1.30615234375,-0.146484375,0.390625,-0.08544921875,2.45361328125,-0.146484375,0.390625,-0.4150390625,0.03662109375,-0.06103515625,0.0244140625,-0.1953125,0.13427734375,0.146484375,0.2685546875,-0.30517578125,0.9765625,-0.18310546875,-0.37841796875,0.1220703125,-0.1953125
0,-0.25634765625,-0.3662109375,-0.7080078125,-0.2685546875,-0.35400390625,-0.29296875,-0.32958984375,0.06103515625,0.30517578125,-0.2197265625,0.06103515625,-1.025390625,-0.9765625,0.93994140625,0.23193359375,-0.341796875,-0.1220703125,1.37939453125,-0.01220703125,4.82177734375,-1.9775390625,2.28271484375,-0.03662109375,0.8544921875,0.08544921875,-0.01220703125,-0.4150390625,-0.81787109375,-0.0732421875,0.87890625,0.2685546875,0.1953125,0.62255859375,-0.1708984375,0.67138671875,-0.79345703125,1.94091796875,0.537109375,1.0498046875,-0.20751953125,-0.1953125,0,0.98876953125,-0.6103515625,0.15869140625,-0.42724609375,-0.1708984375,0.68359375,0.59814453125,1.67236328125,-0.5126953125,2.83203125,0.3662109375,-0.45166015625,-1.4404296875,1.74560546875,-0.2685546875,0.74462890625,1.18408203125,0.54931640625,-0.3173828125,0.84228515625,2.55126953125,0.341796875,-4.1748046875,7.470703125,-1.1474609375,2.33154296875,0.03662109375,0.1953125,-0.03662109375,0.62255859375,0.08544921875,0.13427734375,0.439453125,0.6591796875,-0.537109375,-0.09765625,0,1.15966796875,-0.048828125,-0.5859375,0.08544921875,-0.48828125,0.8056640625,0.341796875,-5.79833984375,1.8798828125,-0.59814453125,-1.3427734375,-0.5859375,0.5126953125,-0.01220703125,-0.146484375,-0.1953125,-1.0498046875,-0.13427734375,-0.7080078125,0.0244140625,-0.64697265625,-0.048828125,-0.68359375,-0.32958984375,0,-0.146484375,0.3173828125,0.10986328125,0.15869140625,-0.1220703125,-0.0732421875,-0.10986328125,1.81884765625,-0.1953125,0.390625,-0.390625,0.0244140625,-0.0732421875,0,-0.20751953125,0.1220703125,0.09765625,0.3173828125,-0.35400390625,0.9765625,-0.23193359375,-0.341796875,0.01220703125,-0.1220703125
0,-0.3173828125,-0.341796875,-0.7080078125,-0.2685546875,-0.244140625,-0.29296875,-0.50048828125,0.0732421875,0.244140625,-0.2197265625,-0.0244140625,-1.025390625,-0.91552734375,1.01318359375,0.1708984375,-0.341796875,-0.2685546875,1.3427734375,-0.15869140625,4.74853515625,-1.86767578125,2.2705078125,-0.15869140625,0.8544921875,0.15869140625,0.03662109375,-0.4150390625,-0.81787109375,0.01220703125,0.87890625,0.23193359375,0.20751953125,0.79345703125,-0.1220703125,0.439453125,-0.79345703125,1.98974609375,0.50048828125,0.87890625,-0.13427734375,-0.18310546875,0.048828125,0.9765625,-0.6103515625,0.09765625,-0.42724609375,-0.1953125,0.68359375,0.50048828125,1.416015625,-0.28076171875,3.5888671875,-0.2685546875,-0.67138671875,-1.26953125,1.9775390625,-0.341796875,0.7080078125,1.2939453125,0.54931640625,-0.1953125,0.9033203125,2.7587890625,0.40283203125,-4.62646484375,7.55615234375,-1.96533203125,2.08740234375,0.18310546875,0.1953125,0.06103515625,0.7080078125,0.13427734375,0.13427734375,0.5126953125,0.7568359375,-0.4150390625,-0.0732421875,0.0244140625,1.15966796875,-0.0244140625,-0.634765625,0.15869140625,-0.48828125,0.32958984375,0.45166015625,-5.74951171875,1.84326171875,-0.48828125,-1.40380859375,-0.45166015625,0.244140625,0.0244140625,-0.13427734375,-0.1220703125,-1.025390625,-0.048828125,-0.72021484375,-0.0244140625,-0.68359375,-0.10986328125,-0.69580078125,-0.28076171875,0.01220703125,-0.08544921875,-0.1220703125,0.2197265625,-0.732421875,-0.048828125,-0.439453125,-0.06103515625,1.3671875,-0.2197265625,0.3662109375,-0.28076171875,0.0244140625,-0.06103515625,0.0244140625,-0.15869140625,0.10986328125,0.0732421875,0.32958984375,-0.3662109375,0.96435546875,-0.1953125,-0.32958984375,0.13427734375,-0.10986328125
0,-0.3173828125,-0.341796875,-0.634765625,-0.25634765625,-0.1708984375,-0.2685546875,-0.52490234375,0.08544921875,0.146484375,-0.2197265625,-0.048828125,-1.0009765625,-0.81787109375,1.0498046875,0.048828125,-0.3173828125,-0.40283203125,1.33056640625,-0.30517578125,4.7119140625,-1.69677734375,2.294921875,-0.28076171875,0.8544921875,0.244140625,0.06103515625,-0.37841796875,-0.830078125,0.0732421875,0.87890625,0.146484375,0.20751953125,0.9765625,-0.06103515625,0.23193359375,-0.79345703125,2.0751953125,0.4150390625,0.89111328125,-0.0732421875,-0.18310546875,0.09765625,0.91552734375,-0.6103515625,0.09765625,-0.42724609375,-0.25634765625,0.7080078125,0.29296875,1.30615234375,-0.08544921875,4.4677734375,-0.84228515625,-0.84228515625,-1.45263671875,2.4169921875,-0.47607421875,0.72021484375,1.33056640625,0.54931640625,0.03662109375,0.9765625,3.3447265625,0.45166015625,-5.078125,7.82470703125,-1.72119140625,1.94091796875,0.48828125,0.2197265625,0.1953125,0.78125,0.244140625,0.10986328125,0.5859375,0.89111328125,-0.2685546875,-0.048828125,0.048828125,1.171875,-0.06103515625,-0.68359375,0.341796875,-0.5126953125,0.1708984375,0.64697265625,-5.96923828125,1.7822265625,-0.6103515625,-1.4404296875,-0.37841796875,0,0.048828125,-0.146484375,-0.01220703125,-1.03759765625,0.01220703125,-0.732421875,-0.048828125,-0.67138671875,-0.15869140625,-0.64697265625,-0.25634765625,0,-0.0244140625,-0.35400390625,0.1953125,-1.23291015625,-0.01220703125,-0.6103515625,-0.06103515625,1.15966796875,-0.23193359375,0.35400390625,-0.18310546875,0.0244140625,-0.06103515625,0.0244140625,-0.1708984375,0.09765625,0.03662109375,0.2685546875,-0.35400390625,0.9765625,-0.1953125,-0.3662109375,0.06103515625,-0.048828125
0,-0.32958984375,-0.341796875,-0.48828125,-0.244140625,-0.08544921875,-0.28076171875,-0.634765625,0.1220703125,0.13427734375,-0.20751953125,0,-0.9765625,-0.64697265625,1.11083984375,-0.08544921875,-0.3173828125,-0.439453125,1.318359375,-0.47607421875,4.67529296875,-1.62353515625,2.33154296875,-0.45166015625,0.8544921875,0.341796875,0.08544921875,-0.341796875,-0.84228515625,0.0732421875,0.86669921875,0.1708984375,0.20751953125,1.01318359375,0.048828125,0.09765625,-0.79345703125,2.08740234375,0.2685546875,0.87890625,-0.048828125,-0.1953125,0.146484375,0.84228515625,-0.634765625,0.048828125,-0.439453125,-0.28076171875,0.67138671875,0.6591796875,1.318359375,-0.35400390625,5.2734375,-0.91552734375,-0.9033203125,-1.708984375,2.9541015625,-0.62255859375,0.732421875,1.35498046875,0.54931640625,0.18310546875,0.98876953125,3.50341796875,0.4638671875,-5.23681640625,8.23974609375,-1.7578125,1.91650390625,0.69580078125,0.244140625,0.08544921875,0.84228515625,0.25634765625,0.146484375,0.67138671875,1.025390625,-0.1220703125,-0.03662109375,0.10986328125,1.18408203125,0.08544921875,-0.7568359375,0.64697265625,-0.5126953125,0.4150390625,0.91552734375,-5.6396484375,1.81884765625,-0.5126953125,-1.50146484375,-0.45166015625,-0.1708984375,0.0244140625,-0.1953125,0.06103515625,-1.025390625,0.048828125,-0.72021484375,-0.06103515625,-0.6591796875,-0.2197265625,-0.64697265625,-0.244140625,-0.01220703125,-0.0244140625,-0.244140625,0.0732421875,-1.1962890625,-0.01220703125,-0.50048828125,-0.08544921875,1.25732421875,-0.2197265625,0.3662109375,-0.09765625,0.0244140625,-0.0732421875,0.01220703125,-0.20751953125,0.09765625,-0.03662109375,0.2197265625,-0.390625,0.93994140625,-0.1953125,-0.4150390625,0.09765625,0.0244140625
1,-0.341796875,-0.3662109375,-0.37841796875,-0.25634765625,-0.048828125,-0.28076171875,-0.40283203125,0.146484375,0.03662109375,-0.244140625,0.0244140625,-0.9521484375,-0.634765625,1.1474609375,-0.20751953125,-0.29296875,-0.47607421875,1.2939453125,-0.62255859375,4.57763671875,-1.45263671875,2.33154296875,-0.537109375,0.86669921875,0.35400390625,0.09765625,-0.23193359375,-0.830078125,0,0.8544921875,0.1708984375,0.20751953125,1.123046875,0.1953125,-0.01220703125,-0.8056640625,1.91650390625,0.10986328125,0.79345703125,-0.08544921875,-0.28076171875,0.1953125,0.7080078125,-0.62255859375,0.048828125,-0.40283203125,-0.30517578125,0.6591796875,0.9765625,1.416015625,-0.45166015625,5.7861328125,-1.28173828125,-0.91552734375,-1.9775390625,3.50341796875,-0.72021484375,0.69580078125,1.30615234375,0.54931640625,0.244140625,1.025390625,3.2470703125,0.439453125,-4.39453125,8.70361328125,-1.7578125,1.9775390625,0.7568359375,0.244140625,-0.03662109375,0.87890625,0.23193359375,0.1708984375,0.7080078125,1.07421875,0.0244140625,-0.03662109375,0.13427734375,1.1962890625,0.23193359375,-0.76904296875,0.84228515625,-0.5126953125,0.7568359375,1.18408203125,-4.7607421875,1.9287109375,-0.57373046875,-1.50146484375,-0.48828125,-0.25634765625,0.0244140625,-0.1953125,0.0732421875,-1.025390625,0.08544921875,-0.7080078125,0.01220703125,-0.64697265625,-0.30517578125,-0.634765625,-0.25634765625,0,-0.048828125,0.1708984375,0.10986328125,-0.634765625,0.048828125,-0.1953125,-0.09765625,1.6845703125,-0.1708984375,0.3662109375,0,0.01220703125,-0.06103515625,0.01220703125,-0.1708984375,0.10986328125,-0.0732421875,0.1708984375,-0.341796875,0.91552734375,-0.15869140625,-0.48828125,0.146484375,0.23193359375
1,-0.341796875,-0.3662109375,-0.29296875,-0.244140625,-0.09765625,-0.30517578125,-0.29296875,0.1708984375,-0.01220703125,-0.23193359375,0,-0.96435546875,-0.6591796875,1.20849609375,-0.28076171875,-0.30517578125,-0.50048828125,1.23291015625,-0.72021484375,4.38232421875,-1.28173828125,2.30712890625,-0.52490234375,0.81787109375,0.341796875,0.1220703125,-0.08544921875,-0.8056640625,-0.03662109375,0.86669921875,0.1953125,0.20751953125,1.11083984375,0.29296875,0.0244140625,-0.79345703125,1.81884765625,-0.048828125,0.6103515625,-0.1708984375,-0.37841796875,0.1953125,0.6103515625,-0.62255859375,0.048828125,-0.40283203125,-0.28076171875,0.6591796875,1.2451171875,1.55029296875,-0.76904296875,5.89599609375,-1.3427734375,-0.87890625,-2.0751953125,3.94287109375,-0.8056640625,0.69580078125,1.25732421875,0.5615234375,0.15869140625,1.01318359375,3.3203125,0.390625,-4.08935546875,9.11865234375,-1.7578125,2.1240234375,0.78125,0.2685546875,-0.13427734375,0.9033203125,0.15869140625,0.18310546875,0.7080078125,1.0986328125,0.09765625,0,0.06103515625,1.1962890625,0.32958984375,-0.74462890625,0.96435546875,-0.52490234375,0.927734375,1.37939453125,-4.55322265625,2.18505859375,-0.72021484375,-1.50146484375,-0.57373046875,-0.25634765625,0,-0.20751953125,0.10986328125,-1.025390625,0.1220703125,-0.67138671875,0.08544921875,-0.64697265625,-0.341796875,-0.634765625,-0.25634765625,0.01220703125,-0.0244140625,0.86669921875,0.1708984375,0.48828125,0.06103515625,0.35400390625,-0.06103515625,2.392578125,-0.10986328125,0.35400390625,0,0.01220703125,-0.048828125,0.03662109375,-0.0732421875,0.13427734375,-0.13427734375,0.1708984375,-0.2685546875,0.91552734375,-0.146484375,-0.50048828125,0.18310546875,0.5615234375
1,-0.35400390625,-0.3662109375,-0.35400390625,-0.244140625,-0.1708984375,-0.3173828125,-0.3662109375,0.1708984375,-0.01220703125,-0.25634765625,-0.01220703125,-0.96435546875,-0.537109375,1.23291015625,-0.37841796875,-0.29296875,-0.5615234375,1.0986328125,-0.69580078125,4.06494140625,-1.20849609375,2.24609375,-0.3662109375,0.7080078125,0.35400390625,0.1220703125,0.0244140625,-0.830078125,-0.0244140625,0.87890625,0.2197265625,0.2197265625,0.927734375,0.37841796875,0.13427734375,-0.79345703125,1.66015625,-0.146484375,0.37841796875,-0.29296875,-0.50048828125,0.15869140625,0.59814453125,-0.6103515625,-0.0244140625,-0.37841796875,-0.25634765625,0.6591796875,1.0009765625,1.7578125,-1.171875,5.57861328125,-1.25732421875,-0.76904296875,-1.94091796875,4.21142578125,-0.7568359375,0.68359375,1.18408203125,0.54931640625,0.15869140625,1.0009765625,3.3447265625,0.30517578125,-4.638671875,9.3994140625,-1.708984375,2.34375,0.78125,0.28076171875,-0.1220703125,0.89111328125,0.0244140625,0.18310546875,0.7080078125,1.025390625,0.13427734375,-0.01220703125,0.048828125,1.18408203125,0.45166015625,-0.69580078125,0.86669921875,-0.5126953125,1.20849609375,1.47705078125,-4.052734375,2.5634765625,-0.8056640625,-1.513671875,-0.6591796875,-0.18310546875,0,-0.20751953125,0.10986328125,-1.07421875,0.13427734375,-0.64697265625,0.10986328125,-0.634765625,-0.3662109375,-0.64697265625,-0.25634765625,0.0244140625,-0.10986328125,1.77001953125,0.146484375,2.03857421875,0.0244140625,1.06201171875,-0.09765625,3.30810546875,-0.048828125,0.3662109375,-0.048828125,0.0244140625,-0.06103515625,0.0244140625,0.048828125,0.13427734375,-0.15869140625,0.2197265625,-0.23193359375,0.98876953125,-0.18310546875,-0.4638671875,0.15869140625,1.07421875
1,-0.28076171875,-0.37841796875,-0.4150390625,-0.23193359375,-0.13427734375,-0.32958984375,-0.244140625,0.15869140625,0,-0.25634765625,-0.0244140625,-0.98876953125,-0.67138671875,1.26953125,-0.42724609375,-0.2685546875,-0.6103515625,0.91552734375,-0.64697265625,3.61328125,-1.025390625,2.11181640625,-0.1220703125,0.5859375,0.3173828125,0.09765625,0.09765625,-0.84228515625,0.01220703125,0.86669921875,0.25634765625,0.20751953125,0.62255859375,0.45166015625,0.23193359375,-0.78125,1.74560546875,-0.20751953125,0.20751953125,-0.4150390625,-0.59814453125,0.10986328125,0.5859375,-0.62255859375,-0.048828125,-0.390625,-0.146484375,0.6591796875,0.69580078125,1.953125,-1.1474609375,4.78515625,-1.30615234375,-0.634765625,-1.74560546875,4.19921875,-0.732421875,0.68359375,1.025390625,0.54931640625,0.0244140625,0.98876953125,4.01611328125,0.244140625,-5.1025390625,9.48486328125,-1.220703125,2.62451171875,0.79345703125,0.28076171875,0.10986328125,0.8056640625,-0.10986328125,0.1953125,0.72021484375,0.91552734375,0.1220703125,0,-0.03662109375,1.18408203125,0.634765625,-0.62255859375,0.9033203125,-0.5126953125,1.123046875,1.47705078125,-3.7109375,3.02734375,-1.03759765625,-1.47705078125,-0.62255859375,-0.08544921875,0.048828125,-0.2197265625,0.03662109375,-1.11083984375,0.1220703125,-0.64697265625,0.10986328125,-0.6103515625,-0.3662109375,-0.6591796875,-0.30517578125,0.01220703125,-0.15869140625,2.8076171875,0.2685546875,3.82080078125,-0.03662109375,1.8798828125,-0.08544921875,4.3701171875,0.03662109375,0.390625,-0.06103515625,0.0244140625,-0.0732421875,0.03662109375,0.03662109375,0.15869140625,-0.1708984375,0.37841796875,-0.2197265625,1.11083984375,-0.1953125,-0.32958984375,0.1708984375,1.806640625
1,-0.2197265625,-0.37841796875,-0.50048828125,-0.244140625,-0.03662109375,-0.35400390625,-0.146484375,0.1220703125,0.06103515625,-0.25634765625,-0.13427734375,-0.98876953125,-0.7080078125,1.28173828125,-0.42724609375,-0.2685546875,-0.6591796875,0.7080078125,-0.47607421875,3.0517578125,-1.06201171875,1.9287109375,0.09765625,0.40283203125,0.29296875,0.0732421875,0.1220703125,-0.830078125,0.03662109375,0.86669921875,0.1708984375,0.2197265625,0.10986328125,0.42724609375,0.40283203125,-0.79345703125,1.7822265625,-0.1953125,0.1220703125,-0.5126953125,-0.72021484375,0.048828125,0.59814453125,-0.6103515625,-0.048828125,-0.40283203125,-0.1220703125,0.6591796875,0.341796875,2.0751953125,-1.220703125,3.74755859375,-1.03759765625,-0.52490234375,-1.01318359375,3.99169921875,-0.72021484375,0.7080078125,0.93994140625,0.54931640625,-0.10986328125,0.9521484375,4.0283203125,0.23193359375,-5.3955078125,9.3505859375,-1.08642578125,2.86865234375,0.6591796875,0.28076171875,0.341796875,0.7080078125,-0.20751953125,0.2197265625,0.69580078125,0.81787109375,0.146484375,0,-0.09765625,1.1962890625,0.86669921875,-0.537109375,0.87890625,-0.50048828125,1.1962890625,1.3916015625,-3.02734375,3.5400390625,-1.11083984375,-1.45263671875,-0.79345703125,0.048828125,0.06103515625,-0.20751953125,0.01220703125,-1.11083984375,0.0732421875,-0.634765625,0.10986328125,-0.62255859375,-0.35400390625,-0.68359375,-0.341796875,0.03662109375,-0.1708984375,3.8330078125,0.390625,5.6396484375,-0.10986328125,2.685546875,-0.08544921875,5.45654296875,0.1220703125,0.37841796875,-0.13427734375,0.03662109375,-0.0732421875,0.03662109375,0.048828125,0.146484375,-0.1220703125,0.6591796875,-0.1953125,1.318359375,-0.2197265625,-0.13427734375,0.0732421875,2.77099609375
1,-0.23193359375,-0.390625,-0.57373046875,-0.20751953125,-0.0244140625,-0.35400390625,-0.01220703125,0.1220703125,0.146484375,-0.244140625,-0.2685546875,-1.01318359375,-0.84228515625,1.28173828125,-0.390625,-0.25634765625,-0.7568359375,0.45166015625,-0.23193359375,2.42919921875,-0.9521484375,1.7333984375,0.244140625,0.20751953125,0.23193359375,0.048828125,0.146484375,-0.830078125,0,0.84228515625,0.08544921875,0.2197265625,-0.30517578125,0.35400390625,0.50048828125,-0.76904296875,1.5869140625,-0.1953125,0.0244140625,-0.6103515625,-0.76904296875,-0.06103515625,0.59814453125,-0.6103515625,-0.1220703125,-0.40283203125,-0.10986328125,0.6591796875,0.10986328125,2.1484375,-1.33056640625,2.55126953125,-0.48828125,-0.35400390625,-0.6103515625,3.5888671875,-0.72021484375,0.69580078125,0.87890625,0.54931640625,-0.30517578125,0.927734375,4.06494140625,0.25634765625,-4.8095703125,9.0576171875,-1.59912109375,3.13720703125,0.390625,0.25634765625,0.341796875,0.52490234375,-0.30517578125,0.20751953125,0.6591796875,0.68359375,0.0244140625,-0.01220703125,-0.18310546875,1.1962890625,0.98876953125,-0.45166015625,0.78125,-0.48828125,1.0986328125,1.23291015625,-3.28369140625,3.955078125,-1.1962890625,-1.416015625,-0.84228515625,0.15869140625,0.09765625,-0.20751953125,0,-1.123046875,0.0244140625,-0.64697265625,0.048828125,-0.62255859375,-0.341796875,-0.7080078125,-0.35400390625,0.03662109375,-0.15869140625,4.77294921875,0.3662109375,7.373046875,-0.1220703125,3.4423828125,-0.06103515625,6.43310546875,0.146484375,0.40283203125,-0.15869140625,0.03662109375,-0.08544921875,0.03662109375,0.01220703125,0.13427734375,-0.1220703125,1.01318359375,-0.1953125,1.5625,-0.20751953125,0.1708984375,0.06103515625,3.90625
1,-0.25634765625,-0.37841796875,-0.59814453125,-0.1953125,-0.01220703125,-0.35400390625,0.08544921875,0.10986328125,0.18310546875,-0.23193359375,-0.390625,-1.03759765625,-0.96435546875,1.26953125,-0.32958984375,-0.28076171875,-0.7568359375,0.1708984375,0.0244140625,1.77001953125,-0.81787109375,1.4892578125,0.25634765625,-0.048828125,0.1953125,-0.0244140625,0.18310546875,-0.8544921875,-0.048828125,0.87890625,-0.0244140625,0.1953125,-0.62255859375,0.25634765625,0.57373046875,-0.78125,1.52587890625,-0.18310546875,0.146484375,-0.62255859375,-0.8056640625,-0.15869140625,0.57373046875,-0.6103515625,-0.13427734375,-0.4150390625,-0.10986328125,0.6591796875,-0.03662109375,2.13623046875,-1.67236328125,1.4404296875,-0.048828125,-0.244140625,-0.48828125,3.076171875,-0.72021484375,0.69580078125,0.8056640625,0.54931640625,-0.537109375,0.9033203125,3.564453125,0.35400390625,-4.11376953125,8.65478515625,-2.1728515625,3.2958984375,0.18310546875,0.2197265625,0.29296875,0.37841796875,-0.32958984375,0.1953125,0.64697265625,0.6103515625,-0.13427734375,-0.0244140625,-0.1953125,1.18408203125,1.0986328125,-0.42724609375,0.84228515625,-0.439453125,0.69580078125,1.11083984375,-3.40576171875,4.2236328125,-1.42822265625,-1.3916015625,-0.64697265625,0.2685546875,0.1220703125,-0.23193359375,-0.048828125,-1.13525390625,-0.048828125,-0.6591796875,0.06103515625,-0.6103515625,-0.35400390625,-0.7080078125,-0.35400390625,0.03662109375,-0.1220703125,5.55419921875,0.15869140625,8.75244140625,-0.1708984375,4.052734375,-0.0732421875,7.2265625,0.1708984375,0.40283203125,-0.244140625,0.0732421875,-0.06103515625,0.048828125,0,0.13427734375,-0.048828125,1.42822265625,-0.23193359375,1.8310546875,-0.2197265625,0.48828125,-0.06103515625,5.126953125
1,-0.2685546875,-0.37841796875,-0.59814453125,-0.18310546875,0.03662109375,-0.3173828125,0.13427734375,0.1220703125,0.146484375,-0.244140625,-0.52490234375,-1.03759765625,-0.9765625,1.23291015625,-0.30517578125,-0.25634765625,-0.634765625,-0.06103515625,0.2197265625,1.1474609375,-0.57373046875,1.26953125,0.15869140625,-0.244140625,0.18310546875,-0.0732421875,0.18310546875,-0.8544921875,-0.1220703125,0.86669921875,-0.146484375,0.20751953125,-0.8544921875,0.1220703125,0.67138671875,-0.78125,1.66015625,-0.20751953125,0.25634765625,-0.6103515625,-0.72021484375,-0.25634765625,0.537109375,-0.62255859375,-0.13427734375,-0.4150390625,-0.15869140625,0.6591796875,0.146484375,2.06298828125,-1.708984375,0.5859375,0.3662109375,-0.1220703125,-0.40283203125,2.60009765625,-0.72021484375,0.7080078125,0.76904296875,0.57373046875,-0.68359375,0.8544921875,3.5400390625,0.5126953125,-4.6875,8.203125,-2.40478515625,3.43017578125,-0.0244140625,0.20751953125,0.2197265625,0.25634765625,-0.341796875,0.18310546875,0.634765625,0.62255859375,-0.244140625,-0.06103515625,-0.18310546875,1.15966796875,0.81787109375,-0.42724609375,0.84228515625,-0.45166015625,0.76904296875,1.0009765625,-3.50341796875,4.248046875,-1.52587890625,-1.37939453125,-0.57373046875,0.35400390625,0.10986328125,-0.2197265625,-0.1708984375,-1.11083984375,-0.1220703125,-0.67138671875,0.0732421875,-0.62255859375,-0.35400390625,-0.7080078125,-0.32958984375,0.0244140625,-0.15869140625,6.0546875,0.048828125,9.716796875,-0.146484375,4.47998046875,-0.0732421875,7.75146484375,0.13427734375,0.40283203125,-0.32958984375,0.048828125,-0.0732421875,0.048828125,-0.01220703125,0.10986328125,-0.0244140625,1.8310546875,-0.25634765625,2.1484375,-0.2197265625,0.84228515625,-0.146484375,6.34765625
1,-0.30517578125,-0.390625,-0.6103515625,-0.15869140625,0.13427734375,-0.29296875,0.10986328125,0.1220703125,0.048828125,-0.20751953125,-0.62255859375,-1.06201171875,-0.9765625,1.15966796875,-0.30517578125,-0.25634765625,-0.5615234375,-0.244140625,0.28076171875,0.64697265625,-0.18310546875,1.08642578125,0.08544921875,-0.390625,0.20751953125,-0.13427734375,0.1220703125,-0.830078125,-0.18310546875,0.8544921875,-0.2685546875,0.2197265625,-0.91552734375,-0.0244140625,0.69580078125,-0.79345703125,1.953125,-0.2197265625,0.244140625,-0.5126953125,-0.67138671875,-0.30517578125,0.537109375,-0.6103515625,-0.09765625,-0.42724609375,-0.1953125,0.6591796875,0.35400390625,1.9287109375,-1.9287109375,0.13427734375,0.54931640625,-0.03662109375,-0.4150390625,2.20947265625,-0.7080078125,0.72021484375,0.79345703125,0.5615234375,-0.86669921875,0.81787109375,3.759765625,0.732421875,-4.40673828125,7.82470703125,-2.23388671875,3.466796875,-0.23193359375,0.18310546875,0.06103515625,0.15869140625,-0.341796875,0.13427734375,0.57373046875,0.67138671875,-0.3662109375,-0.06103515625,-0.28076171875,1.15966796875,0.5615234375,-0.42724609375,0.91552734375,-0.42724609375,0.47607421875,1.025390625,-4.06494140625,4.0283203125,-1.69677734375,-1.3671875,-0.47607421875,0.37841796875,0.08544921875,-0.20751953125,-0.30517578125,-1.07421875,-0.18310546875,-0.69580078125,0.06103515625,-0.64697265625,-0.30517578125,-0.68359375,-0.32958984375,0.03662109375,-0.09765625,6.298828125,0,10.21728515625,-0.06103515625,4.67529296875,-0.09765625,8.0322265625,0.0732421875,0.390625,-0.32958984375,0.06103515625,-0.06103515625,0.06103515625,0.0244140625,0.08544921875,-0.01220703125,2.23388671875,-0.29296875,2.4169921875,-0.2197265625,1.123046875,-0.08544921875,7.4462890625
1,-0.37841796875,-0.37841796875,-0.62255859375,-0.146484375,0.25634765625,-0.25634765625,0.06103515625,0.1220703125,0.01220703125,-0.2197265625,-0.732421875,-1.0498046875,-0.89111328125,1.11083984375,-0.37841796875,-0.25634765625,-0.5126953125,-0.40283203125,0.30517578125,0.30517578125,0.15869140625,0.96435546875,0.03662109375,-0.5126953125,0.25634765625,-0.15869140625,0.048828125,-0.81787109375,-0.2197265625,0.87890625,-0.4150390625,0.20751953125,-0.830078125,-0.10986328125,0.732421875,-0.78125,2.11181640625,-0.29296875,0.29296875,-0.40283203125,-0.57373046875,-0.32958984375,0.5859375,-0.62255859375,-0.0732421875,-0.42724609375,-0.2197265625,0.634765625,0.28076171875,1.7578125,-1.7578125,0.10986328125,0.72021484375,0.0244140625,-0.25634765625,2.001953125,-0.68359375,0.74462890625,0.79345703125,0.57373046875,-1.13525390625,0.79345703125,3.67431640625,0.9521484375,-4.1259765625,7.6171875,-2.1484375,3.43017578125,-0.42724609375,0.18310546875,-0.18310546875,0.13427734375,-0.341796875,0.10986328125,0.59814453125,0.74462890625,-0.390625,-0.03662109375,-0.29296875,1.171875,0.25634765625,-0.439453125,1.0498046875,-0.439453125,0.28076171875,1.07421875,-4.18701171875,3.55224609375,-1.69677734375,-1.35498046875,-0.5126953125,0.341796875,0.10986328125,-0.1953125,-0.30517578125,-1.03759765625,-0.23193359375,-0.7080078125,0.0732421875,-0.64697265625,-0.28076171875,-0.7080078125,-0.32958984375,0.01220703125,-0.048828125,6.26220703125,0.03662109375,10.2294921875,0,4.67529296875,-0.09765625,8.0078125,0.01220703125,0.390625,-0.3173828125,0.06103515625,-0.08544921875,0.048828125,-0.03662109375,0.08544921875,-0.01220703125,2.5146484375,-0.32958984375,2.587890625,-0.20751953125,1.33056640625,-0.0244140625,8.30078125
1,-0.42724609375,-0.37841796875,-0.69580078125,-0.13427734375,0.29296875,-0.23193359375,-0.06103515625,0.1220703125,-0.03662109375,-0.20751953125,-0.76904296875,-1.0498046875,-0.7568359375,1.025390625,-0.4150390625,-0.2685546875,-0.42724609375,-0.45166015625,0.30517578125,0.18310546875,0.439453125,0.87890625,0.0244140625,-0.52490234375,0.25634765625,-0.1708984375,-0.08544921875,-0.830078125,-0.3173828125,0.8544921875,-0.54931640625,0.20751953125,-0.67138671875,-0.244140625,0.76904296875,-0.78125,2.23388671875,-0.390625,0.09765625,-0.29296875,-0.45166015625,-0.3662109375,0.634765625,-0.634765625,-0.048828125,-0.47607421875,-0.18310546875,0.634765625,0.1953125,1.611328125,-1.67236328125,0.42724609375,1.28173828125,0.08544921875,-0.0732421875,1.98974609375,-0.68359375,0.7568359375,0.78125,0.5859375,-1.2939453125,0.79345703125,4.18701171875,1.1474609375,-4.55322265625,7.5439453125,-2.44140625,3.28369140625,-0.537109375,0.1953125,-0.37841796875,0.15869140625,-0.341796875,0.09765625,0.5859375,0.86669921875,-0.390625,-0.048828125,-0.1953125,1.171875,0.06103515625,-0.50048828125,1.01318359375,-0.42724609375,-0.15869140625,1.20849609375,-4.62646484375,2.89306640625,-1.6357421875,-1.35498046875,-0.439453125,0.3173828125,0.15869140625,-0.1708984375,-0.2685546875,-1.01318359375,-0.30517578125,-0.69580078125,0.0244140625,-0.6591796875,-0.2197265625,-0.67138671875,-0.32958984375,0.0244140625,-0.08544921875,5.95703125,0.06103515625,9.82666015625,0,4.45556640625,-0.09765625,7.72705078125,-0.0732421875,0.3662109375,-0.28076171875,0.048828125,-0.06103515625,0.0244140625,-0.06103515625,0.0732421875,0,2.685546875,-0.3173828125,2.7099609375,-0.20751953125,1.42822265625,0,8.8623046875
0,-0.439453125,-0.3662109375,-0.7080078125,-0.15869140625,0.2197265625,-0.20751953125,-0.1708984375,0.09765625,-0.0732421875,-0.23193359375,-0.8056640625,-1.01318359375,-0.6591796875,0.98876953125,-0.439453125,-0.2685546875,-0.341796875,-0.439453125,0.244140625,0.28076171875,0.72021484375,0.87890625,0.03662109375,-0.48828125,0.2685546875,-0.15869140625,-0.20751953125,-0.8544921875,-0.439453125,0.86669921875,-0.64697265625,0.20751953125,-0.341796875,-0.2685546875,0.72021484375,-0.76904296875,2.34375,-0.47607421875,0.09765625,-0.2197265625,-0.35400390625,-0.3173828125,0.67138671875,-0.59814453125,-0.0244140625,-0.45166015625,-0.146484375,0.67138671875,0.06103515625,1.47705078125,-1.4892578125,1.06201171875,1.9775390625,0.1220703125,-0.40283203125,2.099609375,-0.62255859375,0.74462890625,0.78125,0.5859375,-1.3916015625,0.8056640625,4.35791015625,1.30615234375,-4.9560546875,7.65380859375,-2.34375,3.08837890625,-0.48828125,0.20751953125,-0.5615234375,0.244140625,-0.3173828125,0.1220703125,0.634765625,0.9765625,-0.35400390625,-0.048828125,-0.08544921875,1.1962890625,-0.1708984375,-0.537109375,1.025390625,-0.45166015625,-0.79345703125,1.3427734375,-5.35888671875,2.1484375,-1.5380859375,-1.35498046875,-0.1953125,0.25634765625,0.1953125,-0.15869140625,-0.2685546875,-0.9765625,-0.390625,-0.7080078125,-0.0244140625,-0.64697265625,-0.15869140625,-0.6591796875,-0.32958984375,0,-0.03662109375,5.4931640625,0.03662109375,9.1064453125,0.048828125,4.1015625,-0.09765625,7.23876953125,-0.1220703125,0.3662109375,-0.20751953125,0.06103515625,-0.06103515625,0.0244140625,-0.08544921875,0.06103515625,-0.048828125,2.74658203125,-0.35400390625,2.7099609375,-0.2197265625,1.4404296875,-0.1708984375,9.08203125
0,-0.439453125,-0.35400390625,-0.6591796875,-0.1708984375,0.10986328125,-0.1953125,0.01220703125,0.1220703125,-0.09765625,-0.2197265625,-0.84228515625,-0.98876953125,-0.48828125,0.927734375,-0.42724609375,-0.28076171875,-0.28076171875,-0.3173828125,0.2685546875,0.6103515625,0.7568359375,0.93994140625,0,-0.37841796875,0.3173828125,-0.13427734375,-0.29296875,-0.8544921875,-0.5615234375,0.86669921875,-0.67138671875,0.1953125,-0.08544921875,-0.29296875,0.67138671875,-0.76904296875,2.13623046875,-0.57373046875,0.146484375,-0.20751953125,-0.3173828125,-0.28076171875,0.68359375,-0.62255859375,0.01220703125,-0.439453125,-0.06103515625,0.6591796875,-0.03662109375,1.47705078125,-1.20849609375,1.81884765625,2.6611328125,0.15869140625,-0.78125,2.38037109375,-0.6103515625,0.76904296875,0.74462890625,0.57373046875,-1.57470703125,0.81787109375,4.08935546875,1.3916015625,-5.65185546875,7.8369140625,-2.197265625,2.86865234375,-0.3662109375,0.20751953125,-0.68359375,0.35400390625,-0.25634765625,0.146484375,0.67138671875,1.01318359375,-0.29296875,-0.03662109375,0.08544921875,1.20849609375,-0.20751953125,-0.5859375,1.0498046875,-0.45166015625,-0.6103515625,1.42822265625,-5.57861328125,1.4404296875,-1.2451171875,-1.35498046875,-0.1220703125,0.23193359375,0.23193359375,-0.146484375,-0.2685546875,-0.93994140625,-0.439453125,-0.68359375,-0.0244140625,-0.64697265625,-0.09765625,-0.634765625,-0.37841796875,0.0244140625,-0.01220703125,4.8828125,-0.0244140625,8.16650390625,0,3.6376953125,-0.09765625,6.62841796875,-0.08544921875,0.3662109375,-0.18310546875,0.048828125,-0.06103515625,0.0244140625,-0.08544921875,0.0732421875,-0.06103515625,2.67333984375,-0.341796875,2.64892578125,-0.1953125,1.318359375,-0.146484375,8.97216796875
0,-0.40283203125,-0.3662109375,-0.6103515625,-0.1953125,-0.03662109375,-0.18310546875,0.09765625,0.09765625,-0.10986328125,-0.1953125,-0.91552734375,-1.0009765625,-0.439453125,0.9033203125,-0.341796875,-0.30517578125,-0.20751953125,-0.09765625,0.2685546875,1.171875,0.96435546875,1.11083984375,-0.08544921875,-0.18310546875,0.32958984375,-0.10986328125,-0.37841796875,-0.830078125,-0.634765625,0.8544921875,-0.5859375,0.2197265625,0.146484375,-0.28076171875,0.57373046875,-0.76904296875,2.0263671875,-0.62255859375,0.048828125,-0.2197265625,-0.29296875,-0.20751953125,0.67138671875,-0.6103515625,-0.0732421875,-0.42724609375,0.0244140625,0.64697265625,0.28076171875,1.5625,-1.25732421875,2.52685546875,3.01513671875,0.2197265625,-1.3916015625,2.685546875,-0.634765625,0.74462890625,0.830078125,0.57373046875,-1.69677734375,0.81787109375,4.47998046875,1.416015625,-5.37109375,7.9833984375,-2.06298828125,2.6123046875,-0.3173828125,0.23193359375,-0.74462890625,0.50048828125,-0.18310546875,0.15869140625,0.68359375,1.0009765625,-0.23193359375,-0.0244140625,0.20751953125,1.23291015625,-0.20751953125,-0.5859375,1.025390625,-0.45166015625,-0.25634765625,1.3916015625,-5.712890625,0.927734375,-0.9765625,-1.3671875,-0.06103515625,0.1953125,0.28076171875,-0.146484375,-0.2685546875,-0.927734375,-0.439453125,-0.67138671875,-0.048828125,-0.634765625,-0.08544921875,-0.634765625,-0.3662109375,0.0244140625,-0.06103515625,4.23583984375,-0.048828125,7.1533203125,-0.0244140625,3.076171875,-0.09765625,5.908203125,-0.048828125,0.390625,-0.10986328125,0.06103515625,-0.06103515625,0.01220703125,0.01220703125,0.10986328125,-0.1220703125,2.5146484375,-0.35400390625,2.52685546875,-0.20751953125,1.13525390625,-0.13427734375,8.59375
0,-0.37841796875,-0.32958984375,-0.5859375,-0.23193359375,-0.18310546875,-0.18310546875,0.15869140625,0.09765625,-0.09765625,-0.1953125,-0.96435546875,-0.98876953125,-0.29296875,0.927734375,-0.2197265625,-0.32958984375,-0.1953125,0.1953125,0.1708984375,1.89208984375,1.01318359375,1.33056640625,-0.25634765625,0.03662109375,0.42724609375,-0.048828125,-0.341796875,-0.8544921875,-0.6103515625,0.86669921875,-0.45166015625,0.2197265625,0.25634765625,-0.23193359375,0.439453125,-0.76904296875,1.72119140625,-0.634765625,0.10986328125,-0.35400390625,-0.2685546875,-0.15869140625,0.68359375,-0.634765625,-0.15869140625,-0.4150390625,0.08544921875,0.6591796875,0.5615234375,1.7333984375,-1.0498046875,3.06396484375,3.21044921875,0.2685546875,-2.03857421875,2.91748046875,-0.5859375,0.72021484375,0.9033203125,0.5859375,-1.79443359375,0.8544921875,4.33349609375,1.3671875,-4.50439453125,7.99560546875,-1.79443359375,2.33154296875,-0.28076171875,0.244140625,-0.830078125,0.59814453125,-0.06103515625,0.18310546875,0.67138671875,0.9033203125,-0.15869140625,-0.01220703125,0.25634765625,1.23291015625,-0.0244140625,-0.57373046875,0.9765625,-0.439453125,-0.37841796875,1.2451171875,-5.82275390625,0.6103515625,-0.7568359375,-1.3671875,0,0.1708984375,0.30517578125,-0.1708984375,-0.18310546875,-0.9521484375,-0.4150390625,-0.6591796875,-0.0732421875,-0.62255859375,-0.08544921875,-0.634765625,-0.341796875,0.03662109375,-0.0244140625,3.57666015625,-0.048828125,6.103515625,-0.048828125,2.52685546875,-0.10986328125,5.17578125,0.03662109375,0.37841796875,-0.08544921875,0.03662109375,-0.06103515625,0.0244140625,0.08544921875,0.1220703125,-0.1953125,2.28271484375,-0.390625,2.3681640625,-0.20751953125,0.96435546875,-0.08544921875,8.0322265625
0,-0.341796875,-0.35400390625,-0.6591796875,-0.25634765625,-0.2197265625,-0.1953125,0.06103515625,0.0732421875,-0.09765625,-0.18310546875,-1.01318359375,-0.9765625,-0.13427734375,0.93994140625,-0.03662109375,-0.3173828125,-0.23193359375,0.537109375,0.20751953125,2.7587890625,1.13525390625,1.62353515625,-0.45166015625,0.30517578125,0.52490234375,-0.0244140625,-0.30517578125,-0.86669921875,-0.52490234375,0.8544921875,-0.29296875,0.23193359375,0.537109375,-0.1708984375,0.341796875,-0.78125,1.3916015625,-0.57373046875,-0.10986328125,-0.50048828125,-0.29296875,-0.1220703125,0.67138671875,-0.64697265625,-0.25634765625,-0.42724609375,0.08544921875,0.64697265625,0.86669921875,2.01416015625,-0.76904296875,3.3447265625,3.271484375,0.341796875,-2.42919921875,3.076171875,-0.54931640625,0.72021484375,0.96435546875,0.5615234375,-1.7578125,0.8544921875,4.6875,1.26953125,-3.5888671875,7.82470703125,-2.18505859375,2.0751953125,-0.10986328125,0.244140625,-0.59814453125,0.67138671875,0.06103515625,0.20751953125,0.67138671875,0.74462890625,-0.1220703125,-0.0244140625,0.3173828125,1.2451171875,0.15869140625,-0.5615234375,0.9521484375,-0.4150390625,-0.81787109375,1.0009765625,-5.9326171875,0.59814453125,-0.634765625,-1.37939453125,0,0.18310546875,0.32958984375,-0.1708984375,-0.13427734375,-0.9765625,-0.3662109375,-0.6591796875,-0.08544921875,-0.59814453125,-0.08544921875,-0.6591796875,-0.29296875,0.048828125,-0.09765625,2.91748046875,0.01220703125,5.11474609375,-0.10986328125,2.001953125,-0.08544921875,4.47998046875,0.13427734375,0.4150390625,-0.08544921875,0.06103515625,-0.06103515625,0.01220703125,0.1220703125,0.13427734375,-0.20751953125,2.06298828125,-0.390625,2.2216796875,-0.2197265625,0.79345703125,-0.06103515625,7.3974609375
0,-0.2685546875,-0.35400390625,-0.74462890625,-0.29296875,-0.13427734375,-0.1953125,0.06103515625,0.0732421875,-0.146484375,-0.18310546875,-1.08642578125,-0.96435546875,-0.048828125,1.025390625,0.1220703125,-0.35400390625,-0.30517578125,0.93994140625,0.30517578125,3.67431640625,1.18408203125,1.9287109375,-0.5126953125,0.6103515625,0.57373046875,0,-0.18310546875,-0.8544921875,-0.30517578125,0.84228515625,-0.1220703125,0.2197265625,0.67138671875,-0.146484375,0.29296875,-0.7568359375,1.46484375,-0.537109375,-0.048828125,-0.68359375,-0.30517578125,-0.09765625,0.634765625,-0.6103515625,-0.37841796875,-0.4150390625,0.0244140625,0.634765625,0.91552734375,2.392578125,-0.4150390625,3.3447265625,3.28369140625,0.4150390625,-2.74658203125,3.11279296875,-0.62255859375,0.732421875,0.96435546875,0.54931640625,-1.5869140625,0.84228515625,5.2978515625,1.18408203125,-3.64990234375,7.421875,-2.23388671875,1.8798828125,0.15869140625,0.244140625,-0.25634765625,0.67138671875,0.146484375,0.20751953125,0.732421875,0.62255859375,-0.06103515625,-0.01220703125,0.30517578125,1.2451171875,0.30517578125,-0.5615234375,0.91552734375,-0.37841796875,-1.15966796875,0.6591796875,-5.92041015625,0.79345703125,-0.6103515625,-1.3916015625,-0.0244140625,0.1953125,0.28076171875,-0.18310546875,-0.1708984375,-1.01318359375,-0.25634765625,-0.6591796875,-0.13427734375,-0.5859375,-0.08544921875,-0.6591796875,-0.23193359375,0.048828125,-0.08544921875,2.33154296875,0.09765625,4.2236328125,-0.09765625,1.4892578125,-0.09765625,3.8330078125,0.2197265625,0.42724609375,-0.0244140625,0.03662109375,-0.06103515625,0.0244140625,0.10986328125,0.13427734375,-0.23193359375,1.89208984375,-0.42724609375,2.099609375,-0.2197265625,0.6591796875,-0.1220703125,6.7626953125
0,-0.1953125,-0.35400390625,-0.79345703125,-0.3173828125,-0.048828125,-0.20751953125,0,0.0732421875,-0.0732421875,-0.1953125,-1.23291015625,-0.96435546875,0.048828125,1.08642578125,0.29296875,-0.35400390625,-0.439453125,1.33056640625,0.32958984375,4.6142578125,0.98876953125,2.24609375,-0.42724609375,0.91552734375,0.634765625,-0.0244140625,-0.048828125,-0.830078125,-0.08544921875,0.86669921875,0.03662109375,0.20751953125,0.81787109375,-0.09765625,0.25634765625,-0.76904296875,1.37939453125,-0.42724609375,0.10986328125,-0.81787109375,-0.32958984375,-0.0732421875,0.537109375,-0.6103515625,-0.4150390625,-0.4150390625,-0.06103515625,0.64697265625,0.45166015625,2.7587890625,0.0732421875,3.06396484375,3.076171875,0.52490234375,-2.52685546875,2.9541015625,-0.64697265625,0.69580078125,1.01318359375,0.54931640625,-1.55029296875,0.78125,5.0048828125,1.0986328125,-3.86962890625,6.8115234375,-2.2216796875,1.708984375,0.3662109375,0.2197265625,0.03662109375,0.6591796875,0.18310546875,0.20751953125,0.79345703125,0.5615234375,-0.048828125,-0.0244140625,0.25634765625,1.25732421875,0.35400390625,-0.54931640625,0.91552734375,-0.3662109375,-1.1962890625,0.29296875,-5.38330078125,1.171875,-0.6103515625,-1.42822265625,-0.20751953125,0.1953125,0.2685546875,-0.23193359375,-0.146484375,-1.03759765625,-0.1708984375,-0.68359375,-0.1708984375,-0.59814453125,-0.13427734375,-0.68359375,-0.146484375,0.048828125,-0.0244140625,1.79443359375,0.13427734375,3.369140625,-0.0732421875,1.06201171875,-0.08544921875,3.2470703125,0.28076171875,0.439453125,-0.01220703125,0.06103515625,-0.048828125,0.03662109375,0.1220703125,0.13427734375,-0.23193359375,1.74560546875,-0.42724609375,1.98974609375,-0.244140625,0.5615234375,-0.146484375,6.2255859375
0,-0.15869140625,-0.3662109375,-0.81787109375,-0.3173828125,0.0244140625,-0.20751953125,0.09765625,0.06103515625,-0.09765625,-0.18310546875,-1.220703125,-0.98876953125,0.06103515625,1.1474609375,0.4150390625,-0.341796875,-0.48828125,1.7333984375,0.32958984375,5.48095703125,0.8544921875,2.52685546875,-0.3173828125,1.20849609375,0.69580078125,-0.048828125,0.0732421875,-0.830078125,0.13427734375,0.8544921875,0.20751953125,0.20751953125,0.81787109375,-0.0732421875,0.35400390625,-0.76904296875,1.171875,-0.35400390625,0.23193359375,-0.927734375,-0.244140625,-0.1220703125,0.4150390625,-0.5859375,-0.3662109375,-0.40283203125,-0.15869140625,0.6591796875,0.244140625,3.11279296875,0.42724609375,2.60009765625,2.5390625,0.59814453125,-2.60009765625,2.72216796875,-0.64697265625,0.7080078125,1.08642578125,0.537109375,-1.4404296875,0.7568359375,5.18798828125,1.0986328125,-3.515625,6.0546875,-2.0751953125,1.611328125,0.52490234375,0.23193359375,0.23193359375,0.57373046875,0.18310546875,0.1953125,0.81787109375,0.5615234375,-0.06103515625,-0.03662109375,0.25634765625,1.2451171875,0.35400390625,-0.5126953125,0.91552734375,-0.341796875,-0.927734375,0,-4.8583984375,1.59912109375,-0.68359375,-1.4404296875,-0.3173828125,0.20751953125,0.29296875,-0.244140625,-0.1708984375,-1.07421875,-0.08544921875,-0.68359375,-0.1708984375,-0.62255859375,-0.18310546875,-0.7080078125,-0.09765625,0.06103515625,-0.03662109375,1.2939453125,0.10986328125,2.5634765625,-0.06103515625,0.64697265625,-0.10986328125,2.69775390625,0.3173828125,0.439453125,0.06103515625,0.06103515625,-0.06103515625,0.048828125,0.13427734375,0.13427734375,-0.244140625,1.69677734375,-0.390625,1.94091796875,-0.244140625,0.54931640625,-0.146484375,5.810546875
0,-0.1708984375,-0.35400390625,-0.830078125,-0.29296875,0.146484375,-0.23193359375,0.18310546875,0.0732421875,-0.06103515625,-0.1708984375,-0.89111328125,-1.0009765625,0.0732421875,1.20849609375,0.59814453125,-0.3173828125,-0.47607421875,2.0751953125,0.25634765625,6.25,0.78125,2.77099609375,-0.1708984375,1.45263671875,0.69580078125,-0.10986328125,0.146484375,-0.830078125,0.29296875,0.8544921875,0.390625,0.2197265625,0.5615234375,-0.0732421875,0.439453125,-0.76904296875,1.01318359375,-0.28076171875,0.1220703125,-0.98876953125,-0.18310546875,-0.13427734375,0.2685546875,-0.57373046875,-0.3173828125,-0.4150390625,-0.2197265625,0.6591796875,-0.2197265625,3.40576171875,0.9521484375,2.03857421875,1.9287109375,0.6591796875,-2.685546875,2.3681640625,-0.64697265625,0.69580078125,1.18408203125,0.537109375,-1.416015625,0.68359375,5.078125,1.1474609375,-3.35693359375,5.224609375,-2.0751953125,1.611328125,0.634765625,0.1953125,0.32958984375,0.47607421875,0.0244140625,0.146484375,0.78125,0.6103515625,-0.10986328125,-0.0244140625,0.25634765625,1.220703125,0.390625,-0.48828125,0.9521484375,-0.341796875,-0.62255859375,-0.146484375,-4.96826171875,1.98974609375,-0.830078125,-1.46484375,-0.37841796875,0.1953125,0.29296875,-0.244140625,-0.2197265625,-1.07421875,-0.01220703125,-0.68359375,-0.15869140625,-0.634765625,-0.1953125,-0.69580078125,-0.09765625,0.03662109375,0.01220703125,0.76904296875,0.08544921875,1.7578125,-0.01220703125,0.28076171875,-0.09765625,2.18505859375,0.29296875,0.42724609375,0.06103515625,0.06103515625,-0.06103515625,0.03662109375,0.10986328125,0.10986328125,-0.244140625,1.66015625,-0.32958984375,1.96533203125,-0.244140625,0.54931640625,-0.15869140625,5.55419921875
0,-0.1953125,-0.37841796875,-0.78125,-0.30517578125,0.25634765625,-0.244140625,0.09765625,0.09765625,-0.08544921875,-0.18310546875,-0.2197265625,-1.025390625,0.1220703125,1.220703125,0.7080078125,-0.30517578125,-0.40283203125,2.33154296875,0.20751953125,6.82373046875,0.69580078125,2.9296875,-0.13427734375,1.6357421875,0.74462890625,-0.18310546875,0.146484375,-0.830078125,0.3662109375,0.86669921875,0.45166015625,0.20751953125,0.32958984375,-0.0244140625,0.47607421875,-0.76904296875,0.84228515625,-0.20751953125,0.244140625,-0.9765625,-0.20751953125,-0.1708984375,0.13427734375,-0.5859375,-0.10986328125,-0.390625,-0.244140625,0.67138671875,-0.59814453125,3.60107421875,1.20849609375,1.513671875,1.3916015625,0.7080078125,-2.40478515625,2.0263671875,-0.59814453125,0.69580078125,1.171875,0.54931640625,-1.3671875,0.62255859375,4.62646484375,1.25732421875,-3.16162109375,4.45556640625,-2.1240234375,1.67236328125,0.732421875,0.18310546875,0.13427734375,0.37841796875,-0.1708984375,0.146484375,0.7568359375,0.74462890625,-0.13427734375,-0.03662109375,0.1953125,1.18408203125,0.42724609375,-0.48828125,1.03759765625,-0.32958984375,-0.42724609375,-0.09765625,-4.91943359375,2.2216796875,-0.79345703125,-1.47705078125,-0.48828125,0.146484375,0.28076171875,-0.25634765625,-0.3173828125,-1.08642578125,0.048828125,-0.69580078125,-0.1220703125,-0.64697265625,-0.2197265625,-0.69580078125,-0.1220703125,0.03662109375,0.03662109375,0.2685546875,0.0732421875,0.927734375,0.01220703125,-0.09765625,-0.08544921875,1.67236328125,0.23193359375,0.4150390625,0.048828125,0.048828125,-0.0732421875,0.0732421875,0.10986328125,0.09765625,-0.29296875,1.66015625,-0.2685546875,1.953125,-0.23193359375,0.57373046875,-0.1708984375,5.40771484375
1,-0.25634765625,-0.3662109375,-0.7080078125,-0.25634765625,0.390625,-0.20751953125,0.06103515625,0.1220703125,-0.1220703125,-0.1708984375,0.390625,-1.0498046875,0.09765625,1.1962890625,0.67138671875,-0.28076171875,-0.3662109375,2.490234375,0.1708984375,7.18994140625,0.64697265625,3.0517578125,-0.1708984375,1.74560546875,0.7080078125,-0.2197265625,0.06103515625,-0.84228515625,0.40283203125,0.8544921875,0.5126953125,0.20751953125,-0.0732421875,0.01220703125,0.4150390625,-0.76904296875,1.318359375,-0.18310546875,-0.18310546875,-0.89111328125,-0.244140625,-0.244140625,0.06103515625,-0.57373046875,0.10986328125,-0.37841796875,-0.18310546875,0.68359375,-0.69580078125,3.67431640625,0.91552734375,1.0986328125,1.06201171875,0.732421875,-1.96533203125,1.66015625,-0.50048828125,0.732421875,1.11083984375,0.54931640625,-1.40380859375,0.59814453125,4.67529296875,1.42822265625,-3.7109375,3.84521484375,-1.94091796875,1.77001953125,0.8544921875,0.18310546875,0.09765625,0.3173828125,-0.32958984375,0.10986328125,0.67138671875,0.9033203125,-0.15869140625,-0.01220703125,0.0732421875,1.171875,0.390625,-0.5126953125,1.025390625,-0.341796875,-0.537109375,0.146484375,-4.82177734375,2.34375,-0.86669921875,-1.46484375,-0.62255859375,0.10986328125,0.23193359375,-0.2685546875,-0.40283203125,-1.08642578125,0.10986328125,-0.72021484375,-0.09765625,-0.64697265625,-0.25634765625,-0.69580078125,-0.146484375,0.01220703125,0.01220703125,-0.23193359375,0.13427734375,0.08544921875,0.048828125,-0.4638671875,-0.08544921875,1.171875,0.1953125,0.40283203125,0.0244140625,0.06103515625,-0.06103515625,0.06103515625,0.048828125,0.0732421875,-0.2685546875,1.67236328125,-0.1953125,1.9775390625,-0.1953125,0.59814453125,-0.10986328125,5.37109375
1,-0.3173828125,-0.3662109375,-0.72021484375,-0.2197265625,0.537109375,-0.1953125,0.03662109375,0.15869140625,-0.08544921875,-0.1708984375,0.68359375,-1.03759765625,0.15869140625,1.20849609375,0.57373046875,-0.25634765625,-0.37841796875,2.5634765625,0.146484375,7.33642578125,0.5859375,3.0517578125,-0.1953125,1.7822265625,0.72021484375,-0.28076171875,-0.06103515625,-0.8544921875,0.390625,0.86669921875,0.5859375,0.1953125,-0.1953125,0.08544921875,0.244140625,-0.78125,1.35498046875,-0.15869140625,-0.01220703125,-0.76904296875,-0.32958984375,-0.244140625,0.03662109375,-0.59814453125,0.3173828125,-0.390625,-0.09765625,0.67138671875,-0.8544921875,3.60107421875,0.9521484375,0.89111328125,0.76904296875,0.7568359375,-1.2451171875,1.37939453125,-0.439453125,0.7080078125,1.01318359375,0.5615234375,-1.40380859375,0.57373046875,4.60205078125,1.62353515625,-2.978515625,3.45458984375,-1.69677734375,1.953125,0.84228515625,0.18310546875,-0.2197265625,0.29296875,-0.390625,0.1220703125,0.5615234375,1.0498046875,-0.2685546875,-0.0244140625,0.01220703125,1.15966796875,0.48828125,-0.52490234375,0.78125,-0.341796875,-1.01318359375,0.48828125,-4.345703125,2.25830078125,-0.87890625,-1.47705078125,-0.62255859375,0.0732421875,0.23193359375,-0.25634765625,-0.4638671875,-1.07421875,0.146484375,-0.7080078125,-0.146484375,-0.6591796875,-0.25634765625,-0.68359375,-0.146484375,0,-0.0244140625,-0.72021484375,0.18310546875,-0.78125,0.03662109375,-0.8544921875,-0.09765625,0.67138671875,0.13427734375,0.37841796875,-0.0244140625,0.0732421875,-0.06103515625,0.0732421875,0.06103515625,0.0732421875,-0.2685546875,1.69677734375,-0.1220703125,1.96533203125,-0.1708984375,0.634765625,-0.1708984375,5.40771484375
1,-0.35400390625,-0.3662109375,-0.76904296875,-0.18310546875,0.537109375,-0.18310546875,0.06103515625,0.1708984375,0,-0.1708984375,0.78125,-1.03759765625,0.18310546875,1.18408203125,0.37841796875,-0.25634765625,-0.30517578125,2.47802734375,0.1220703125,7.2265625,0.42724609375,2.96630859375,-0.18310546875,1.74560546875,0.7080078125,-0.30517578125,-0.1953125,-0.8544921875,0.2685546875,0.8544921875,0.6103515625,0.1953125,-0.20751953125,0.20751953125,0.0244140625,-0.78125,1.1962890625,-0.15869140625,-0.1708984375,-0.6591796875,-0.47607421875,-0.25634765625,0.01220703125,-0.62255859375,0.52490234375,-0.40283203125,-0.0732421875,0.634765625,-1.1962890625,3.4423828125,0.64697265625,0.830078125,1.0498046875,0.76904296875,-0.4638671875,1.15966796875,-0.439453125,0.7080078125,0.87890625,0.5615234375,-1.3671875,0.59814453125,4.6142578125,1.81884765625,-2.45361328125,3.30810546875,-1.35498046875,2.16064453125,0.72021484375,0.1953125,-0.48828125,0.32958984375,-0.439453125,0.10986328125,0.48828125,1.123046875,-0.3173828125,-0.01220703125,0.0244140625,1.15966796875,0.5615234375,-0.5859375,0.4638671875,-0.37841796875,-1.46484375,0.91552734375,-3.8330078125,2.13623046875,-0.9033203125,-1.45263671875,-0.52490234375,0.0244140625,0.20751953125,-0.2197265625,-0.537109375,-1.025390625,0.10986328125,-0.69580078125,-0.1708984375,-0.6591796875,-0.23193359375,-0.6591796875,-0.1708984375,0,-0.048828125,-1.1962890625,0.1953125,-1.611328125,-0.03662109375,-1.2451171875,-0.09765625,0.1953125,0.0732421875,0.35400390625,-0.08544921875,0.06103515625,-0.06103515625,0.06103515625,0.03662109375,0.0732421875,-0.2685546875,1.6845703125,-0.0732421875,1.96533203125,-0.15869140625,0.62255859375,-0.244140625,5.43212890625
1,-0.35400390625,-0.3662109375,-0.76904296875,-0.18310546875,0.4638671875,-0.18310546875,0.08544921875,0.146484375,0.13427734375,-0.1953125,0.76904296875,-1.03759765625,0.146484375,1.15966796875,0.25634765625,-0.2197265625,-0.244140625,2.294921875,0.1220703125,6.93359375,0.244140625,2.84423828125,0.0244140625,1.59912109375,0.59814453125,-0.29296875,-0.341796875,-0.8544921875,0.03662109375,0.86669921875,0.59814453125,0.18310546875,-0.01220703125,0.4150390625,-0.244140625,-0.79345703125,1.1962890625,-0.13427734375,-0.20751953125,-0.537109375,-0.6591796875,-0.25634765625,0.0244140625,-0.64697265625,0.5615234375,-0.4150390625,-0.0732421875,0.634765625,-1.25732421875,3.22265625,0.390625,0.96435546875,1.171875,0.7568359375,-0.1220703125,1.03759765625,-0.4638671875,0.68359375,0.7568359375,0.54931640625,-1.4892578125,0.67138671875,4.19921875,1.9775390625,-2.57568359375,3.35693359375,-1.5869140625,2.33154296875,0.62255859375,0.23193359375,-0.5615234375,0.390625,-0.45166015625,0.15869140625,0.439453125,1.123046875,-0.29296875,-0.0244140625,-0.01220703125,1.15966796875,0.5615234375,-0.634765625,0.23193359375,-0.40283203125,-2.1728515625,1.2939453125,-3.7109375,1.98974609375,-0.93994140625,-1.4404296875,-0.5615234375,0,0.20751953125,-0.1953125,-0.64697265625,-1.01318359375,0.0732421875,-0.69580078125,-0.2197265625,-0.64697265625,-0.25634765625,-0.64697265625,-0.1708984375,0,-0.0732421875,-1.59912109375,0.08544921875,-2.3193359375,-0.15869140625,-1.5869140625,-0.15869140625,-0.23193359375,-0.01220703125,0.341796875,-0.10986328125,0.048828125,-0.06103515625,0.048828125,-0.048828125,0.09765625,-0.2685546875,1.66015625,-0.048828125,1.9287109375,-0.146484375,0.5859375,-0.28076171875,5.43212890625
1,-0.390625,-0.35400390625,-0.7080078125,-0.1953125,0.48828125,-0.1708984375,0.09765625,0.1220703125,0.28076171875,-0.1953125,0.6103515625,-1.025390625,0.0732421875,1.18408203125,0.08544921875,-0.244140625,-0.1708984375,2.0263671875,0.13427734375,6.494140625,0.048828125,2.67333984375,0.2685546875,1.416015625,0.537109375,-0.28076171875,-0.439453125,-0.8544921875,-0.28076171875,0.8544921875,0.5615234375,0.18310546875,0.1953125,0.59814453125,-0.47607421875,-0.830078125,0.91552734375,-0.10986328125,-0.341796875,-0.4150390625,-0.78125,-0.23193359375,0.03662109375,-0.634765625,0.57373046875,-0.439453125,-0.08544921875,0.634765625,-1.18408203125,3.0517578125,0.0244140625,1.23291015625,1.35498046875,0.732421875,0.10986328125,0.98876953125,-0.5615234375,0.68359375,0.7080078125,0.5615234375,-1.6357421875,0.72021484375,3.60107421875,2.11181640625,-2.50244140625,3.6376953125,-1.91650390625,2.47802734375,0.4638671875,0.23193359375,-0.62255859375,0.48828125,-0.5859375,0.18310546875,0.3662109375,1.0498046875,-0.29296875,-0.048828125,0.01220703125,1.1962890625,0.48828125,-0.69580078125,-0.03662109375,-0.439453125,-2.6611328125,1.513671875,-3.173828125,1.98974609375,-0.86669921875,-1.40380859375,-0.4150390625,0,0.146484375,-0.1708984375,-0.72021484375,-1.0009765625,-0.0244140625,-0.67138671875,-0.29296875,-0.62255859375,-0.29296875,-0.64697265625,-0.15869140625,0.03662109375,-0.048828125,-1.86767578125,-0.01220703125,-2.880859375,-0.18310546875,-1.84326171875,-0.13427734375,-0.57373046875,-0.08544921875,0.341796875,-0.18310546875,0.06103515625,-0.08544921875,0.03662109375,0.0244140625,0.09765625,-0.244140625,1.62353515625,-0.08544921875,1.8798828125,-0.1220703125,0.52490234375,-0.3173828125,5.3466796875
1,-0.439453125,-0.35400390625,-0.634765625,-0.20751953125,0.47607421875,-0.18310546875,0.13427734375,0.09765625,0.2685546875,-0.2197265625,0.13427734375,-1.01318359375,-0.048828125,1.23291015625,-0.08544921875,-0.25634765625,-0.1220703125,1.708984375,0.08544921875,5.94482421875,-0.18310546875,2.47802734375,0.5126953125,1.18408203125,0.390625,-0.2197265625,-0.50048828125,-0.830078125,-0.5859375,0.84228515625,0.439453125,0.1953125,0.23193359375,0.81787109375,-0.59814453125,-0.830078125,1.03759765625,-0.0244140625,-0.6103515625,-0.3173828125,-0.81787109375,-0.18310546875,0.048828125,-0.64697265625,0.52490234375,-0.45166015625,-0.09765625,0.62255859375,-1.42822265625,2.978515625,-0.62255859375,1.57470703125,1.46484375,0.732421875,0.09765625,1.025390625,-0.68359375,0.7080078125,0.634765625,0.54931640625,-1.77001953125,0.79345703125,3.38134765625,2.1728515625,-3.5400390625,4.01611328125,-1.94091796875,2.5634765625,0.35400390625,0.25634765625,-0.59814453125,0.5615234375,-0.68359375,0.1708984375,0.3173828125,0.93994140625,-0.1953125,-0.048828125,0.1220703125,1.1962890625,0.4150390625,-0.81787109375,-0.23193359375,-0.45166015625,-3.125,1.5380859375,-2.8564453125,2.18505859375,-0.830078125,-1.37939453125,-0.37841796875,0.0244140625,0.10986328125,-0.15869140625,-0.78125,-0.9765625,-0.10986328125,-0.634765625,-0.30517578125,-0.62255859375,-0.32958984375,-0.62255859375,-0.13427734375,0.03662109375,-0.01220703125,-2.08740234375,-0.0732421875,-3.1982421875,-0.2197265625,-2.001953125,-0.10986328125,-0.78125,-0.18310546875,0.3662109375,-0.29296875,0.048828125,-0.048828125,0.08544921875,0.09765625,0.15869140625,-0.2197265625,1.55029296875,-0.13427734375,1.84326171875,-0.146484375,0.48828125,-0.32958984375,5.13916015625
1,-0.4638671875,-0.341796875,-0.54931640625,-0.244140625,0.537109375,-0.20751953125,0.09765625,0.0732421875,0.09765625,-0.23193359375,-0.20751953125,-1.01318359375,-0.01220703125,1.33056640625,-0.18310546875,-0.2685546875,-0.1708984375,1.37939453125,0.03662109375,5.3466796875,-0.244140625,2.30712890625,0.64697265625,0.93994140625,0.2197265625,-0.1220703125,-0.5615234375,-0.84228515625,-0.78125,0.8544921875,0.29296875,0.20751953125,0.1953125,1.01318359375,-0.64697265625,-0.830078125,0.9521484375,0.0732421875,-0.732421875,-0.2197265625,-0.69580078125,-0.13427734375,0.06103515625,-0.64697265625,0.390625,-0.439453125,-0.09765625,0.6103515625,-1.0498046875,3.03955078125,-0.9765625,1.96533203125,1.69677734375,0.76904296875,-0.32958984375,1.11083984375,-0.76904296875,0.69580078125,0.57373046875,0.54931640625,-1.806640625,0.87890625,3.45458984375,2.18505859375,-3.7353515625,4.47998046875,-1.96533203125,2.5634765625,0.20751953125,0.244140625,-0.54931640625,0.6103515625,-0.7080078125,0.20751953125,0.244140625,0.830078125,-0.1708984375,-0.03662109375,0.146484375,1.20849609375,0.341796875,-0.9033203125,-0.25634765625,-0.47607421875,-3.45458984375,1.26953125,-3.28369140625,2.587890625,-0.7080078125,-1.35498046875,-0.4638671875,0.13427734375,0.13427734375,-0.146484375,-0.72021484375,-0.98876953125,-0.2197265625,-0.64697265625,-0.32958984375,-0.59814453125,-0.3173828125,-0.64697265625,-0.09765625,0.06103515625,0.0244140625,-2.1240234375,-0.06103515625,-3.2958984375,-0.18310546875,-2.05078125,-0.09765625,-0.84228515625,-0.25634765625,0.37841796875,-0.3662109375,0.048828125,-0.06103515625,0.08544921875,0.1220703125,0.15869140625,-0.1953125,1.4404296875,-0.20751953125,1.7578125,-0.20751953125,0.390625,-0.2197265625,4.8095703125
1,-0.439453125,-0.341796875,-0.4638671875,-0.25634765625,0.634765625,-0.20751953125,-0.06103515625,0.03662109375,-0.0732421875,-0.2197265625,-0.146484375,-1.0009765625,-0.048828125,1.40380859375,-0.23193359375,-0.3173828125,-0.25634765625,1.06201171875,-0.01220703125,4.74853515625,-0.29296875,2.1484375,0.67138671875,0.69580078125,0.13427734375,-0.03662109375,-0.5859375,-0.84228515625,-0.830078125,0.86669921875,0.03662109375,0.1953125,0.20751953125,1.1474609375,-0.59814453125,-0.84228515625,0.74462890625,0.23193359375,-0.72021484375,-0.08544921875,-0.68359375,-0.09765625,0.06103515625,-0.62255859375,0.29296875,-0.45166015625,-0.13427734375,0.6103515625,-0.84228515625,3.2958984375,-1.0986328125,2.3193359375,1.9287109375,0.7568359375,-0.42724609375,1.26953125,-0.89111328125,0.72021484375,0.537109375,0.5615234375,-1.7578125,0.93994140625,3.47900390625,2.13623046875,-3.77197265625,4.98046875,-1.69677734375,2.50244140625,0.06103515625,0.244140625,-0.4150390625,0.62255859375,-0.732421875,0.2197265625,0.1708984375,0.6591796875,-0.13427734375,-0.048828125,0.20751953125,1.23291015625,0.244140625,-0.9765625,-0.18310546875,-0.439453125,-3.47900390625,0.81787109375,-3.4912109375,3.23486328125,-0.48828125,-1.3671875,-0.30517578125,0.2197265625,0.09765625,-0.146484375,-0.69580078125,-0.98876953125,-0.2685546875,-0.634765625,-0.29296875,-0.634765625,-0.28076171875,-0.64697265625,-0.08544921875,0.048828125,0.0732421875,-2.05078125,0.01220703125,-3.13720703125,-0.146484375,-1.9775390625,-0.08544921875,-0.76904296875,-0.32958984375,0.390625,-0.390625,0.06103515625,-0.0732421875,0.0732421875,0.15869140625,0.15869140625,-0.1953125,1.33056640625,-0.244140625,1.66015625,-0.244140625,0.29296875,0.01220703125,4.33349609375
1,-0.4638671875,-0.35400390625,-0.42724609375,-0.30517578125,0.68359375,-0.20751953125,-0.08544921875,0.01220703125,-0.4638671875,-0.23193359375,0.048828125,-0.98876953125,0,1.513671875,-0.20751953125,-0.3173828125,-0.40283203125,0.72021484375,-0.09765625,4.18701171875,-0.45166015625,2.0263671875,0.67138671875,0.4638671875,0.01220703125,0.03662109375,-0.57373046875,-0.830078125,-0.76904296875,0.89111328125,-0.2685546875,0.20751953125,-0.1220703125,1.20849609375,-0.45166015625,-0.84228515625,0.5859375,0.40283203125,-0.537109375,0.03662109375,-0.50048828125,-0.0732421875,0.03662109375,-0.59814453125,0.1708984375,-0.45166015625,-0.146484375,0.59814453125,-0.5615234375,3.67431640625,-1.35498046875,2.587890625,2.3193359375,0.7568359375,-0.341796875,1.45263671875,-1.01318359375,0.72021484375,0.50048828125,0.54931640625,-1.72119140625,1.01318359375,3.69873046875,2.05078125,-3.69873046875,5.46875,-1.8310546875,2.3681640625,-0.048828125,0.2197265625,-0.3173828125,0.57373046875,-0.69580078125,0.20751953125,0.146484375,0.5859375,-0.0244140625,-0.03662109375,0.3173828125,1.23291015625,0.1220703125,-1.01318359375,-0.09765625,-0.42724609375,-3.57666015625,0.244140625,-3.9794921875,3.99169921875,-0.40283203125,-1.35498046875,-0.390625,0.35400390625,0.06103515625,-0.15869140625,-0.59814453125,-0.9765625,-0.37841796875,-0.634765625,-0.3173828125,-0.6591796875,-0.2197265625,-0.634765625,-0.09765625,0.03662109375,0.10986328125,-1.86767578125,0.0732421875,-2.8076171875,-0.15869140625,-1.81884765625,-0.09765625,-0.57373046875,-0.37841796875,0.42724609375,-0.30517578125,0.03662109375,-0.06103515625,0.06103515625,0.1708984375,0.15869140625,-0.1708984375,1.15966796875,-0.25634765625,1.513671875,-0.25634765625,0.1953125,0.01220703125,3.7109375
1,-0.4638671875,-0.341796875,-0.42724609375,-0.29296875,0.69580078125,-0.20751953125,-0.0732421875,0,-0.830078125,-0.25634765625,0.01220703125,-0.98876953125,0.1220703125,1.6357421875,-0.23193359375,-0.32958984375,-0.62255859375,0.4150390625,-0.146484375,3.64990234375,-0.42724609375,1.904296875,0.64697265625,0.25634765625,-0.03662109375,0.09765625,-0.52490234375,-0.84228515625,-0.5859375,0.89111328125,-0.50048828125,0.23193359375,-0.28076171875,1.1474609375,-0.28076171875,-0.81787109375,0.927734375,0.634765625,-0.3173828125,0.15869140625,-0.32958984375,-0.0732421875,0,-0.59814453125,0.10986328125,-0.439453125,-0.18310546875,0.62255859375,-0.28076171875,4.2236328125,-1.2939453125,2.77099609375,2.38037109375,0.74462890625,-0.29296875,1.66015625,-1.0498046875,0.7568359375,0.5615234375,0.54931640625,-1.7822265625,1.0498046875,3.61328125,1.94091796875,-3.759765625,5.95703125,-1.89208984375,2.20947265625,-0.01220703125,0.18310546875,-0.2685546875,0.50048828125,-0.62255859375,0.18310546875,0.0732421875,0.6103515625,0.0732421875,-0.03662109375,0.3173828125,1.220703125,0.10986328125,-1.0498046875,0.01220703125,-0.390625,-3.3935546875,-0.3662109375,-4.08935546875,4.78515625,-0.4638671875,-1.37939453125,-0.5859375,0.47607421875,0,-0.1708984375,-0.537109375,-1.0009765625,-0.47607421875,-0.64697265625,-0.3662109375,-0.64697265625,-0.13427734375,-0.64697265625,-0.10986328125,0.0244140625,0.1220703125,-1.57470703125,0.1220703125,-2.3681640625,-0.146484375,-1.55029296875,-0.08544921875,-0.25634765625,-0.4150390625,0.4150390625,-0.20751953125,0.048828125,-0.06103515625,0.048828125,0.15869140625,0.13427734375,-0.1953125,0.96435546875,-0.2685546875,1.37939453125,-0.30517578125,0.048828125,-0.08544921875,2.94189453125
1,-0.439453125,-0.341796875,-0.390625,-0.30517578125,0.7080078125,-0.2197265625,0,0.01220703125,-1.123046875,-0.244140625,-0.1220703125,-1.01318359375,0.18310546875,1.708984375,-0.3662109375,-0.32958984375,-0.732421875,0.18310546875,-0.2197265625,3.13720703125,-0.28076171875,1.8310546875,0.59814453125,0.06103515625,-0.03662109375,0.15869140625,-0.40283203125,-0.8544921875,-0.3662109375,0.87890625,-0.6591796875,0.2197265625,-0.35400390625,0.9521484375,-0.06103515625,-0.81787109375,0.634765625,0.8544921875,-0.0732421875,0.28076171875,-0.1708984375,-0.10986328125,-0.08544921875,-0.5859375,-0.03662109375,-0.439453125,-0.18310546875,0.634765625,-0.18310546875,4.736328125,-1.15966796875,2.8076171875,2.77099609375,0.72021484375,-0.28076171875,1.8798828125,-1.06201171875,0.74462890625,0.59814453125,0.5615234375,-1.86767578125,1.07421875,3.72314453125,1.806640625,-3.08837890625,6.40869140625,-1.74560546875,2.0263671875,-0.01220703125,0.1708984375,-0.28076171875,0.37841796875,-0.52490234375,0.18310546875,0.048828125,0.69580078125,0.1220703125,-0.03662109375,0.341796875,1.220703125,-0.048828125,-1.08642578125,0.0732421875,-0.3173828125,-2.99072265625,-0.8544921875,-3.80859375,5.46875,-0.54931640625,-1.3671875,-0.47607421875,0.59814453125,-0.01220703125,-0.1953125,-0.50048828125,-1.01318359375,-0.5615234375,-0.6591796875,-0.3662109375,-0.6103515625,-0.03662109375,-0.69580078125,-0.13427734375,0.0244140625,0.1220703125,-1.25732421875,0.0732421875,-1.89208984375,-0.1708984375,-1.26953125,-0.09765625,0.0732421875,-0.42724609375,0.4150390625,-0.06103515625,0.0244140625,-0.06103515625,0.03662109375,0.23193359375,0.1220703125,-0.20751953125,0.79345703125,-0.25634765625,1.23291015625,-0.25634765625,-0.1220703125,0,2.08740234375
0,-0.40283203125,-0.3662109375,-0.29296875,-0.30517578125,0.72021484375,-0.23193359375,-0.01220703125,0.0244140625,-1.45263671875,-0.2685546875,-0.048828125,-1.0009765625,0.30517578125,1.72119140625,-0.5126953125,-0.32958984375,-0.79345703125,-0.048828125,-0.28076171875,2.60009765625,-0.09765625,1.72119140625,0.54931640625,-0.1220703125,-0.0244140625,0.20751953125,-0.20751953125,-0.8544921875,-0.18310546875,0.86669921875,-0.69580078125,0.2197265625,-0.439453125,0.67138671875,0.15869140625,-0.78125,0.244140625,1.08642578125,-0.03662109375,0.390625,-0.0732421875,-0.15869140625,-0.13427734375,-0.57373046875,-0.09765625,-0.4150390625,-0.18310546875,0.6591796875,0.29296875,5.2001953125,-0.59814453125,2.69775390625,2.77099609375,0.64697265625,-0.6103515625,2.08740234375,-1.03759765625,0.74462890625,0.72021484375,0.54931640625,-1.94091796875,1.08642578125,3.61328125,1.66015625,-2.4658203125,6.84814453125,-1.5625,1.85546875,0.01220703125,0.15869140625,-0.30517578125,0.25634765625,-0.4150390625,0.146484375,0.10986328125,0.84228515625,0.15869140625,-0.048828125,0.341796875,1.1962890625,-0.09765625,-1.08642578125,0.2197265625,-0.29296875,-2.3681640625,-1.1474609375,-4.1748046875,5.908203125,-0.59814453125,-1.3671875,-0.6103515625,0.68359375,0,-0.2197265625,-0.537109375,-1.0498046875,-0.6103515625,-0.7080078125,-0.341796875,-0.6103515625,0.0244140625,-0.7080078125,-0.1708984375,0.01220703125,0.10986328125,-1.01318359375,0.06103515625,-1.4892578125,-0.15869140625,-1.06201171875,-0.09765625,0.37841796875,-0.45166015625,0.40283203125,0.06103515625,0.03662109375,-0.06103515625,0.01220703125,0.28076171875,0.10986328125,-0.244140625,0.59814453125,-0.18310546875,1.0986328125,-0.23193359375,-0.25634765625,0,1.2451171875
0,-0.30517578125,-0.35400390625,-0.20751953125,-0.30517578125,0.6103515625,-0.2197265625,0.08544921875,0.0244140625,-1.3671875,-0.2685546875,0.15869140625,-1.0009765625,0.537109375,1.64794921875,-0.64697265625,-0.341796875,-0.86669921875,-0.28076171875,-0.30517578125,2.06298828125,0.146484375,1.5869140625,0.42724609375,-0.28076171875,0.048828125,0.2197265625,-0.03662109375,-0.86669921875,0.0244140625,0.86669921875,-0.6591796875,0.1953125,-0.4150390625,0.341796875,0.341796875,-0.78125,0.634765625,1.28173828125,-0.048828125,0.4638671875,-0.01220703125,-0.20751953125,-0.18310546875,-0.6103515625,-0.18310546875,-0.4150390625,-0.13427734375,0.67138671875,0.42724609375,5.50537109375,0.10986328125,2.490234375,2.40478515625,0.5126953125,-1.1474609375,2.23388671875,-0.927734375,0.7568359375,0.86669921875,0.54931640625,-1.9287109375,1.123046875,3.57666015625,1.50146484375,-2.20947265625,7.2021484375,-0.927734375,1.69677734375,0.0732421875,0.1708984375,-0.390625,0.146484375,-0.42724609375,0.1220703125,0.146484375,0.9765625,0.1708984375,-0.0244140625,0.35400390625,1.171875,0,-1.025390625,0.30517578125,-0.2685546875,-1.96533203125,-1.18408203125,-3.96728515625,6.06689453125,-0.59814453125,-1.35498046875,-0.537109375,0.7080078125,-0.01220703125,-0.25634765625,-0.52490234375,-1.07421875,-0.5859375,-0.732421875,-0.29296875,-0.634765625,0.08544921875,-0.72021484375,-0.1708984375,0.01220703125,0.0732421875,-0.830078125,0.1220703125,-1.20849609375,-0.13427734375,-0.91552734375,-0.08544921875,0.59814453125,-0.40283203125,0.40283203125,0.18310546875,0.03662109375,-0.06103515625,0.03662109375,0.2685546875,0.09765625,-0.30517578125,0.4150390625,-0.1220703125,0.96435546875,-0.18310546875,-0.40283203125,0.01220703125,0.5126953125
0,-0.28076171875,-0.35400390625,-0.13427734375,-0.29296875,0.59814453125,-0.23193359375,-0.03662109375,0.048828125,-1.0498046875,-0.28076171875,0.32958984375,-1.0009765625,0.7568359375,1.52587890625,-0.52490234375,-0.32958984375,-0.81787109375,-0.50048828125,-0.37841796875,1.4404296875,0.29296875,1.45263671875,0.28076171875,-0.42724609375,0.13427734375,0.244140625,0.15869140625,-0.84228515625,0.1953125,0.8544921875,-0.59814453125,0.20751953125,-0.50048828125,0,0.4638671875,-0.76904296875,0.4638671875,1.50146484375,0.048828125,0.50048828125,0,-0.244140625,-0.18310546875,-0.6103515625,-0.28076171875,-0.4150390625,-0.09765625,0.6591796875,0.89111328125,5.57861328125,0.87890625,2.1728515625,2.1728515625,0.30517578125,-1.06201171875,2.34375,-0.830078125,0.74462890625,0.89111328125,0.57373046875,-1.904296875,1.13525390625,3.62548828125,1.3671875,-1.28173828125,7.4951171875,-0.4638671875,1.5869140625,0.2197265625,0.2197265625,-0.42724609375,0.06103515625,-0.50048828125,0.146484375,0.15869140625,1.07421875,0.0732421875,-0.03662109375,0.3173828125,1.15966796875,0.244140625,-0.9765625,0.3662109375,-0.29296875,-1.3427734375,-0.9765625,-4.345703125,5.8349609375,-0.537109375,-1.3427734375,-0.47607421875,0.7080078125,0.01220703125,-0.28076171875,-0.439453125,-1.08642578125,-0.52490234375,-0.7568359375,-0.2685546875,-0.59814453125,0.09765625,-0.7080078125,-0.13427734375,0.01220703125,0.0244140625,-0.732421875,0.03662109375,-1.123046875,-0.13427734375,-0.84228515625,-0.10986328125,0.67138671875,-0.341796875,0.3662109375,0.25634765625,0.048828125,-0.06103515625,0.048828125,0.3662109375,0.09765625,-0.3173828125,0.2197265625,-0.048828125,0.84228515625,-0.1220703125,-0.48828125,0.01220703125,-0.0732421875
0,-0.2197265625,-0.3662109375,-0.15869140625,-0.28076171875,0.59814453125,-0.244140625,0,0.08544921875,-0.72021484375,-0.2685546875,0.537109375,-0.98876953125,0.91552734375,1.3671875,-0.20751953125,-0.30517578125,-0.7568359375,-0.72021484375,-0.390625,0.78125,0.28076171875,1.23291015625,0.1953125,-0.6103515625,0.28076171875,0.25634765625,0.244140625,-0.830078125,0.390625,0.8544921875,-0.54931640625,0.1953125,-0.54931640625,-0.29296875,0.47607421875,-0.7568359375,0.3173828125,1.708984375,0.048828125,0.42724609375,0.08544921875,-0.25634765625,-0.18310546875,-0.62255859375,-0.3662109375,-0.4150390625,-0.06103515625,0.67138671875,1.0986328125,5.40771484375,1.318359375,1.806640625,1.94091796875,0.0732421875,-1.07421875,2.40478515625,-0.72021484375,0.72021484375,0.9033203125,0.5615234375,-1.85546875,1.15966796875,3.62548828125,1.20849609375,-2.197265625,7.65380859375,-0.10986328125,1.513671875,0.35400390625,0.23193359375,-0.47607421875,0.03662109375,-0.54931640625,0.13427734375,0.15869140625,1.1474609375,-0.048828125,-0.03662109375,0.2685546875,1.15966796875,0.52490234375,-0.9033203125,0.40283203125,-0.32958984375,-1.318359375,-0.57373046875,-4.2236328125,5.224609375,-0.45166015625,-1.33056640625,-0.537109375,0.68359375,0.0244140625,-0.28076171875,-0.341796875,-1.11083984375,-0.37841796875,-0.76904296875,-0.28076171875,-0.59814453125,0.1220703125,-0.69580078125,-0.0244140625,0.0244140625,0.048828125,-0.732421875,0.146484375,-1.1962890625,-0.0244140625,-0.87890625,-0.03662109375,0.67138671875,-0.244140625,0.341796875,0.29296875,0.06103515625,-0.0732421875,0.06103515625,0.390625,0.06103515625,-0.3662109375,0.09765625,0.01220703125,0.78125,-0.10986328125,-0.537109375,0,-0.35400390625
0,-0.18310546875,-0.37841796875,-0.2197265625,-0.244140625,0.537109375,-0.2685546875,0.09765625,0.1220703125,-0.13427734375,-0.25634765625,0.86669921875,-0.98876953125,0.96435546875,1.18408203125,0.146484375,-0.30517578125,-0.62255859375,-0.93994140625,-0.3662109375,0.08544921875,0.54931640625,1.0009765625,0.1708984375,-0.74462890625,0.4150390625,0.244140625,0.2685546875,-0.84228515625,0.50048828125,0.830078125,-0.5126953125,0.20751953125,-0.59814453125,-0.4638671875,0.390625,-0.7568359375,0.50048828125,1.904296875,0.01220703125,0.29296875,0.0732421875,-0.2685546875,-0.1708984375,-0.634765625,-0.537109375,-0.4150390625,-0.03662109375,0.6591796875,0.91552734375,5.01708984375,1.8310546875,1.37939453125,1.7822265625,-0.15869140625,-0.634765625,2.35595703125,-0.62255859375,0.7080078125,0.91552734375,0.57373046875,-1.69677734375,1.171875,3.47900390625,1.03759765625,-2.099609375,7.6171875,0.2197265625,1.47705078125,0.4150390625,0.25634765625,-0.48828125,0.048828125,-0.64697265625,0.15869140625,0.1953125,1.13525390625,-0.1220703125,-0.03662109375,0.35400390625,1.1474609375,0.64697265625,-0.8544921875,0.4150390625,-0.3662109375,-1.4892578125,-0.09765625,-4.21142578125,4.40673828125,-0.3173828125,-1.318359375,-0.390625,0.62255859375,0.03662109375,-0.2685546875,-0.1708984375,-1.08642578125,-0.244140625,-0.78125,-0.3173828125,-0.6103515625,0.13427734375,-0.68359375,0.03662109375,0.03662109375,-0.01220703125,-0.830078125,0.09765625,-1.3916015625,-0.0244140625,-0.98876953125,-0.09765625,0.537109375,-0.146484375,0.35400390625,0.29296875,0.0732421875,-0.06103515625,0.08544921875,0.3662109375,0.0732421875,-0.35400390625,0.06103515625,0.048828125,0.79345703125,-0.06103515625,-0.52490234375,0.01220703125,-0.2197265625
0,-0.146484375,-0.37841796875,-0.28076171875,-0.2197265625,0.45166015625,-0.30517578125,0.10986328125,0.146484375,0.146484375,-0.244140625,1.0986328125,-1.0009765625,0.91552734375,0.9521484375,0.42724609375,-0.2685546875,-0.390625,-1.123046875,-0.29296875,-0.5859375,0.57373046875,0.78125,0.2197265625,-0.91552734375,0.4638671875,0.244140625,0.25634765625,-0.84228515625,0.48828125,0.8056640625,-0.47607421875,0.20751953125,-0.4150390625,-0.48828125,0.25634765625,-0.7568359375,0.634765625,2.1240234375,-0.09765625,0.09765625,0.06103515625,-0.244140625,-0.20751953125,-0.64697265625,-0.64697265625,-0.4150390625,-0.01220703125,0.634765625,1.1962890625,4.4921875,2.23388671875,1.03759765625,1.98974609375,-0.37841796875,-0.1220703125,2.24609375,-0.5615234375,0.72021484375,0.84228515625,0.54931640625,-1.64794921875,1.20849609375,3.08837890625,0.87890625,-2.6123046875,7.421875,0.4150390625,1.46484375,0.3662109375,0.25634765625,-0.3662109375,0.10986328125,-0.732421875,0.15869140625,0.18310546875,1.07421875,-0.18310546875,-0.048828125,0.35400390625,1.171875,0.634765625,-0.76904296875,0.5126953125,-0.4150390625,-1.55029296875,0.37841796875,-4.82177734375,3.45458984375,-0.2685546875,-1.30615234375,-0.4150390625,0.57373046875,0,-0.23193359375,-0.1220703125,-1.07421875,-0.10986328125,-0.7568359375,-0.35400390625,-0.62255859375,0.13427734375,-0.64697265625,0.10986328125,0.0244140625,-0.01220703125,-0.9765625,-0.0244140625,-1.66015625,0.0244140625,-1.123046875,-0.1220703125,0.390625,-0.03662109375,0.3662109375,0.23193359375,0.048828125,-0.0732421875,0.0732421875,0.3662109375,0.08544921875,-0.341796875,0.1220703125,0.048828125,0.86669921875,-0.048828125,-0.4150390625,0.0244140625,0.29296875
0,-0.1220703125,-0.37841796875,-0.35400390625,-0.2197265625,0.47607421875,-0.32958984375,0.20751953125,0.18310546875,0.244140625,-0.23193359375,1.13525390625,-1.01318359375,0.87890625,0.78125,0.5859375,-0.2685546875,-0.18310546875,-1.28173828125,-0.1953125,-1.13525390625,0.7080078125,0.5859375,0.29296875,-1.0498046875,0.537109375,0.23193359375,0.1708984375,-0.830078125,0.390625,0.830078125,-0.45166015625,0.1953125,-0.48828125,-0.42724609375,0.1220703125,-0.79345703125,0.8544921875,2.2705078125,-0.18310546875,-0.1708984375,0.0732421875,-0.2197265625,-0.244140625,-0.64697265625,-0.6591796875,-0.4150390625,0.01220703125,0.59814453125,0.62255859375,3.8818359375,2.5390625,0.74462890625,1.98974609375,-0.50048828125,0.09765625,2.08740234375,-0.5126953125,0.7080078125,0.86669921875,0.54931640625,-1.50146484375,1.220703125,2.734375,0.69580078125,-2.4169921875,6.982421875,0.2685546875,1.50146484375,0.30517578125,0.2685546875,-0.37841796875,0.1953125,-0.732421875,0.1953125,0.1708984375,0.9033203125,-0.2197265625,-0.048828125,0.2685546875,1.1962890625,0.5859375,-0.68359375,0.6103515625,-0.48828125,-1.40380859375,0.7080078125,-4.3212890625,2.52685546875,-0.2685546875,-1.26953125,-0.45166015625,0.52490234375,-0.048828125,-0.1953125,-0.08544921875,-1.025390625,-0.0244140625,-0.74462890625,-0.341796875,-0.634765625,0.09765625,-0.6591796875,0.1220703125,0.048828125,0.146484375,-1.11083984375,0.03662109375,-1.91650390625,0.146484375,-1.26953125,-0.048828125,0.2197265625,0.03662109375,0.3662109375,0.146484375,0.0244140625,-0.048828125,0.048828125,0.3662109375,0.09765625,-0.341796875,0.30517578125,0.03662109375,1.01318359375,-0.06103515625,-0.25634765625,0.09765625,1.23291015625
0,-0.146484375,-0.37841796875,-0.42724609375,-0.23193359375,0.5615234375,-0.37841796875,0.2197265625,0.15869140625,0.50048828125,-0.2197265625,0.84228515625,-1.0009765625,0.81787109375,0.67138671875,0.5615234375,-0.23193359375,0.10986328125,-1.416015625,-0.03662109375,-1.513671875,0.84228515625,0.4638671875,0.32958984375,-1.123046875,0.54931640625,0.18310546875,0.048828125,-0.8544921875,0.30517578125,0.830078125,-0.42724609375,0.1953125,-0.4150390625,-0.23193359375,-0.03662109375,-0.79345703125,0.732421875,2.45361328125,-0.3173828125,-0.45166015625,0.10986328125,-0.1953125,-0.30517578125,-0.634765625,-0.69580078125,-0.42724609375,0.15869140625,0.62255859375,1.06201171875,3.35693359375,2.60009765625,0.6103515625,2.197265625,-0.5859375,0.341796875,1.8798828125,-0.4638671875,0.7080078125,0.79345703125,0.5859375,-1.318359375,1.23291015625,2.4169921875,0.537109375,-2.2705078125,6.38427734375,0.03662109375,1.4892578125,0.29296875,0.25634765625,-0.45166015625,0.28076171875,-0.68359375,0.20751953125,0.1220703125,0.78125,-0.2197265625,-0.0244140625,0.18310546875,1.1962890625,0.50048828125,-0.64697265625,0.634765625,-0.537109375,-1.1474609375,0.79345703125,-3.57666015625,1.708984375,-0.2685546875,-1.2939453125,-0.35400390625,0.4638671875,-0.01220703125,-0.18310546875,-0.18310546875,-1.01318359375,0.048828125,-0.732421875,-0.3173828125,-0.634765625,0.08544921875,-0.64697265625,0.1220703125,0.048828125,0.09765625,-1.23291015625,-0.048828125,-2.11181640625,0.146484375,-1.3427734375,-0.1220703125,0.1220703125,0.0732421875,0.3662109375,0.06103515625,0.0244140625,-0.06103515625,0.03662109375,0.341796875,0.1220703125,-0.2685546875,0.6103515625,0.03662109375,1.26953125,-0.048828125,-0.0244140625,0.0732421875,2.50244140625
0,-0.1708984375,-0.37841796875,-0.42724609375,-0.23193359375,0.57373046875,-0.40283203125,0.2197265625,0.15869140625,0.5126953125,-0.20751953125,0.68359375,-1.025390625,0.8544921875,0.62255859375,0.45166015625,-0.2197265625,0.35400390625,-1.4404296875,0.1220703125,-1.64794921875,1.0986328125,0.4150390625,0.35400390625,-1.15966796875,0.52490234375,0.1220703125,-0.0732421875,-0.830078125,0.20751953125,0.830078125,-0.40283203125,0.20751953125,-0.30517578125,0.0244140625,-0.1708984375,-0.79345703125,0.57373046875,2.63671875,-0.390625,-0.72021484375,0.048828125,-0.1708984375,-0.30517578125,-0.6103515625,-0.64697265625,-0.4150390625,0.29296875,0.62255859375,0.89111328125,2.978515625,2.83203125,0.62255859375,2.35595703125,-0.5615234375,0.84228515625,1.66015625,-0.390625,0.732421875,0.64697265625,0.5859375,-1.171875,1.23291015625,2.01416015625,0.390625,-2.4169921875,5.65185546875,-0.15869140625,1.4892578125,0.244140625,0.25634765625,-0.54931640625,0.35400390625,-0.64697265625,0.20751953125,0.08544921875,0.69580078125,-0.25634765625,-0.03662109375,0.01220703125,1.220703125,0.2685546875,-0.64697265625,0.72021484375,-0.5615234375,-1.0009765625,0.69580078125,-3.0517578125,1.13525390625,-0.13427734375,-1.33056640625,-0.13427734375,0.42724609375,-0.01220703125,-0.15869140625,-0.15869140625,-1.0009765625,0.08544921875,-0.69580078125,-0.244140625,-0.64697265625,0.03662109375,-0.64697265625,0.0732421875,0.048828125,0.03662109375,-1.25732421875,-0.09765625,-2.18505859375,0.146484375,-1.33056640625,-0.13427734375,0.10986328125,0.0732421875,0.390625,-0.06103515625,0.048828125,-0.06103515625,0.0244140625,0.3173828125,0.146484375,-0.25634765625,1.025390625,0,1.57470703125,-0.03662109375,0.2685546875,-0.0244140625,4.0283203125
0,-0.25634765625,-0.390625,-0.40283203125,-0.244140625,0.5615234375,-0.390625,0.20751953125,0.146484375,0.64697265625,-0.1953125,0.6591796875,-1.025390625,0.830078125,0.634765625,0.35400390625,-0.20751953125,0.54931640625,-1.3916015625,0.1953125,-1.5869140625,1.23291015625,0.439453125,0.25634765625,-1.123046875,0.4638671875,0.09765625,-0.25634765625,-0.84228515625,0.08544921875,0.86669921875,-0.40283203125,0.1953125,-0.23193359375,0.28076171875,-0.3662109375,-0.79345703125,0.42724609375,2.83203125,-0.47607421875,-0.91552734375,-0.10986328125,-0.146484375,-0.30517578125,-0.6103515625,-0.67138671875,-0.4150390625,0.35400390625,0.634765625,0.84228515625,2.79541015625,2.9296875,0.84228515625,2.6123046875,-0.47607421875,1.025390625,1.4404296875,-0.42724609375,0.732421875,0.50048828125,0.59814453125,-1.025390625,1.1962890625,1.6845703125,0.32958984375,-2.83203125,4.89501953125,-0.06103515625,1.4892578125,0.15869140625,0.25634765625,-0.68359375,0.4150390625,-0.64697265625,0.18310546875,0.0732421875,0.634765625,-0.2685546875,-0.03662109375,-0.1708984375,1.23291015625,-0.048828125,-0.6103515625,0.86669921875,-0.54931640625,-1.03759765625,0.4150390625,-3.06396484375,0.8544921875,0,-1.3916015625,0,0.390625,0.01220703125,-0.13427734375,-0.244140625,-0.98876953125,0.10986328125,-0.6591796875,-0.23193359375,-0.64697265625,0.01220703125,-0.64697265625,0.01220703125,0.03662109375,0.08544921875,-1.171875,0.048828125,-2.1240234375,0.15869140625,-1.2451171875,-0.0732421875,0.2197265625,0.01220703125,0.4150390625,-0.10986328125,0.03662109375,-0.06103515625,0.0244140625,0.20751953125,0.146484375,-0.2685546875,1.4892578125,-0.048828125,1.91650390625,-0.06103515625,0.59814453125,0.0244140625,5.6640625
0,-0.25634765625,-0.3662109375,-0.40283203125,-0.244140625,0.52490234375,-0.37841796875,0.2685546875,0.10986328125,0.42724609375,-0.20751953125,0.64697265625,-1.025390625,0.8544921875,0.7080078125,0.28076171875,-0.244140625,0.7568359375,-1.2939453125,0.2197265625,-1.30615234375,1.33056640625,0.52490234375,0.1708984375,-1.03759765625,0.40283203125,0.0244140625,-0.390625,-0.81787109375,-0.06103515625,0.89111328125,-0.390625,0.1953125,-0.23193359375,0.52490234375,-0.48828125,-0.79345703125,0.52490234375,3.076171875,-0.37841796875,-1.03759765625,-0.2197265625,-0.146484375,-0.29296875,-0.5859375,-0.67138671875,-0.4150390625,0.341796875,0.634765625,1.13525390625,2.8564453125,3.11279296875,1.171875,2.6123046875,-0.29296875,1.72119140625,1.25732421875,-0.537109375,0.72021484375,0.3173828125,0.59814453125,-1.06201171875,1.1474609375,1.26953125,0.30517578125,-2.28271484375,4.18701171875,-0.08544921875,1.45263671875,0.06103515625,0.25634765625,-0.7568359375,0.42724609375,-0.59814453125,0.18310546875,0.048828125,0.634765625,-0.29296875,-0.0244140625,-0.35400390625,1.23291015625,-0.25634765625,-0.634765625,0.98876953125,-0.52490234375,-1.37939453125,-0.01220703125,-3.62548828125,0.87890625,0.1220703125,-1.4404296875,0.048828125,0.37841796875,0.08544921875,-0.146484375,-0.15869140625,-0.98876953125,0.0732421875,-0.62255859375,-0.244140625,-0.634765625,0.01220703125,-0.67138671875,0.01220703125,0.048828125,0.01220703125,-0.9765625,0,-1.8798828125,0.048828125,-1.0498046875,-0.10986328125,0.439453125,-0.048828125,0.4150390625,-0.13427734375,0.06103515625,-0.06103515625,0,0.1708984375,0.13427734375,-0.244140625,1.953125,-0.048828125,2.25830078125,-0.048828125,0.9033203125,0.03662109375,7.23876953125
1,-0.2685546875,-0.37841796875,-0.439453125,-0.2685546875,0.439453125,-0.341796875,0.30517578125,0.09765625,-0.09765625,-0.23193359375,0.59814453125,-1.03759765625,0.87890625,0.81787109375,0.30517578125,-0.28076171875,0.89111328125,-1.15966796875,0.1953125,-0.8544921875,1.55029296875,0.64697265625,0.146484375,-0.927734375,0.29296875,-0.03662109375,-0.52490234375,-0.830078125,-0.25634765625,0.89111328125,-0.35400390625,0.1953125,-0.32958984375,0.62255859375,-0.57373046875,-0.8056640625,0.3173828125,3.3203125,-0.35400390625,-1.08642578125,-0.390625,-0.15869140625,-0.25634765625,-0.5859375,-0.59814453125,-0.42724609375,0.2197265625,0.62255859375,0.537109375,3.11279296875,3.30810546875,1.5625,3.0517578125,-0.1220703125,1.91650390625,1.11083984375,-0.57373046875,0.732421875,0.146484375,0.59814453125,-1.220703125,1.11083984375,0.79345703125,0.32958984375,-2.63671875,3.62548828125,-0.10986328125,1.42822265625,-0.048828125,0.23193359375,-0.830078125,0.4150390625,-0.5859375,0.15869140625,0.01220703125,0.732421875,-0.30517578125,-0.03662109375,-0.42724609375,1.23291015625,-0.3662109375,-0.67138671875,0.93994140625,-0.48828125,-1.30615234375,-0.42724609375,-3.84521484375,1.123046875,0.2197265625,-1.50146484375,0.10986328125,0.341796875,0.09765625,-0.13427734375,-0.2685546875,-0.98876953125,0.0244140625,-0.62255859375,-0.2685546875,-0.62255859375,0.0244140625,-0.7080078125,-0.01220703125,0.06103515625,0.03662109375,-0.7080078125,-0.0244140625,-1.5380859375,-0.01220703125,-0.81787109375,-0.09765625,0.7568359375,-0.13427734375,0.40283203125,-0.146484375,0.048828125,-0.08544921875,0,0.1708984375,0.146484375,-0.28076171875,2.38037109375,-0.06103515625,2.55126953125,-0.0732421875,1.1962890625,-0.0244140625,8.58154296875
1,-0.29296875,-0.35400390625,-0.45166015625,-0.2685546875,0.40283203125,-0.30517578125,0.2685546875,0.09765625,-0.57373046875,-0.244140625,0.52490234375,-1.01318359375,0.8544921875,0.9521484375,0.35400390625,-0.2685546875,1.08642578125,-1.01318359375,0.18310546875,-0.35400390625,1.69677734375,0.79345703125,0.1953125,-0.79345703125,0.23193359375,-0.09765625,-0.634765625,-0.84228515625,-0.42724609375,0.87890625,-0.29296875,0.1953125,-0.54931640625,0.634765625,-0.634765625,-0.79345703125,0.10986328125,3.5888671875,-0.40283203125,-1.01318359375,-0.4638671875,-0.146484375,-0.244140625,-0.5859375,-0.634765625,-0.45166015625,0.146484375,0.634765625,0.50048828125,3.52783203125,3.1494140625,1.98974609375,2.96630859375,0.0732421875,1.9775390625,1.025390625,-0.6591796875,0.74462890625,0.06103515625,0.62255859375,-1.2939453125,1.06201171875,0.0244140625,0.4638671875,-3.271484375,3.3203125,0,1.40380859375,-0.03662109375,0.244140625,-0.91552734375,0.390625,-0.54931640625,0.146484375,-0.03662109375,0.84228515625,-0.25634765625,-0.0244140625,-0.35400390625,1.20849609375,-0.390625,-0.69580078125,0.68359375,-0.4638671875,-1.40380859375,-0.76904296875,-3.8330078125,1.5625,0.29296875,-1.5380859375,0.1953125,0.3173828125,0.1708984375,-0.15869140625,-0.341796875,-1.0009765625,-0.0732421875,-0.64697265625,-0.3173828125,-0.59814453125,0.0244140625,-0.72021484375,-0.01220703125,0.06103515625,0.09765625,-0.40283203125,-0.048828125,-1.1474609375,-0.03662109375,-0.54931640625,-0.0732421875,1.123046875,-0.2197265625,0.4150390625,-0.08544921875,0.048828125,-0.06103515625,0.0244140625,0.18310546875,0.13427734375,-0.32958984375,2.734375,-0.06103515625,2.79541015625,-0.0732421875,1.416015625,-0.146484375,9.60693359375
1,-0.25634765625,-0.3662109375,-0.3662109375,-0.25634765625,0.45166015625,-0.244140625,0.439453125,0.048828125,-0.86669921875,-0.244140625,0.25634765625,-1.01318359375,0.830078125,1.07421875,0.35400390625,-0.30517578125,1.20849609375,-0.87890625,0.244140625,0.06103515625,1.72119140625,0.927734375,0.37841796875,-0.67138671875,0.0732421875,-0.15869140625,-0.7080078125,-0.86669921875,-0.57373046875,0.8544921875,-0.18310546875,0.20751953125,-0.6103515625,0.537109375,-0.6591796875,-0.8056640625,0.0244140625,3.80859375,-0.45166015625,-0.87890625,-0.52490234375,-0.18310546875,-0.25634765625,-0.5859375,-0.64697265625,-0.439453125,0.048828125,0.634765625,0.10986328125,4.00390625,2.9296875,2.33154296875,2.8564453125,0.244140625,2.0263671875,0.9521484375,-0.64697265625,0.732421875,-0.08544921875,0.64697265625,-1.40380859375,0.98876953125,-0.048828125,0.62255859375,-3.64990234375,3.28369140625,0.0732421875,1.40380859375,-0.01220703125,0.23193359375,-0.67138671875,0.35400390625,-0.52490234375,0.146484375,-0.06103515625,0.9765625,-0.1708984375,-0.0244140625,-0.23193359375,1.1962890625,-0.3662109375,-0.74462890625,0.30517578125,-0.4150390625,-1.3671875,-0.9521484375,-3.52783203125,2.05078125,0.3662109375,-1.5625,0.1953125,0.28076171875,0.1953125,-0.20751953125,-0.537109375,-0.98876953125,-0.15869140625,-0.6591796875,-0.3173828125,-0.6103515625,-0.01220703125,-0.69580078125,0,0.06103515625,0.06103515625,-0.09765625,-0.25634765625,-0.74462890625,-0.09765625,-0.3173828125,-0.10986328125,1.45263671875,-0.2685546875,0.40283203125,-0.01220703125,0.06103515625,-0.06103515625,0.01220703125,0.25634765625,0.13427734375,-0.341796875,2.96630859375,-0.048828125,2.91748046875,-0.0732421875,1.5380859375,-0.13427734375,10.21728515625
1,-0.25634765625,-0.3662109375,-0.23193359375,-0.2685546875,0.5126953125,-0.2197265625,0.40283203125,0.06103515625,-0.8544921875,-0.244140625,-0.08544921875,-1.0009765625,0.76904296875,1.15966796875,0.4150390625,-0.341796875,1.20849609375,-0.76904296875,0.15869140625,0.390625,1.72119140625,1.0009765625,0.5859375,-0.59814453125,0.0244140625,-0.18310546875,-0.68359375,-0.86669921875,-0.59814453125,0.8544921875,-0.09765625,0.20751953125,-0.6103515625,0.35400390625,-0.74462890625,-0.78125,0.0732421875,3.99169921875,-0.47607421875,-0.68359375,-0.537109375,-0.2197265625,-0.28076171875,-0.59814453125,-0.52490234375,-0.42724609375,0.0244140625,0.634765625,0.20751953125,4.43115234375,3.0029296875,2.52685546875,2.86865234375,0.28076171875,1.62353515625,0.9521484375,-0.59814453125,0.72021484375,-0.2197265625,0.6103515625,-1.35498046875,0.87890625,-0.1953125,0.74462890625,-3.8818359375,3.52783203125,0.4150390625,1.416015625,0.01220703125,0.244140625,-0.4638671875,0.341796875,-0.4638671875,0.13427734375,-0.03662109375,1.07421875,-0.03662109375,-0.01220703125,-0.1220703125,1.18408203125,-0.23193359375,-0.79345703125,-0.048828125,-0.390625,-1.40380859375,-0.9521484375,-3.28369140625,2.50244140625,0.3662109375,-1.59912109375,0.23193359375,0.23193359375,0.18310546875,-0.23193359375,-0.54931640625,-0.9765625,-0.2197265625,-0.69580078125,-0.32958984375,-0.6103515625,-0.0244140625,-0.69580078125,0.0244140625,0.048828125,0.1220703125,0.15869140625,-0.3173828125,-0.45166015625,-0.08544921875,-0.10986328125,-0.10986328125,1.7333984375,-0.2685546875,0.37841796875,0.0244140625,0.048828125,-0.06103515625,0.048828125,0.30517578125,0.08544921875,-0.37841796875,3.02734375,-0.01220703125,2.94189453125,-0.09765625,1.5869140625,-0.2197265625,10.36376953125
1,-0.1953125,-0.341796875,-0.09765625,-0.25634765625,0.54931640625,-0.18310546875,0.3173828125,0.06103515625,-0.64697265625,-0.2197265625,-0.5126953125,-0.9765625,0.59814453125,1.220703125,0.48828125,-0.341796875,1.15966796875,-0.732421875,0.1220703125,0.52490234375,1.47705078125,1.03759765625,0.8544921875,-0.5615234375,0.0244140625,-0.20751953125,-0.64697265625,-0.84228515625,-0.54931640625,0.84228515625,0.01220703125,0.20751953125,-0.5615234375,0.13427734375,-0.84228515625,-0.7568359375,-0.25634765625,4.0283203125,-0.3173828125,-0.45166015625,-0.4150390625,-0.23193359375,-0.25634765625,-0.6103515625,-0.3173828125,-0.4150390625,0.06103515625,0.634765625,0.37841796875,4.736328125,3.1494140625,2.5634765625,2.77099609375,0.28076171875,1.3916015625,1.025390625,-0.5126953125,0.69580078125,-0.23193359375,0.62255859375,-1.1962890625,0.79345703125,-0.03662109375,0.87890625,-3.89404296875,3.94287109375,0.5126953125,1.46484375,0.09765625,0.25634765625,-0.32958984375,0.3173828125,-0.3662109375,0.13427734375,-0.08544921875,1.0986328125,0.0244140625,-0.01220703125,-0.048828125,1.171875,0,-0.830078125,-0.35400390625,-0.37841796875,-1.416015625,-0.78125,-3.0029296875,2.880859375,0.35400390625,-1.5625,0.1220703125,0.20751953125,0.1953125,-0.244140625,-0.68359375,-0.96435546875,-0.244140625,-0.72021484375,-0.30517578125,-0.62255859375,-0.01220703125,-0.68359375,0.0732421875,0.03662109375,0.1708984375,0.341796875,-0.2685546875,-0.2685546875,-0.048828125,0.01220703125,-0.10986328125,1.89208984375,-0.244140625,0.3662109375,0.0732421875,0.0732421875,-0.06103515625,0.0732421875,0.341796875,0.08544921875,-0.37841796875,2.96630859375,-0.0244140625,2.880859375,-0.1220703125,1.52587890625,-0.2685546875,10.09521484375
1,-0.18310546875,-0.35400390625,-0.0244140625,-0.2685546875,0.62255859375,-0.18310546875,0.29296875,0.0732421875,-0.47607421875,-0.20751953125,-0.67138671875,-0.96435546875,0.4150390625,1.220703125,0.59814453125,-0.32958984375,1.0009765625,-0.732421875,0.048828125,0.45166015625,1.18408203125,1.0009765625,0.96435546875,-0.5615234375,0.0244140625,-0.23193359375,-0.5615234375,-0.8544921875,-0.45166015625,0.84228515625,0.13427734375,0.20751953125,-0.37841796875,-0.048828125,-0.9521484375,-0.78125,-0.15869140625,3.89404296875,-0.146484375,-0.2685546875,-0.29296875,-0.2197265625,-0.3662109375,-0.634765625,-0.0244140625,-0.40283203125,0.048828125,0.62255859375,0.50048828125,4.96826171875,2.99072265625,2.5146484375,2.91748046875,0.2197265625,1.13525390625,1.1962890625,-0.45166015625,0.7080078125,-0.20751953125,0.634765625,-1.08642578125,0.732421875,-0.03662109375,0.96435546875,-3.77197265625,4.443359375,0.390625,1.52587890625,0.1220703125,0.25634765625,-0.0732421875,0.32958984375,-0.28076171875,0.15869140625,-0.15869140625,1.03759765625,0.1220703125,-0.01220703125,-0.03662109375,1.171875,0.1708984375,-0.84228515625,-0.5126953125,-0.40283203125,-1.40380859375,-0.48828125,-2.62451171875,3.173828125,0.35400390625,-1.5380859375,0.048828125,0.15869140625,0.13427734375,-0.23193359375,-0.634765625,-0.9521484375,-0.2685546875,-0.72021484375,-0.28076171875,-0.634765625,0.048828125,-0.69580078125,0.10986328125,0.03662109375,0.1953125,0.4150390625,-0.18310546875,-0.23193359375,-0.03662109375,0.03662109375,-0.09765625,1.953125,-0.15869140625,0.3662109375,0.09765625,0.08544921875,-0.048828125,0.06103515625,0.4150390625,0.08544921875,-0.35400390625,2.783203125,-0.0244140625,2.7587890625,-0.1220703125,1.40380859375,-0.2685546875,9.4970703125
1,-0.15869140625,-0.35400390625,0,-0.25634765625,0.74462890625,-0.1708984375,0.32958984375,0.09765625,-0.2685546875,-0.18310546875,-0.67138671875,-0.93994140625,0.20751953125,1.15966796875,0.62255859375,-0.3173828125,0.84228515625,-0.78125,-0.06103515625,0.2197265625,0.96435546875,0.927734375,0.89111328125,-0.62255859375,0.06103515625,-0.244140625,-0.4638671875,-0.8544921875,-0.2685546875,0.81787109375,0.18310546875,0.1953125,-0.244140625,-0.18310546875,-0.93994140625,-0.76904296875,-0.48828125,3.57666015625,-0.20751953125,-0.15869140625,-0.1953125,-0.2197265625,-0.40283203125,-0.6591796875,0.146484375,-0.390625,0.06103515625,0.62255859375,0.87890625,5.0537109375,2.79541015625,2.40478515625,3.08837890625,0.15869140625,0.59814453125,1.513671875,-0.29296875,0.69580078125,-0.1708984375,0.62255859375,-1.0498046875,0.68359375,-0.4638671875,0.9765625,-3.6865234375,4.96826171875,0.4638671875,1.5625,0.08544921875,0.2685546875,0.0732421875,0.32958984375,-0.2685546875,0.18310546875,-0.2685546875,0.9521484375,0.32958984375,0,-0.0244140625,1.171875,0.1220703125,-0.84228515625,-0.54931640625,-0.40283203125,-1.0009765625,-0.18310546875,-2.42919921875,3.369140625,0.29296875,-1.513671875,0.06103515625,0.146484375,0.06103515625,-0.23193359375,-0.68359375,-0.93994140625,-0.29296875,-0.68359375,-0.29296875,-0.634765625,0.1220703125,-0.68359375,0.13427734375,0.048828125,0.244140625,0.37841796875,-0.146484375,-0.32958984375,-0.048828125,-0.03662109375,-0.09765625,1.8798828125,-0.1220703125,0.3662109375,0.18310546875,0.0732421875,-0.06103515625,0.06103515625,0.4150390625,0.08544921875,-0.341796875,2.50244140625,-0.048828125,2.587890625,-0.1220703125,1.20849609375,-0.1953125,8.65478515625
1,-0.15869140625,-0.3662109375,-0.048828125,-0.25634765625,0.76904296875,-0.20751953125,0.2685546875,0.10986328125,-0.20751953125,-0.15869140625,-0.5615234375,-0.93994140625,0.244140625,1.08642578125,0.50048828125,-0.3173828125,0.69580078125,-0.86669921875,-0.0732421875,-0.09765625,0.87890625,0.81787109375,0.74462890625,-0.7080078125,0.048828125,-0.2197265625,-0.28076171875,-0.830078125,-0.1708984375,0.830078125,0.25634765625,0.18310546875,-0.13427734375,-0.244140625,-0.87890625,-0.78125,-0.1220703125,3.06396484375,-0.2685546875,-0.13427734375,-0.0244140625,-0.2197265625,-0.439453125,-0.6591796875,0.244140625,-0.40283203125,0.146484375,0.62255859375,1.0498046875,5.029296875,3.0029296875,2.30712890625,2.5634765625,0.10986328125,-0.09765625,2.001953125,-0.15869140625,0.69580078125,0.03662109375,0.59814453125,-1.07421875,0.62255859375,-0.6591796875,0.9521484375,-2.6611328125,5.3955078125,0.67138671875,1.57470703125,0.0244140625,0.29296875,0.18310546875,0.341796875,-0.341796875,0.18310546875,-0.341796875,0.830078125,0.42724609375,-0.03662109375,-0.048828125,1.171875,0.048828125,-0.81787109375,-0.52490234375,-0.45166015625,-0.8056640625,0.0732421875,-2.99072265625,3.52783203125,0.23193359375,-1.513671875,-0.244140625,0.13427734375,0.03662109375,-0.20751953125,-0.6103515625,-0.89111328125,-0.32958984375,-0.7080078125,-0.2685546875,-0.64697265625,0.1708984375,-0.68359375,0.1220703125,0.03662109375,0.23193359375,0.28076171875,-0.15869140625,-0.54931640625,-0.08544921875,-0.146484375,-0.08544921875,1.72119140625,-0.08544921875,0.37841796875,0.244140625,0.048828125,-0.048828125,0.03662109375,0.4150390625,0.08544921875,-0.30517578125,2.197265625,-0.048828125,2.38037109375,-0.09765625,0.98876953125,-0.13427734375,7.65380859375
1,-0.13427734375,-0.3662109375,-0.1220703125,-0.25634765625,0.72021484375,-0.2685546875,0.341796875,0.13427734375,-0.28076171875,-0.146484375,-0.3173828125,-0.93994140625,0.4638671875,1.0009765625,0.3173828125,-0.29296875,0.50048828125,-0.927734375,-0.146484375,-0.439453125,0.84228515625,0.74462890625,0.47607421875,-0.79345703125,0.0244140625,-0.20751953125,-0.048828125,-0.84228515625,-0.048828125,0.86669921875,0.3173828125,0.1953125,0.03662109375,-0.1953125,-0.830078125,-0.78125,-0.23193359375,2.35595703125,-0.3173828125,-0.18310546875,0.1708984375,-0.20751953125,-0.52490234375,-0.634765625,0.244140625,-0.4150390625,0.2685546875,0.6103515625,0.89111328125,4.99267578125,3.11279296875,2.30712890625,2.5146484375,0.1708984375,-0.927734375,2.67333984375,-0.048828125,0.69580078125,0.18310546875,0.59814453125,-1.0986328125,0.59814453125,-0.64697265625,0.84228515625,-1.47705078125,5.6640625,1.08642578125,1.59912109375,-0.03662109375,0.2685546875,0.23193359375,0.3662109375,-0.42724609375,0.1953125,-0.4150390625,0.74462890625,0.4638671875,-0.0244140625,-0.13427734375,1.20849609375,0.01220703125,-0.8056640625,-0.45166015625,-0.45166015625,-0.7080078125,0.20751953125,-3.11279296875,3.67431640625,0.13427734375,-1.46484375,-0.2685546875,0.1708984375,-0.06103515625,-0.1953125,-0.54931640625,-0.81787109375,-0.37841796875,-0.68359375,-0.244140625,-0.634765625,0.2197265625,-0.7080078125,0.09765625,0.03662109375,0.2197265625,0.10986328125,-0.18310546875,-0.8056640625,-0.1708984375,-0.29296875,-0.09765625,1.50146484375,-0.0732421875,0.390625,0.30517578125,0.06103515625,-0.06103515625,0.01220703125,0.439453125,0.08544921875,-0.25634765625,1.86767578125,-0.048828125,2.1240234375,-0.048828125,0.74462890625,-0.09765625,6.6162109375
1,-0.15869140625,-0.37841796875,-0.18310546875,-0.25634765625,0.732421875,-0.30517578125,0.4150390625,0.13427734375,-0.20751953125,-0.15869140625,0.09765625,-0.96435546875,0.830078125,0.9521484375,0.1220703125,-0.28076171875,0.390625,-0.9765625,-0.23193359375,-0.732421875,0.98876953125,0.69580078125,0.1708984375,-0.8544921875,0,-0.1953125,0.08544921875,-0.84228515625,0.06103515625,0.86669921875,0.28076171875,0.20751953125,-0.06103515625,-0.06103515625,-0.74462890625,-0.79345703125,-0.35400390625,1.55029296875,-0.2197265625,-0.30517578125,0.28076171875,-0.20751953125,-0.54931640625,-0.634765625,0.23193359375,-0.42724609375,0.4638671875,0.62255859375,0.9033203125,4.931640625,3.564453125,2.4658203125,2.099609375,0.35400390625,-1.81884765625,3.50341796875,0.09765625,0.72021484375,0.35400390625,0.5859375,-1.07421875,0.6103515625,-0.732421875,0.74462890625,-0.93994140625,5.77392578125,1.2451171875,1.55029296875,-0.0732421875,0.2685546875,0.15869140625,0.32958984375,-0.42724609375,0.2197265625,-0.45166015625,0.67138671875,0.439453125,-0.048828125,-0.15869140625,1.20849609375,0.06103515625,-0.79345703125,-0.4150390625,-0.42724609375,-0.59814453125,0.1953125,-3.50341796875,3.8818359375,0.15869140625,-1.47705078125,-0.2685546875,0.18310546875,-0.09765625,-0.18310546875,-0.5126953125,-0.7568359375,-0.37841796875,-0.67138671875,-0.20751953125,-0.634765625,0.244140625,-0.69580078125,0.09765625,0.048828125,0.15869140625,-0.06103515625,-0.244140625,-1.07421875,-0.1953125,-0.4150390625,-0.08544921875,1.318359375,-0.0732421875,0.390625,0.32958984375,0.06103515625,-0.06103515625,-0.01220703125,0.37841796875,0.10986328125,-0.244140625,1.5869140625,-0.0244140625,1.904296875,-0.0244140625,0.5126953125,-0.048828125,5.67626953125
1,-0.146484375,-0.3662109375,-0.1708984375,-0.2685546875,0.74462890625,-0.3173828125,0.390625,0.13427734375,0.1220703125,-0.13427734375,0.76904296875,-0.9765625,1.18408203125,0.89111328125,-0.03662109375,-0.25634765625,0.37841796875,-0.9765625,-0.1953125,-0.86669921875,1.07421875,0.67138671875,0.0244140625,-0.8544921875,-0.0732421875,-0.18310546875,0.20751953125,-0.84228515625,0.18310546875,0.89111328125,0.18310546875,0.1953125,-0.10986328125,0.13427734375,-0.68359375,-0.78125,-0.35400390625,0.7080078125,-0.048828125,-0.439453125,0.341796875,-0.20751953125,-0.537109375,-0.6103515625,0.2197265625,-0.42724609375,0.5859375,0.634765625,0.927734375,4.8583984375,3.67431640625,2.83203125,1.57470703125,0.67138671875,-2.06298828125,4.50439453125,0.146484375,0.732421875,0.439453125,0.57373046875,-1.08642578125,0.6103515625,-0.537109375,0.64697265625,-0.8056640625,5.7373046875,1.46484375,1.47705078125,-0.10986328125,0.25634765625,0.08544921875,0.3173828125,-0.4638671875,0.20751953125,-0.4638671875,0.67138671875,0.37841796875,-0.06103515625,-0.146484375,1.220703125,0.08544921875,-0.78125,-0.37841796875,-0.439453125,-0.634765625,0.0244140625,-3.99169921875,4.1259765625,0.1708984375,-1.46484375,-0.20751953125,0.20751953125,-0.15869140625,-0.1953125,-0.47607421875,-0.68359375,-0.30517578125,-0.67138671875,-0.1708984375,-0.634765625,0.29296875,-0.7080078125,0.08544921875,0.048828125,0.09765625,-0.1953125,-0.20751953125,-1.28173828125,-0.2685546875,-0.537109375,-0.10986328125,1.1474609375,-0.09765625,0.390625,0.35400390625,0.048828125,-0.06103515625,-0.01220703125,0.341796875,0.1220703125,-0.244140625,1.33056640625,0.03662109375,1.708984375,0.0244140625,0.30517578125,-0.03662109375,4.84619140625
0,-0.1953125,-0.37841796875,-0.15869140625,-0.2685546875,0.68359375,-0.35400390625,0.439453125,0.13427734375,0.48828125,-0.146484375,1.3427734375,-1.01318359375,1.3916015625,0.87890625,-0.2685546875,-0.23193359375,0.35400390625,-0.91552734375,-0.28076171875,-0.830078125,1.07421875,0.74462890625,-0.146484375,-0.81787109375,-0.08544921875,-0.18310546875,0.2197265625,-0.8544921875,0.3173828125,0.89111328125,0,0.1953125,-0.1220703125,0.30517578125,-0.634765625,-0.8056640625,-0.54931640625,0,0.01220703125,-0.634765625,0.341796875,-0.18310546875,-0.4638671875,-0.57373046875,0.06103515625,-0.45166015625,0.57373046875,0.634765625,0.78125,4.84619140625,3.8818359375,3.369140625,1.5380859375,1.08642578125,-2.13623046875,5.56640625,0.13427734375,0.732421875,0.4638671875,0.5615234375,-1.0009765625,0.67138671875,-0.50048828125,0.57373046875,-1.18408203125,5.67626953125,1.20849609375,1.3916015625,-0.18310546875,0.2197265625,0.0244140625,0.2685546875,-0.54931640625,0.1953125,-0.4638671875,0.7080078125,0.2685546875,-0.0732421875,-0.23193359375,1.220703125,0.06103515625,-0.76904296875,-0.37841796875,-0.3662109375,-0.45166015625,-0.23193359375,-4.1259765625,4.4189453125,0.1953125,-1.50146484375,-0.048828125,0.244140625,-0.2197265625,-0.1708984375,-0.390625,-0.5859375,-0.20751953125,-0.67138671875,-0.1708984375,-0.59814453125,0.30517578125,-0.72021484375,0.146484375,0.06103515625,0.0732421875,-0.2685546875,-0.13427734375,-1.37939453125,-0.25634765625,-0.6103515625,-0.09765625,1.03759765625,-0.146484375,0.4150390625,0.341796875,0.048828125,-0.048828125,0,0.28076171875,0.1220703125,-0.28076171875,1.123046875,0.10986328125,1.55029296875,0.0244140625,0.15869140625,-0.01220703125,4.1259765625
0,-0.20751953125,-0.3662109375,-0.10986328125,-0.2685546875,0.537109375,-0.3662109375,0.47607421875,0.1220703125,0.732421875,-0.13427734375,1.59912109375,-1.0009765625,1.4404296875,0.91552734375,-0.52490234375,-0.2197265625,0.439453125,-0.79345703125,-0.25634765625,-0.62255859375,1.15966796875,0.830078125,-0.244140625,-0.72021484375,-0.09765625,-0.18310546875,0.15869140625,-0.86669921875,0.341796875,0.9033203125,-0.2685546875,0.1953125,-0.29296875,0.4638671875,-0.59814453125,-0.78125,-0.30517578125,-0.5126953125,0.048828125,-0.78125,0.37841796875,-0.1953125,-0.3662109375,-0.537109375,-0.09765625,-0.4638671875,0.4638671875,0.64697265625,0.81787109375,4.833984375,4.35791015625,4.00390625,1.4404296875,1.5380859375,-2.3681640625,6.640625,0.0732421875,0.732421875,0.4638671875,0.5615234375,-1.07421875,0.78125,-0.439453125,0.57373046875,-1.0498046875,5.55419921875,1.2451171875,1.25732421875,-0.30517578125,0.20751953125,-0.09765625,0.20751953125,-0.537109375,0.15869140625,-0.439453125,0.81787109375,0.18310546875,-0.06103515625,-0.35400390625,1.220703125,-0.048828125,-0.78125,-0.244140625,-0.30517578125,-0.32958984375,-0.537109375,-4.2724609375,4.6875,0.23193359375,-1.55029296875,-0.0244140625,0.244140625,-0.29296875,-0.1708984375,-0.244140625,-0.48828125,-0.10986328125,-0.68359375,-0.1953125,-0.6103515625,0.3173828125,-0.732421875,0.20751953125,0.048828125,0.03662109375,-0.29296875,-0.13427734375,-1.3916015625,-0.2197265625,-0.634765625,-0.09765625,1.01318359375,-0.18310546875,0.40283203125,0.3173828125,0.03662109375,-0.048828125,0,0.20751953125,0.10986328125,-0.32958984375,0.96435546875,0.146484375,1.42822265625,0.08544921875,0,0,3.5400390625
0,-0.244140625,-0.341796875,-0.10986328125,-0.2685546875,0.3662109375,-0.40283203125,0.47607421875,0.09765625,0.67138671875,-0.13427734375,1.7578125,-1.025390625,1.55029296875,0.9521484375,-0.537109375,-0.20751953125,0.537109375,-0.64697265625,-0.13427734375,-0.29296875,1.1962890625,0.96435546875,-0.29296875,-0.5859375,-0.146484375,-0.1953125,0.03662109375,-0.84228515625,0.25634765625,0.9033203125,-0.52490234375,0.1953125,-0.40283203125,0.50048828125,-0.52490234375,-0.78125,-0.67138671875,-0.7568359375,0.09765625,-0.89111328125,0.37841796875,-0.244140625,-0.29296875,-0.48828125,-0.18310546875,-0.439453125,0.32958984375,0.6591796875,0.52490234375,4.833984375,4.82177734375,4.638671875,1.33056640625,2.01416015625,-2.13623046875,7.568359375,-0.06103515625,0.74462890625,0.3662109375,0.57373046875,-1.123046875,0.93994140625,-0.5615234375,0.6103515625,-1.3427734375,5.56640625,1.26953125,1.1474609375,-0.390625,0.20751953125,-0.2685546875,0.15869140625,-0.50048828125,0.15869140625,-0.45166015625,0.9521484375,0.09765625,-0.0732421875,-0.48828125,1.18408203125,-0.08544921875,-0.81787109375,-0.08544921875,-0.20751953125,-0.3173828125,-0.84228515625,-3.86962890625,4.87060546875,0.2685546875,-1.57470703125,0.08544921875,0.244140625,-0.3173828125,-0.1953125,-0.13427734375,-0.37841796875,-0.0244140625,-0.7080078125,-0.244140625,-0.5859375,0.30517578125,-0.732421875,0.23193359375,0.03662109375,0.146484375,-0.29296875,-0.0732421875,-1.35498046875,-0.15869140625,-0.64697265625,-0.03662109375,1.01318359375,-0.23193359375,0.40283203125,0.244140625,0.01220703125,-0.048828125,0,0.1953125,0.10986328125,-0.35400390625,0.79345703125,0.1953125,1.33056640625,0.13427734375,-0.08544921875,-0.0244140625,3.02734375
0,-0.23193359375,-0.35400390625,-0.146484375,-0.25634765625,0.25634765625,-0.3662109375,0.341796875,0.0732421875,0.68359375,-0.146484375,1.62353515625,-1.01318359375,1.3427734375,1.0009765625,-0.439453125,-0.2197265625,0.67138671875,-0.50048828125,-0.048828125,0.09765625,1.35498046875,1.11083984375,-0.37841796875,-0.4638671875,-0.15869140625,-0.1953125,-0.10986328125,-0.84228515625,0.08544921875,0.87890625,-0.78125,0.1953125,-0.52490234375,0.42724609375,-0.439453125,-0.78125,-0.69580078125,-0.67138671875,-0.08544921875,-0.96435546875,0.32958984375,-0.244140625,-0.30517578125,-0.4638671875,-0.2197265625,-0.4638671875,0.18310546875,0.6591796875,0.3662109375,4.8095703125,4.79736328125,5.16357421875,1.42822265625,2.45361328125,-2.1484375,8.349609375,-0.146484375,0.72021484375,0.20751953125,0.5615234375,-1.13525390625,1.123046875,-0.74462890625,0.69580078125,-1.96533203125,5.712890625,1.06201171875,1.03759765625,-0.42724609375,0.1953125,-0.35400390625,0.09765625,-0.40283203125,0.146484375,-0.42724609375,1.03759765625,0.048828125,-0.0732421875,-0.59814453125,1.1962890625,-0.1220703125,-0.8544921875,0.048828125,-0.10986328125,-0.5126953125,-1.0498046875,-3.45458984375,4.89501953125,0.3662109375,-1.59912109375,0.146484375,0.23193359375,-0.28076171875,-0.1953125,-0.09765625,-0.23193359375,0.03662109375,-0.69580078125,-0.29296875,-0.62255859375,0.23193359375,-0.72021484375,0.23193359375,0.03662109375,0.0732421875,-0.25634765625,-0.2197265625,-1.2451171875,-0.1953125,-0.5859375,-0.13427734375,1.06201171875,-0.244140625,0.390625,0.18310546875,0.03662109375,-0.0732421875,0.01220703125,0.18310546875,0.09765625,-0.37841796875,0.64697265625,0.1953125,1.2451171875,0.146484375,-0.1953125,-0.0244140625,2.5634765625
0,-0.2197265625,-0.35400390625,-0.146484375,-0.25634765625,0.28076171875,-0.35400390625,0.2685546875,0.048828125,0.8056640625,-0.1220703125,1.3427734375,-1.01318359375,1.1474609375,1.0986328125,-0.244140625,-0.25634765625,0.74462890625,-0.32958984375,0.10986328125,0.42724609375,1.59912109375,1.20849609375,-0.40283203125,-0.30517578125,-0.20751953125,-0.20751953125,-0.244140625,-0.8056640625,-0.18310546875,0.86669921875,-0.927734375,0.1953125,-0.830078125,0.30517578125,-0.3662109375,-0.78125,-1.0986328125,-0.25634765625,-0.13427734375,-0.9765625,0.32958984375,-0.2685546875,-0.30517578125,-0.4150390625,-0.28076171875,-0.45166015625,0.048828125,0.67138671875,0.4638671875,4.74853515625,5.43212890625,5.46875,1.806640625,2.77099609375,-2.11181640625,8.837890625,-0.146484375,0.72021484375,0.048828125,0.5615234375,-0.927734375,1.3427734375,-1.0009765625,0.8056640625,-1.59912109375,6.0302734375,1.33056640625,0.98876953125,-0.341796875,0.20751953125,-0.439453125,0.08544921875,-0.35400390625,0.146484375,-0.3173828125,1.08642578125,0.03662109375,-0.06103515625,-0.6591796875,1.15966796875,-0.10986328125,-0.87890625,0.10986328125,-0.01220703125,-0.5126953125,-1.13525390625,-3.1494140625,4.7119140625,0.45166015625,-1.59912109375,0.08544921875,0.2197265625,-0.25634765625,-0.1953125,-0.048828125,-0.146484375,0.06103515625,-0.69580078125,-0.2685546875,-0.634765625,0.1953125,-0.72021484375,0.20751953125,0.0244140625,0.08544921875,-0.25634765625,-0.3173828125,-1.11083984375,-0.10986328125,-0.57373046875,-0.1220703125,1.11083984375,-0.25634765625,0.3662109375,0.09765625,0.03662109375,-0.06103515625,0.0244140625,0.18310546875,0.09765625,-0.40283203125,0.50048828125,0.13427734375,1.15966796875,0.13427734375,-0.28076171875,-0.0732421875,2.06298828125
0,-0.20751953125,-0.35400390625,-0.1708984375,-0.244140625,0.29296875,-0.35400390625,0.2685546875,0.06103515625,0.8056640625,-0.09765625,0.86669921875,-1.01318359375,1.0498046875,1.171875,-0.09765625,-0.28076171875,0.78125,-0.23193359375,0.20751953125,0.67138671875,1.84326171875,1.30615234375,-0.341796875,-0.2197265625,-0.1708984375,-0.2197265625,-0.30517578125,-0.81787109375,-0.439453125,0.8544921875,-0.9521484375,0.1953125,-0.81787109375,0.146484375,-0.244140625,-0.78125,-1.18408203125,0.40283203125,-0.3173828125,-0.93994140625,0.25634765625,-0.2685546875,-0.341796875,-0.35400390625,-0.3173828125,-0.439453125,-0.01220703125,0.68359375,0.5859375,4.69970703125,5.43212890625,5.517578125,2.1240234375,2.9296875,-1.81884765625,9.06982421875,-0.244140625,0.68359375,-0.1953125,0.5615234375,-0.8056640625,1.611328125,-1.07421875,0.93994140625,-1.57470703125,6.4697265625,1.46484375,0.96435546875,-0.3173828125,0.244140625,-0.52490234375,0.09765625,-0.25634765625,0.15869140625,-0.1953125,1.0986328125,0.01220703125,-0.03662109375,-0.7080078125,1.171875,-0.0244140625,-0.927734375,0.0732421875,0.0732421875,-0.89111328125,-1.11083984375,-2.74658203125,4.30908203125,0.52490234375,-1.57470703125,0.1953125,0.18310546875,-0.29296875,-0.18310546875,-0.0244140625,-0.0732421875,0.0732421875,-0.69580078125,-0.2197265625,-0.68359375,0.13427734375,-0.68359375,0.1708984375,0.01220703125,0.13427734375,-0.28076171875,-0.1708984375,-1.01318359375,-0.06103515625,-0.57373046875,-0.048828125,1.11083984375,-0.20751953125,0.3662109375,0.01220703125,0.01220703125,-0.06103515625,0.0244140625,0.244140625,0.09765625,-0.390625,0.32958984375,0.08544921875,1.08642578125,0.1220703125,-0.3662109375,-0.10986328125,1.5380859375
0,-0.1953125,-0.3662109375,-0.13427734375,-0.23193359375,0.25634765625,-0.32958984375,0.06103515625,0.0732421875,0.7568359375,-0.06103515625,0.244140625,-1.0009765625,0.927734375,1.2451171875,-0.08544921875,-0.29296875,0.76904296875,-0.1708984375,0.28076171875,0.74462890625,2.01416015625,1.318359375,-0.20751953125,-0.23193359375,-0.10986328125,-0.2197265625,-0.32958984375,-0.8056640625,-0.6591796875,0.8544921875,-0.89111328125,0.20751953125,-0.830078125,-0.08544921875,-0.20751953125,-0.7568359375,-1.18408203125,1.25732421875,-0.37841796875,-0.87890625,0.15869140625,-0.2197265625,-0.3662109375,-0.2685546875,-0.3662109375,-0.42724609375,-0.03662109375,0.67138671875,0.4150390625,4.7119140625,5.11474609375,5.31005859375,2.81982421875,2.94189453125,-1.18408203125,9.04541015625,-0.2685546875,0.69580078125,-0.40283203125,0.5615234375,-0.6103515625,1.86767578125,-1.318359375,1.08642578125,-1.025390625,6.982421875,1.96533203125,1.025390625,-0.30517578125,0.25634765625,-0.42724609375,0.10986328125,-0.0732421875,0.1708984375,-0.10986328125,1.01318359375,0.048828125,-0.0244140625,-0.7080078125,1.171875,-0.0244140625,-0.96435546875,0.146484375,0.1220703125,-1.15966796875,-1.025390625,-2.89306640625,3.72314453125,0.52490234375,-1.52587890625,0.28076171875,0.13427734375,-0.244140625,-0.20751953125,-0.03662109375,-0.03662109375,0.1220703125,-0.6591796875,-0.18310546875,-0.7080078125,0.08544921875,-0.67138671875,0.10986328125,0.0244140625,0,-0.3662109375,-0.23193359375,-1.0009765625,-0.10986328125,-0.6103515625,-0.13427734375,1.08642578125,-0.1953125,0.37841796875,-0.03662109375,0.01220703125,-0.06103515625,0.048828125,0.2197265625,0.08544921875,-0.3173828125,0.146484375,0.0732421875,0.98876953125,0.10986328125,-0.439453125,-0.09765625,0.93994140625
0,-0.146484375,-0.3662109375,-0.0244140625,-0.23193359375,0.23193359375,-0.32958984375,0.048828125,0.09765625,0.47607421875,-0.03662109375,-0.3173828125,-0.9765625,0.8056640625,1.318359375,-0.15869140625,-0.3173828125,0.68359375,-0.1953125,0.341796875,0.7080078125,1.98974609375,1.2939453125,-0.048828125,-0.244140625,-0.08544921875,-0.23193359375,-0.32958984375,-0.8056640625,-0.7568359375,0.81787109375,-0.7568359375,0.2197265625,-0.76904296875,-0.23193359375,-0.10986328125,-0.7568359375,-1.171875,2.13623046875,-0.2685546875,-0.78125,0.01220703125,-0.23193359375,-0.4150390625,-0.23193359375,-0.50048828125,-0.390625,-0.0244140625,0.64697265625,0.06103515625,4.74853515625,4.7607421875,4.9072265625,2.94189453125,2.83203125,-0.537109375,8.77685546875,-0.28076171875,0.67138671875,-0.634765625,0.57373046875,-0.50048828125,2.1240234375,-1.23291015625,1.1474609375,-1.513671875,7.48291015625,1.9775390625,1.15966796875,-0.3173828125,0.2685546875,-0.4150390625,0.18310546875,0.048828125,0.1708984375,-0.048828125,0.9033203125,0.08544921875,-0.0244140625,-0.6591796875,1.171875,-0.146484375,-0.96435546875,0.37841796875,0.15869140625,-1.4404296875,-0.86669921875,-2.9541015625,3.01513671875,0.6103515625,-1.50146484375,0.341796875,0.09765625,-0.23193359375,-0.2197265625,-0.048828125,-0.01220703125,0.1220703125,-0.64697265625,-0.15869140625,-0.68359375,0.0732421875,-0.68359375,0.08544921875,0.01220703125,0.048828125,-0.47607421875,-0.146484375,-1.0498046875,-0.06103515625,-0.68359375,-0.06103515625,1.01318359375,-0.146484375,0.37841796875,-0.06103515625,0.01220703125,-0.0732421875,0.048828125,0.23193359375,0.09765625,-0.2685546875,-0.0244140625,0.048828125,0.87890625,0.08544921875,-0.52490234375,-0.09765625,0.3173828125
0,-0.08544921875,-0.35400390625,0.048828125,-0.23193359375,0.28076171875,-0.32958984375,0.08544921875,0.10986328125,-0.03662109375,-0.0244140625,-0.84228515625,-0.96435546875,0.634765625,1.3916015625,-0.20751953125,-0.3173828125,0.62255859375,-0.28076171875,0.32958984375,0.47607421875,2.03857421875,1.1962890625,0.06103515625,-0.341796875,-0.048828125,-0.20751953125,-0.29296875,-0.81787109375,-0.79345703125,0.8056640625,-0.68359375,0.20751953125,-0.634765625,-0.3173828125,-0.146484375,-0.76904296875,-0.9521484375,2.96630859375,-0.08544921875,-0.7080078125,-0.13427734375,-0.2197265625,-0.439453125,-0.1953125,-0.69580078125,-0.40283203125,0,0.6103515625,-0.15869140625,4.9072265625,4.69970703125,4.38232421875,3.125,2.63671875,0.06103515625,8.38623046875,-0.3662109375,0.67138671875,-0.830078125,0.5859375,-0.45166015625,2.33154296875,-1.3427734375,1.1962890625,-2.13623046875,7.89794921875,2.06298828125,1.35498046875,-0.3662109375,0.29296875,-0.341796875,0.2197265625,0.08544921875,0.1953125,-0.048828125,0.76904296875,0.1953125,-0.0244140625,-0.5615234375,1.18408203125,-0.2197265625,-0.96435546875,0.74462890625,0.15869140625,-1.45263671875,-0.72021484375,-2.86865234375,2.30712890625,0.47607421875,-1.46484375,0.35400390625,0.0732421875,-0.1220703125,-0.2197265625,-0.048828125,0,0.09765625,-0.6591796875,-0.146484375,-0.68359375,0.0732421875,-0.67138671875,0.0732421875,0.0244140625,0,-0.6103515625,-0.146484375,-1.15966796875,-0.08544921875,-0.7568359375,-0.0732421875,0.89111328125,-0.1220703125,0.390625,0,0.01220703125,-0.048828125,0.0732421875,0.2197265625,0.10986328125,-0.244140625,-0.2197265625,-0.0244140625,0.79345703125,0.03662109375,-0.634765625,-0.10986328125,-0.28076171875
0,0,-0.37841796875,0.048828125,-0.25634765625,0.244140625,-0.30517578125,0.20751953125,0.13427734375,-0.45166015625,-0.03662109375,-1.171875,-0.9765625,0.45166015625,1.47705078125,-0.2197265625,-0.3173828125,0.52490234375,-0.390625,0.341796875,0.20751953125,1.84326171875,1.0986328125,0.06103515625,-0.439453125,-0.048828125,-0.20751953125,-0.2685546875,-0.830078125,-0.78125,0.830078125,-0.6103515625,0.2197265625,-0.48828125,-0.35400390625,-0.18310546875,-0.7568359375,-0.79345703125,3.61328125,-0.1708984375,-0.64697265625,-0.1708984375,-0.18310546875,-0.4638671875,-0.1708984375,-0.79345703125,-0.42724609375,0.0732421875,0.62255859375,-0.06103515625,5.13916015625,4.47998046875,3.89404296875,3.45458984375,2.3681640625,0.8544921875,7.8857421875,-0.42724609375,0.67138671875,-0.84228515625,0.5859375,-0.4150390625,2.45361328125,-1.416015625,1.171875,-2.2705078125,8.154296875,2.392578125,1.6357421875,-0.32958984375,0.28076171875,-0.25634765625,0.2685546875,0.13427734375,0.2197265625,-0.048828125,0.67138671875,0.32958984375,-0.01220703125,-0.4150390625,1.1962890625,-0.28076171875,-0.927734375,1.06201171875,0.08544921875,-0.9765625,-0.62255859375,-2.40478515625,1.72119140625,0.40283203125,-1.42822265625,0.341796875,0.03662109375,0.01220703125,-0.23193359375,0.01220703125,0.01220703125,0.08544921875,-0.6591796875,-0.146484375,-0.68359375,0.03662109375,-0.7080078125,0.0732421875,0.0244140625,0,-0.7080078125,-0.23193359375,-1.28173828125,-0.09765625,-0.84228515625,-0.0732421875,0.78125,-0.10986328125,0.390625,0.09765625,0.0244140625,-0.06103515625,0.048828125,0.244140625,0.08544921875,-0.23193359375,-0.35400390625,-0.048828125,0.68359375,0.0244140625,-0.72021484375,-0.10986328125,-0.830078125
0,0.0732421875,-0.37841796875,0.0244140625,-0.28076171875,0.20751953125,-0.341796875,0.30517578125,0.1708984375,-0.48828125,-0.048828125,-1.3916015625,-0.9521484375,0.42724609375,1.52587890625,-0.244140625,-0.341796875,0.390625,-0.5126953125,0.3662109375,-0.08544921875,1.513671875,0.9765625,0.0732421875,-0.5615234375,-0.048828125,-0.20751953125,-0.2197265625,-0.81787109375,-0.7080078125,0.84228515625,-0.42724609375,0.2197265625,-0.1953125,-0.2685546875,-0.2197265625,-0.78125,-0.4638671875,3.99169921875,-0.48828125,-0.5859375,-0.2197265625,-0.15869140625,-0.57373046875,-0.18310546875,-0.76904296875,-0.42724609375,0.244140625,0.634765625,0.15869140625,5.517578125,4.55322265625,3.50341796875,3.47900390625,2.08740234375,1.220703125,7.36083984375,-0.37841796875,0.68359375,-0.86669921875,0.5859375,-0.42724609375,2.490234375,-1.3671875,1.0498046875,-2.03857421875,8.30078125,2.86865234375,1.98974609375,-0.30517578125,0.28076171875,-0.146484375,0.30517578125,0.1953125,0.20751953125,-0.10986328125,0.62255859375,0.37841796875,-0.01220703125,-0.2685546875,1.18408203125,-0.244140625,-0.9033203125,1.0009765625,0.01220703125,-0.79345703125,-0.5859375,-2.06298828125,1.30615234375,0.4150390625,-1.42822265625,0.40283203125,0.01220703125,0.1220703125,-0.23193359375,0.01220703125,-0.01220703125,0.03662109375,-0.67138671875,-0.1220703125,-0.67138671875,-0.01220703125,-0.732421875,0.06103515625,0.03662109375,0.06103515625,-0.78125,-0.37841796875,-1.37939453125,-0.15869140625,-0.86669921875,-0.09765625,0.732421875,-0.06103515625,0.37841796875,0.23193359375,0.01220703125,-0.06103515625,0.048828125,0.244140625,0.09765625,-0.2197265625,-0.45166015625,-0.0244140625,0.5859375,-0.01220703125,-0.8056640625,-0.10986328125,-1.318359375
1,0.146484375,-0.37841796875,0.03662109375,-0.30517578125,0.20751953125,-0.35400390625,0.29296875,0.18310546875,-0.390625,-0.0732421875,-1.33056640625,-0.96435546875,0.37841796875,1.57470703125,-0.341796875,-0.3173828125,0.2685546875,-0.634765625,0.3173828125,-0.3173828125,1.25732421875,0.87890625,0.18310546875,-0.6591796875,-0.03662109375,-0.1953125,-0.1953125,-0.84228515625,-0.5615234375,0.84228515625,-0.146484375,0.2197265625,0.15869140625,-0.10986328125,-0.23193359375,-0.78125,-0.40283203125,4.0771484375,-0.29296875,-0.5859375,-0.29296875,-0.15869140625,-0.634765625,-0.2197265625,-0.6591796875,-0.42724609375,0.439453125,0.62255859375,0.50048828125,5.9326171875,4.72412109375,3.35693359375,3.30810546875,1.81884765625,1.37939453125,6.9091796875,-0.3173828125,0.7080078125,-0.830078125,0.5859375,-0.634765625,2.4169921875,-1.23291015625,0.927734375,-1.84326171875,8.33740234375,2.8564453125,2.392578125,-0.23193359375,0.25634765625,-0.10986328125,0.30517578125,0.25634765625,0.20751953125,-0.146484375,0.67138671875,0.390625,-0.03662109375,-0.10986328125,1.1962890625,-0.2197265625,-0.84228515625,0.81787109375,-0.10986328125,-0.72021484375,-0.62255859375,-1.611328125,1.13525390625,0.341796875,-1.416015625,0.50048828125,-0.01220703125,0.2685546875,-0.2197265625,-0.03662109375,-0.048828125,0.0244140625,-0.68359375,-0.09765625,-0.634765625,-0.03662109375,-0.7568359375,0.10986328125,0.048828125,0.03662109375,-0.72021484375,-0.50048828125,-1.40380859375,-0.13427734375,-0.830078125,-0.08544921875,0.732421875,-0.048828125,0.390625,0.37841796875,0.01220703125,-0.048828125,0.03662109375,0.2197265625,0.09765625,-0.244140625,-0.48828125,0.01220703125,0.54931640625,0,-0.8544921875,-0.09765625,-1.59912109375
1,0.18310546875,-0.37841796875,0.1220703125,-0.30517578125,0.244140625,-0.37841796875,0.40283203125,0.1953125,-0.20751953125,-0.09765625,-1.07421875,-0.9765625,0.3173828125,1.59912109375,-0.42724609375,-0.32958984375,0.18310546875,-0.72021484375,0.25634765625,-0.47607421875,0.91552734375,0.81787109375,0.30517578125,-0.69580078125,-0.03662109375,-0.1708984375,-0.1708984375,-0.84228515625,-0.32958984375,0.86669921875,0.15869140625,0.20751953125,0.4638671875,0.08544921875,-0.29296875,-0.8056640625,-0.57373046875,3.8818359375,-0.2197265625,-0.57373046875,-0.2197265625,-0.15869140625,-0.68359375,-0.3173828125,-0.4638671875,-0.4638671875,0.47607421875,0.634765625,0.69580078125,6.35986328125,4.7607421875,3.3935546875,3.3203125,1.67236328125,1.23291015625,6.50634765625,-0.244140625,0.7080078125,-0.74462890625,0.54931640625,-0.64697265625,2.2216796875,-1.2939453125,0.7568359375,-1.5869140625,8.28857421875,2.89306640625,2.83203125,-0.2197265625,0.23193359375,-0.01220703125,0.29296875,0.244140625,0.18310546875,-0.18310546875,0.732421875,0.390625,-0.048828125,-0.06103515625,1.20849609375,-0.1708984375,-0.79345703125,0.48828125,-0.23193359375,-0.5859375,-0.732421875,-1.6845703125,1.20849609375,0.390625,-1.46484375,0.5126953125,-0.0244140625,0.32958984375,-0.2197265625,-0.1220703125,-0.08544921875,0.0244140625,-0.72021484375,-0.048828125,-0.6103515625,-0.06103515625,-0.76904296875,0.1220703125,0.048828125,0.08544921875,-0.5859375,-0.35400390625,-1.35498046875,-0.146484375,-0.76904296875,-0.08544921875,0.81787109375,0,0.390625,0.47607421875,0.01220703125,-0.048828125,0.0244140625,0.1953125,0.09765625,-0.28076171875,-0.48828125,0.0732421875,0.52490234375,0.048828125,-0.87890625,-0.06103515625,-1.69677734375
1,0.18310546875,-0.37841796875,0.20751953125,-0.3173828125,0.244140625,-0.37841796875,0.341796875,0.20751953125,0.10986328125,-0.146484375,-0.732421875,-0.98876953125,0.25634765625,1.5869140625,-0.47607421875,-0.3173828125,0.06103515625,-0.78125,0.09765625,-0.47607421875,0.59814453125,0.81787109375,0.439453125,-0.7080078125,0.03662109375,-0.18310546875,-0.10986328125,-0.8544921875,-0.08544921875,0.86669921875,0.48828125,0.1953125,0.67138671875,0.29296875,-0.40283203125,-0.78125,-0.5859375,3.466796875,-0.06103515625,-0.57373046875,-0.1220703125,-0.13427734375,-0.64697265625,-0.4150390625,-0.2197265625,-0.47607421875,0.390625,0.67138671875,0.76904296875,6.72607421875,4.8095703125,3.62548828125,3.18603515625,1.59912109375,0.87890625,6.201171875,-0.1708984375,0.72021484375,-0.634765625,0.5615234375,-0.72021484375,1.94091796875,-1.25732421875,0.5859375,-1.62353515625,8.28857421875,3.30810546875,3.2958984375,-0.3173828125,0.23193359375,0.10986328125,0.244140625,0.244140625,0.18310546875,-0.20751953125,0.830078125,0.4150390625,-0.048828125,-0.0732421875,1.20849609375,-0.06103515625,-0.76904296875,0.20751953125,-0.3662109375,-0.54931640625,-0.830078125,-1.806640625,1.45263671875,0.4638671875,-1.4892578125,0.4150390625,-0.01220703125,0.40283203125,-0.20751953125,-0.244140625,-0.1220703125,0.01220703125,-0.74462890625,-0.0244140625,-0.5859375,-0.03662109375,-0.76904296875,0.1953125,0.048828125,0.10986328125,-0.390625,-0.25634765625,-1.18408203125,-0.13427734375,-0.634765625,-0.08544921875,0.98876953125,0.0244140625,0.390625,0.54931640625,0.01220703125,-0.048828125,0.01220703125,0.1708984375,0.10986328125,-0.2685546875,-0.42724609375,0.1220703125,0.52490234375,0.08544921875,-0.87890625,0.03662109375,-1.611328125
1,0.13427734375,-0.3662109375,0.29296875,-0.29296875,0.3173828125,-0.3662109375,0.3173828125,0.2197265625,0.37841796875,-0.1708984375,-0.3662109375,-0.98876953125,0.244140625,1.5380859375,-0.341796875,-0.28076171875,0.0244140625,-0.76904296875,-0.048828125,-0.390625,0.59814453125,0.86669921875,0.537109375,-0.6591796875,0.01220703125,-0.1708984375,-0.03662109375,-0.8544921875,0.048828125,0.8544921875,0.74462890625,0.1953125,0.78125,0.439453125,-0.4150390625,-0.78125,-0.5615234375,2.86865234375,0.08544921875,-0.54931640625,0.03662109375,-0.1708984375,-0.5615234375,-0.537109375,0.08544921875,-0.45166015625,0.28076171875,0.6591796875,0.6591796875,6.9091796875,4.67529296875,3.99169921875,3.06396484375,1.6357421875,0.72021484375,5.99365234375,-0.0732421875,0.732421875,-0.4638671875,0.57373046875,-0.68359375,1.611328125,-1.611328125,0.4150390625,-0.8056640625,8.2763671875,3.60107421875,3.69873046875,-0.3662109375,0.2197265625,0.1953125,0.20751953125,0.244140625,0.1708984375,-0.25634765625,0.9521484375,0.390625,-0.03662109375,-0.13427734375,1.1962890625,0.03662109375,-0.74462890625,0,-0.47607421875,-0.390625,-0.927734375,-2.197265625,1.79443359375,0.5126953125,-1.5380859375,0.3662109375,-0.01220703125,0.42724609375,-0.1953125,-0.3173828125,-0.13427734375,0,-0.732421875,-0.03662109375,-0.5859375,0.01220703125,-0.7568359375,0.23193359375,0.03662109375,0.06103515625,-0.1708984375,-0.2197265625,-1.0009765625,-0.13427734375,-0.45166015625,-0.08544921875,1.18408203125,0.06103515625,0.390625,0.5615234375,0.0244140625,-0.0732421875,0,0.1708984375,0.10986328125,-0.2685546875,-0.341796875,0.13427734375,0.5615234375,0.09765625,-0.86669921875,-0.01220703125,-1.3916015625
1,0.0732421875,-0.3662109375,0.341796875,-0.2685546875,0.23193359375,-0.3662109375,0.23193359375,0.2197265625,0.732421875,-0.2197265625,-0.01220703125,-1.01318359375,0.30517578125,1.45263671875,-0.15869140625,-0.28076171875,-0.06103515625,-0.72021484375,-0.1220703125,-0.1953125,0.7080078125,0.927734375,0.37841796875,-0.6103515625,-0.0732421875,-0.1953125,0.03662109375,-0.84228515625,0.1220703125,0.86669921875,0.96435546875,0.18310546875,0.7080078125,0.50048828125,-0.48828125,-0.79345703125,-0.37841796875,2.1728515625,0.09765625,-0.5126953125,0.20751953125,-0.1953125,-0.47607421875,-0.6591796875,0.439453125,-0.45166015625,0.32958984375,0.69580078125,0.69580078125,6.92138671875,4.4189453125,4.35791015625,2.86865234375,1.84326171875,0.76904296875,5.8349609375,0.0244140625,0.74462890625,-0.29296875,0.5859375,-0.69580078125,1.20849609375,-1.89208984375,0.30517578125,-0.64697265625,8.349609375,3.72314453125,4.0771484375,-0.40283203125,0.20751953125,0.29296875,0.1708984375,0.146484375,0.1708984375,-0.35400390625,1.06201171875,0.390625,-0.048828125,-0.15869140625,1.171875,0.0244140625,-0.7568359375,-0.1708984375,-0.537109375,-0.40283203125,-0.9521484375,-2.099609375,2.16064453125,0.68359375,-1.5380859375,0.40283203125,0.01220703125,0.4638671875,-0.18310546875,-0.390625,-0.1708984375,-0.01220703125,-0.72021484375,-0.03662109375,-0.62255859375,0.0732421875,-0.732421875,0.2197265625,0.03662109375,0.1220703125,0.03662109375,-0.244140625,-0.79345703125,-0.1708984375,-0.28076171875,-0.08544921875,1.40380859375,0.09765625,0.390625,0.5615234375,0.048828125,-0.048828125,0,0.146484375,0.09765625,-0.2197265625,-0.244140625,0.20751953125,0.62255859375,0.15869140625,-0.8056640625,0.0244140625,-1.0498046875
1,-0.01220703125,-0.3662109375,0.341796875,-0.20751953125,0.15869140625,-0.35400390625,0.0244140625,0.20751953125,1.0498046875,-0.2197265625,0.3173828125,-1.01318359375,0.48828125,1.318359375,0.03662109375,-0.2685546875,-0.06103515625,-0.64697265625,-0.20751953125,0,1.01318359375,0.96435546875,0.0732421875,-0.54931640625,-0.15869140625,-0.18310546875,0.08544921875,-0.8544921875,0.1220703125,0.8544921875,1.03759765625,0.1953125,0.42724609375,0.5126953125,-0.54931640625,-0.79345703125,-0.79345703125,1.4892578125,0.28076171875,-0.4638671875,0.3173828125,-0.1953125,-0.439453125,-0.74462890625,0.59814453125,-0.42724609375,0.45166015625,0.68359375,0.84228515625,6.73828125,4.58984375,4.58984375,2.7099609375,2.099609375,0.59814453125,5.72509765625,0.1220703125,0.74462890625,-0.13427734375,0.5859375,-0.67138671875,0.89111328125,-1.96533203125,0.20751953125,-0.8056640625,8.43505859375,3.18603515625,4.35791015625,-0.47607421875,0.2197265625,0.23193359375,0.146484375,-0.03662109375,0.146484375,-0.4150390625,1.08642578125,0.35400390625,-0.03662109375,-0.18310546875,1.18408203125,0.09765625,-0.76904296875,-0.30517578125,-0.62255859375,-0.537109375,-0.9033203125,-1.74560546875,2.4169921875,0.89111328125,-1.5380859375,0.40283203125,0,0.4638671875,-0.18310546875,-0.4638671875,-0.1953125,-0.0732421875,-0.69580078125,-0.048828125,-0.62255859375,0.1220703125,-0.732421875,0.18310546875,0.0244140625,0.1220703125,0.20751953125,-0.20751953125,-0.67138671875,-0.244140625,-0.18310546875,-0.08544921875,1.5869140625,0.1220703125,0.390625,0.48828125,0.03662109375,-0.06103515625,0,0.09765625,0.09765625,-0.20751953125,-0.146484375,0.1953125,0.7080078125,0.146484375,-0.72021484375,0.0244140625,-0.7080078125
1,-0.1220703125,-0.35400390625,0.25634765625,-0.20751953125,0.244140625,-0.35400390625,-0.06103515625,0.1953125,1.171875,-0.1953125,0.634765625,-1.025390625,0.57373046875,1.171875,0.25634765625,-0.23193359375,0.03662109375,-0.59814453125,-0.1708984375,0.13427734375,1.3916015625,1.03759765625,-0.30517578125,-0.50048828125,-0.2685546875,-0.1953125,0.146484375,-0.8544921875,0.03662109375,0.830078125,0.9521484375,0.1953125,0.30517578125,0.45166015625,-0.64697265625,-0.76904296875,-0.81787109375,0.8544921875,0.25634765625,-0.341796875,0.439453125,-0.2197265625,-0.3662109375,-0.8056640625,0.59814453125,-0.3662109375,0.537109375,0.69580078125,1.20849609375,6.35986328125,4.11376953125,4.638671875,2.6123046875,2.45361328125,0.439453125,5.6640625,0.146484375,0.7568359375,-0.01220703125,0.6103515625,-0.5615234375,0.62255859375,-2.099609375,0.20751953125,-1.4892578125,8.45947265625,3.3203125,4.4677734375,-0.57373046875,0.25634765625,0,0.146484375,-0.2197265625,0.1708984375,-0.390625,1.0498046875,0.32958984375,-0.0244140625,-0.13427734375,1.171875,0.09765625,-0.7568359375,-0.42724609375,-0.634765625,-0.37841796875,-0.74462890625,-1.30615234375,2.52685546875,1.07421875,-1.5625,0.40283203125,0,0.40283203125,-0.1708984375,-0.32958984375,-0.23193359375,-0.0732421875,-0.67138671875,-0.03662109375,-0.6591796875,0.15869140625,-0.7080078125,0.13427734375,0.048828125,0.048828125,0.2685546875,-0.23193359375,-0.57373046875,-0.341796875,-0.146484375,-0.08544921875,1.66015625,0.146484375,0.3662109375,0.4150390625,0.048828125,-0.048828125,0.0244140625,0.09765625,0.08544921875,-0.20751953125,-0.0732421875,0.18310546875,0.78125,0.10986328125,-0.6591796875,0,-0.390625
1,-0.1953125,-0.3662109375,0.1220703125,-0.18310546875,0.29296875,-0.32958984375,-0.0732421875,0.13427734375,1.20849609375,-0.15869140625,0.830078125,-1.03759765625,0.59814453125,1.01318359375,0.29296875,-0.23193359375,0.09765625,-0.537109375,-0.13427734375,0.2197265625,1.74560546875,1.08642578125,-0.7080078125,-0.4638671875,-0.30517578125,-0.20751953125,0.13427734375,-0.830078125,-0.048828125,0.84228515625,0.72021484375,0.20751953125,0.146484375,0.28076171875,-0.78125,-0.76904296875,-0.8056640625,0.390625,0.1220703125,-0.244140625,0.5615234375,-0.2197265625,-0.30517578125,-0.830078125,0.5126953125,-0.37841796875,0.54931640625,0.68359375,1.50146484375,5.8837890625,4.2236328125,4.39453125,1.98974609375,2.8076171875,0.341796875,5.615234375,0.1708984375,0.7568359375,0.0244140625,0.64697265625,-0.390625,0.45166015625,-2.2705078125,0.20751953125,-2.0263671875,8.3740234375,3.5400390625,4.45556640625,-0.64697265625,0.2685546875,-0.23193359375,0.1953125,-0.28076171875,0.18310546875,-0.29296875,0.96435546875,0.244140625,-0.0244140625,-0.1953125,1.18408203125,0.03662109375,-0.7568359375,-0.64697265625,-0.59814453125,-0.048828125,-0.5615234375,-1.28173828125,2.47802734375,1.23291015625,-1.513671875,0.48828125,0.01220703125,0.30517578125,-0.146484375,-0.23193359375,-0.2685546875,-0.0732421875,-0.634765625,-0.03662109375,-0.67138671875,0.1708984375,-0.69580078125,0.10986328125,0.0244140625,0.048828125,0.2197265625,-0.20751953125,-0.6103515625,-0.390625,-0.18310546875,-0.0732421875,1.611328125,0.146484375,0.35400390625,0.341796875,0.03662109375,-0.048828125,0.03662109375,0.03662109375,0.09765625,-0.146484375,-0.048828125,0.2197265625,0.830078125,0.09765625,-0.6103515625,0.08544921875,-0.15869140625
1,-0.2197265625,-0.35400390625,0.0732421875,-0.1953125,0.32958984375,-0.32958984375,-0.08544921875,0.09765625,1.13525390625,-0.10986328125,0.927734375,-1.025390625,0.5126953125,0.87890625,0.25634765625,-0.244140625,0.244140625,-0.537109375,-0.0732421875,0.20751953125,1.953125,1.08642578125,-0.86669921875,-0.48828125,-0.4150390625,-0.18310546875,0.0732421875,-0.84228515625,-0.13427734375,0.84228515625,0.390625,0.20751953125,-0.03662109375,0.10986328125,-0.86669921875,-0.76904296875,-0.8056640625,0.06103515625,0.0244140625,-0.10986328125,0.5859375,-0.2197265625,-0.25634765625,-0.830078125,0.50048828125,-0.390625,0.40283203125,0.67138671875,1.37939453125,5.33447265625,3.86962890625,3.94287109375,1.98974609375,3.16162109375,0.28076171875,5.57861328125,0.2197265625,0.7568359375,0.03662109375,0.67138671875,-0.2197265625,0.40283203125,-2.294921875,0.28076171875,-1.5625,8.04443359375,3.515625,4.28466796875,-0.69580078125,0.2685546875,-0.4150390625,0.23193359375,-0.244140625,0.18310546875,-0.244140625,0.830078125,0.1708984375,-0.0244140625,-0.244140625,1.171875,-0.15869140625,-0.72021484375,-0.79345703125,-0.5126953125,0.3662109375,-0.390625,-1.47705078125,2.33154296875,1.318359375,-1.47705078125,0.537109375,0,0.15869140625,-0.146484375,-0.10986328125,-0.32958984375,-0.03662109375,-0.62255859375,-0.03662109375,-0.68359375,0.146484375,-0.69580078125,0.13427734375,0.0244140625,0,0.048828125,-0.244140625,-0.732421875,-0.42724609375,-0.341796875,-0.09765625,1.46484375,0.1220703125,0.3662109375,0.2197265625,0.048828125,-0.048828125,0.06103515625,0,0.08544921875,-0.1220703125,0.01220703125,0.1953125,0.86669921875,0.0732421875,-0.54931640625,0.09765625,-0.048828125
1,-0.244140625,-0.341796875,0.08544921875,-0.2197265625,0.25634765625,-0.341796875,-0.2197265625,0.048828125,0.9033203125,-0.03662109375,0.86669921875,-1.01318359375,0.4150390625,0.7568359375,0.1220703125,-0.2685546875,0.29296875,-0.57373046875,-0.01220703125,0.13427734375,2.08740234375,1.0986328125,-0.81787109375,-0.5126953125,-0.57373046875,-0.20751953125,-0.0244140625,-0.84228515625,-0.20751953125,0.84228515625,0.09765625,0.20751953125,-0.20751953125,-0.048828125,-0.91552734375,-0.76904296875,-0.74462890625,-0.09765625,-0.29296875,-0.01220703125,0.64697265625,-0.1953125,-0.18310546875,-0.7568359375,0.32958984375,-0.40283203125,0.18310546875,0.64697265625,1.20849609375,4.79736328125,3.38134765625,3.30810546875,1.86767578125,3.3935546875,0.09765625,5.46875,0.28076171875,0.74462890625,-0.0244140625,0.69580078125,-0.03662109375,0.42724609375,-2.4658203125,0.32958984375,-1.3671875,7.48291015625,2.880859375,3.96728515625,-0.7568359375,0.28076171875,-0.5615234375,0.29296875,-0.1708984375,0.20751953125,-0.1953125,0.74462890625,0.20751953125,0,-0.30517578125,1.18408203125,-0.29296875,-0.72021484375,-0.8544921875,-0.42724609375,0.5615234375,-0.20751953125,-1.91650390625,2.08740234375,1.26953125,-1.46484375,0.62255859375,0,0.03662109375,-0.1708984375,0.01220703125,-0.40283203125,0.03662109375,-0.634765625,-0.08544921875,-0.68359375,0.13427734375,-0.68359375,0.1953125,0.048828125,0.01220703125,-0.18310546875,-0.146484375,-0.89111328125,-0.42724609375,-0.5126953125,-0.1220703125,1.25732421875,0.0732421875,0.3662109375,0.15869140625,0.048828125,-0.06103515625,0.06103515625,-0.0732421875,0.10986328125,-0.1708984375,0.01220703125,0.1708984375,0.89111328125,0.06103515625,-0.5126953125,0.08544921875,-0.08544921875
1,-0.2197265625,-0.35400390625,0.13427734375,-0.20751953125,0.2197265625,-0.35400390625,-0.10986328125,0.01220703125,0.67138671875,0,0.64697265625,-0.98876953125,0.32958984375,0.72021484375,0.0244140625,-0.29296875,0.390625,-0.62255859375,0.03662109375,0,1.98974609375,1.06201171875,-0.57373046875,-0.57373046875,-0.6103515625,-0.20751953125,-0.10986328125,-0.84228515625,-0.28076171875,0.84228515625,-0.1953125,0.2197265625,-0.439453125,-0.18310546875,-0.9765625,-0.7568359375,-0.89111328125,-0.0732421875,-0.32958984375,0.06103515625,0.64697265625,-0.15869140625,-0.13427734375,-0.64697265625,0.15869140625,-0.390625,0.0244140625,0.64697265625,0.84228515625,4.35791015625,3.30810546875,2.57568359375,1.3916015625,3.5400390625,0.244140625,5.33447265625,0.28076171875,0.732421875,-0.1708984375,0.7080078125,0.0244140625,0.5126953125,-2.35595703125,0.45166015625,-1.37939453125,6.62841796875,2.5146484375,3.55224609375,-0.830078125,0.29296875,-0.57373046875,0.3662109375,-0.146484375,0.20751953125,-0.13427734375,0.6591796875,0.25634765625,-0.0244140625,-0.32958984375,1.220703125,-0.37841796875,-0.67138671875,-0.72021484375,-0.341796875,0.8056640625,-0.10986328125,-1.9287109375,1.8798828125,1.15966796875,-1.416015625,0.634765625,0,-0.03662109375,-0.1953125,0.1708984375,-0.48828125,0.06103515625,-0.64697265625,-0.1220703125,-0.68359375,0.08544921875,-0.68359375,0.244140625,0.048828125,0.048828125,-0.40283203125,-0.08544921875,-1.03759765625,-0.35400390625,-0.68359375,-0.10986328125,1.0498046875,0.01220703125,0.390625,0.1220703125,0.03662109375,-0.0732421875,0.03662109375,-0.06103515625,0.09765625,-0.15869140625,0.0244140625,0.20751953125,0.87890625,0.048828125,-0.537109375,0.10986328125,-0.2197265625
0,-0.15869140625,-0.3173828125,0.15869140625,-0.23193359375,0.23193359375,-0.35400390625,0,0,0.4150390625,0.0732421875,0.32958984375,-1.0009765625,0.3662109375,0.732421875,-0.0244140625,-0.29296875,0.439453125,-0.68359375,0.03662109375,-0.15869140625,1.708984375,1.01318359375,-0.341796875,-0.62255859375,-0.69580078125,-0.20751953125,-0.13427734375,-0.84228515625,-0.3662109375,0.8544921875,-0.4638671875,0.20751953125,-0.59814453125,-0.244140625,-0.830078125,-0.78125,-0.67138671875,0.0732421875,-0.74462890625,0.0732421875,0.67138671875,-0.09765625,-0.18310546875,-0.5615234375,0.09765625,-0.4150390625,-0.048828125,0.6591796875,0.6591796875,4.01611328125,3.18603515625,1.86767578125,0.93994140625,3.52783203125,0.45166015625,5.1025390625,0.32958984375,0.732421875,-0.2685546875,0.69580078125,0.03662109375,0.67138671875,-2.38037109375,0.537109375,-1.7578125,5.57861328125,2.3193359375,3.076171875,-0.8056640625,0.28076171875,-0.5859375,0.4150390625,-0.0732421875,0.20751953125,-0.08544921875,0.634765625,0.2685546875,-0.03662109375,-0.32958984375,1.20849609375,-0.244140625,-0.634765625,-0.52490234375,-0.2685546875,1.06201171875,-0.09765625,-2.11181640625,1.708984375,1.123046875,-1.42822265625,0.62255859375,0,-0.08544921875,-0.23193359375,0.3173828125,-0.57373046875,0.06103515625,-0.67138671875,-0.15869140625,-0.67138671875,0,-0.69580078125,0.2685546875,0.06103515625,0.13427734375,-0.537109375,-0.08544921875,-1.08642578125,-0.28076171875,-0.78125,-0.08544921875,0.91552734375,-0.048828125,0.40283203125,0.13427734375,0.048828125,-0.06103515625,0.06103515625,-0.09765625,0.10986328125,-0.2197265625,0.03662109375,0.20751953125,0.86669921875,0.0244140625,-0.537109375,0.048828125,-0.390625
0,-0.09765625,-0.32958984375,0.15869140625,-0.25634765625,0.15869140625,-0.341796875,-0.048828125,-0.01220703125,0.439453125,0.08544921875,-0.06103515625,-0.98876953125,0.42724609375,0.8056640625,-0.15869140625,-0.3173828125,0.4150390625,-0.72021484375,0.01220703125,-0.2685546875,1.26953125,1.0009765625,-0.146484375,-0.6591796875,-0.72021484375,-0.20751953125,-0.13427734375,-0.84228515625,-0.3662109375,0.86669921875,-0.68359375,0.20751953125,-0.78125,-0.244140625,-0.59814453125,-0.78125,-0.45166015625,0.29296875,-0.927734375,0.048828125,0.6103515625,-0.0244140625,-0.30517578125,-0.47607421875,0.048828125,-0.42724609375,0.03662109375,0.634765625,0.5859375,3.77197265625,3.125,1.30615234375,0.81787109375,3.41796875,0.42724609375,4.833984375,0.341796875,0.74462890625,-0.45166015625,0.7080078125,0.2197265625,0.830078125,-2.5146484375,0.62255859375,-1.8310546875,4.47998046875,2.5146484375,2.67333984375,-0.72021484375,0.2685546875,-0.59814453125,0.439453125,0,0.1953125,-0.0244140625,0.64697265625,0.2197265625,-0.03662109375,-0.35400390625,1.20849609375,-0.2197265625,-0.59814453125,-0.42724609375,-0.18310546875,0.9765625,-0.18310546875,-2.1728515625,1.62353515625,1.06201171875,-1.40380859375,0.69580078125,0,-0.10986328125,-0.23193359375,0.37841796875,-0.67138671875,0.10986328125,-0.69580078125,-0.146484375,-0.6591796875,-0.048828125,-0.72021484375,0.28076171875,0.048828125,0.18310546875,-0.5859375,-0.13427734375,-0.9521484375,-0.1953125,-0.78125,-0.0732421875,0.87890625,-0.08544921875,0.390625,0.18310546875,0.0244140625,-0.048828125,0.048828125,-0.09765625,0.10986328125,-0.244140625,0.03662109375,0.20751953125,0.86669921875,0.03662109375,-0.5126953125,0.03662109375,-0.57373046875
0,-0.0244140625,-0.3173828125,0.1708984375,-0.25634765625,0.18310546875,-0.35400390625,0.09765625,-0.03662109375,0.5126953125,0.08544921875,-0.42724609375,-0.9765625,0.390625,0.89111328125,-0.29296875,-0.3173828125,0.3662109375,-0.74462890625,0.048828125,-0.29296875,0.84228515625,0.98876953125,0.06103515625,-0.64697265625,-0.68359375,-0.20751953125,-0.15869140625,-0.86669921875,-0.28076171875,0.84228515625,-0.81787109375,0.2197265625,-0.78125,-0.244140625,-0.341796875,-0.8056640625,-0.634765625,0.5126953125,-0.69580078125,0.01220703125,0.5126953125,0.03662109375,-0.4150390625,-0.4638671875,0.048828125,-0.4638671875,0.10986328125,0.634765625,0.52490234375,3.62548828125,3.21044921875,0.93994140625,0.08544921875,3.22265625,0.18310546875,4.4677734375,0.32958984375,0.732421875,-0.68359375,0.7080078125,0.40283203125,0.927734375,-2.4169921875,0.69580078125,-1.33056640625,3.43017578125,2.57568359375,2.38037109375,-0.6591796875,0.25634765625,-0.40283203125,0.4638671875,0.03662109375,0.18310546875,0,0.74462890625,0.08544921875,-0.06103515625,-0.244140625,1.220703125,-0.0732421875,-0.5615234375,-0.4638671875,-0.1953125,0.98876953125,-0.341796875,-1.81884765625,1.64794921875,1.08642578125,-1.416015625,0.537109375,0.0244140625,-0.10986328125,-0.244140625,0.35400390625,-0.74462890625,0.1220703125,-0.7080078125,-0.10986328125,-0.6591796875,-0.1220703125,-0.74462890625,0.244140625,0.048828125,0.15869140625,-0.40283203125,-0.25634765625,-0.62255859375,-0.10986328125,-0.634765625,-0.08544921875,1.08642578125,-0.08544921875,0.390625,0.244140625,0.0244140625,-0.06103515625,0.0244140625,-0.06103515625,0.08544921875,-0.244140625,0.0732421875,0.28076171875,0.87890625,0.06103515625,-0.5126953125,0.048828125,-0.69580078125
0,0.0244140625,-0.3173828125,0.28076171875,-0.28076171875,0.146484375,-0.341796875,0.08544921875,-0.0244140625,0.47607421875,0.0732421875,-0.7568359375,-0.9765625,0.28076171875,0.9765625,-0.42724609375,-0.32958984375,0.23193359375,-0.732421875,0,-0.244140625,0.3173828125,1.025390625,0.09765625,-0.5859375,-0.68359375,-0.20751953125,-0.10986328125,-0.87890625,-0.15869140625,0.830078125,-0.89111328125,0.2197265625,-0.79345703125,-0.2197265625,-0.0244140625,-0.78125,-0.732421875,0.732421875,-0.732421875,-0.048828125,0.35400390625,0.13427734375,-0.537109375,-0.439453125,-0.01220703125,-0.47607421875,0.09765625,0.64697265625,0.6591796875,3.50341796875,2.734375,0.8056640625,0.29296875,2.94189453125,0.2685546875,4.01611328125,0.30517578125,0.7568359375,-0.81787109375,0.69580078125,0.52490234375,1.0009765625,-2.294921875,0.7568359375,-0.96435546875,2.5634765625,2.978515625,2.25830078125,-0.67138671875,0.23193359375,-0.4150390625,0.439453125,0.0732421875,0.18310546875,0.08544921875,0.86669921875,0.03662109375,-0.048828125,-0.146484375,1.20849609375,0.10986328125,-0.54931640625,-0.48828125,-0.1708984375,0.9765625,-0.52490234375,-0.89111328125,1.69677734375,0.96435546875,-1.45263671875,0.3173828125,-0.01220703125,-0.1220703125,-0.2685546875,0.35400390625,-0.830078125,0.146484375,-0.72021484375,-0.03662109375,-0.64697265625,-0.146484375,-0.72021484375,0.1953125,0.03662109375,0.09765625,-0.0244140625,-0.30517578125,0,-0.0732421875,-0.3173828125,-0.08544921875,1.50146484375,-0.048828125,0.37841796875,0.29296875,0.0244140625,-0.048828125,0.01220703125,-0.03662109375,0.10986328125,-0.30517578125,0.15869140625,0.25634765625,0.9033203125,0.03662109375,-0.48828125,-0.0244140625,-0.7080078125
0,0.0732421875,-0.3173828125,0.390625,-0.30517578125,0.06103515625,-0.341796875,-0.048828125,0.01220703125,0.28076171875,0.048828125,-0.98876953125,-0.98876953125,0.0244140625,1.08642578125,-0.45166015625,-0.32958984375,0.03662109375,-0.68359375,-0.08544921875,-0.1220703125,-0.15869140625,1.08642578125,0.06103515625,-0.54931640625,-0.6103515625,-0.1953125,-0.048828125,-0.86669921875,0.01220703125,0.84228515625,-0.9521484375,0.1953125,-0.54931640625,-0.1953125,0.2197265625,-0.76904296875,-0.89111328125,0.9033203125,-0.37841796875,-0.1220703125,0.244140625,0.1953125,-0.537109375,-0.45166015625,-0.18310546875,-0.4638671875,0.06103515625,0.68359375,0.6591796875,3.35693359375,2.05078125,0.89111328125,0.1220703125,2.72216796875,0.03662109375,3.4912109375,0.2197265625,0.7080078125,-0.98876953125,0.68359375,0.54931640625,1.01318359375,-2.38037109375,0.76904296875,-1.03759765625,2.001953125,2.734375,2.34375,-0.7080078125,0.244140625,-0.2685546875,0.390625,0.1220703125,0.1708984375,0.15869140625,1.01318359375,0.08544921875,-0.048828125,-0.048828125,1.1962890625,0.1953125,-0.5615234375,-0.57373046875,-0.23193359375,0.89111328125,-0.7080078125,-0.6591796875,1.77001953125,0.830078125,-1.46484375,0.09765625,0,-0.1708984375,-0.28076171875,0.3173828125,-0.87890625,0.15869140625,-0.69580078125,0.0244140625,-0.6591796875,-0.13427734375,-0.7080078125,0.146484375,0.03662109375,0,0.54931640625,-0.2685546875,0.84228515625,-0.06103515625,0.146484375,-0.09765625,2.099609375,0.01220703125,0.3662109375,0.3662109375,0.03662109375,-0.06103515625,0,0.01220703125,0.10986328125,-0.2685546875,0.244140625,0.25634765625,0.96435546875,0.0244140625,-0.439453125,-0.0244140625,-0.634765625
0,0.13427734375,-0.32958984375,0.54931640625,-0.29296875,0.03662109375,-0.341796875,-0.03662109375,0,0.01220703125,0,-1.06201171875,-0.98876953125,-0.29296875,1.13525390625,-0.29296875,-0.32958984375,-0.10986328125,-0.59814453125,-0.0244140625,0.03662109375,-0.67138671875,1.171875,0.01220703125,-0.45166015625,-0.537109375,-0.20751953125,0.0732421875,-0.87890625,0.1953125,0.830078125,-0.91552734375,0.1953125,-0.341796875,-0.15869140625,0.439453125,-0.7568359375,-0.86669921875,0.96435546875,-0.1708984375,-0.18310546875,0.13427734375,0.2685546875,-0.57373046875,-0.52490234375,-0.244140625,-0.45166015625,0.06103515625,0.68359375,0.5615234375,3.1982421875,1.59912109375,1.1474609375,-0.20751953125,2.5390625,0.86669921875,2.99072265625,0.146484375,0.69580078125,-1.1474609375,0.6591796875,0.59814453125,0.98876953125,-2.28271484375,0.7568359375,-0.50048828125,1.77001953125,2.587890625,2.62451171875,-0.68359375,0.23193359375,-0.146484375,0.32958984375,0.25634765625,0.1708984375,0.2197265625,1.07421875,0.13427734375,-0.048828125,-0.01220703125,1.18408203125,0.23193359375,-0.57373046875,-0.5859375,-0.29296875,1.0986328125,-0.830078125,-0.2685546875,1.79443359375,0.78125,-1.50146484375,-0.15869140625,-0.01220703125,-0.1220703125,-0.28076171875,0.30517578125,-0.87890625,0.146484375,-0.69580078125,0.03662109375,-0.6591796875,-0.10986328125,-0.7080078125,0.10986328125,0.0244140625,0.0244140625,1.30615234375,-0.20751953125,1.904296875,-0.1220703125,0.72021484375,-0.09765625,2.8564453125,0.06103515625,0.35400390625,0.42724609375,0.0244140625,-0.0732421875,-0.01220703125,0.048828125,0.10986328125,-0.244140625,0.3173828125,0.2685546875,1.01318359375,0.06103515625,-0.3662109375,-0.0244140625,-0.47607421875
0,0.146484375,-0.35400390625,0.634765625,-0.29296875,-0.01220703125,-0.341796875,-0.08544921875,0.048828125,0.06103515625,-0.03662109375,-1.0009765625,-0.98876953125,-0.40283203125,1.123046875,-0.2197265625,-0.30517578125,-0.20751953125,-0.5126953125,-0.06103515625,0.1708984375,-0.927734375,1.220703125,-0.0244140625,-0.390625,-0.57373046875,-0.2197265625,0.146484375,-0.86669921875,0.4150390625,0.830078125,-0.8056640625,0.1953125,-0.1953125,-0.1708984375,0.54931640625,-0.7568359375,-0.57373046875,0.927734375,-0.1220703125,-0.23193359375,0.0244140625,0.30517578125,-0.64697265625,-0.5859375,-0.1708984375,-0.4638671875,0.1708984375,0.69580078125,0.45166015625,3.0029296875,1.79443359375,1.5625,-0.10986328125,2.490234375,0.68359375,2.5390625,0.0732421875,0.69580078125,-1.23291015625,0.6103515625,0.5126953125,0.91552734375,-2.34375,0.7080078125,-0.5615234375,1.84326171875,3.173828125,3.1005859375,-0.59814453125,0.23193359375,-0.2197265625,0.28076171875,0.40283203125,0.1708984375,0.18310546875,1.0986328125,0.20751953125,-0.06103515625,0.0244140625,1.18408203125,0.2197265625,-0.57373046875,-0.50048828125,-0.3662109375,1.171875,-0.86669921875,-0.3662109375,1.6845703125,0.7568359375,-1.52587890625,-0.29296875,0.01220703125,-0.08544921875,-0.2197265625,0.28076171875,-0.86669921875,0.1220703125,-0.634765625,0.048828125,-0.6591796875,-0.09765625,-0.68359375,0.06103515625,0.01220703125,0.01220703125,2.0751953125,-0.13427734375,3.06396484375,-0.15869140625,1.35498046875,-0.10986328125,3.6865234375,0.09765625,0.341796875,0.439453125,0.048828125,-0.06103515625,-0.01220703125,0.0732421875,0.10986328125,-0.20751953125,0.37841796875,0.28076171875,1.06201171875,0.048828125,-0.32958984375,0.01220703125,-0.25634765625
0,0.1220703125,-0.35400390625,0.634765625,-0.28076171875,-0.1220703125,-0.32958984375,-0.1953125,0.0732421875,0.244140625,-0.06103515625,-0.84228515625,-0.98876953125,-0.390625,1.08642578125,-0.2685546875,-0.30517578125,-0.3173828125,-0.45166015625,-0.1708984375,0.28076171875,-1.01318359375,1.30615234375,-0.03662109375,-0.32958984375,-0.537109375,-0.2197265625,0.18310546875,-0.8544921875,0.6103515625,0.8056640625,-0.69580078125,0.1953125,-0.0732421875,-0.1953125,0.6103515625,-0.74462890625,-0.74462890625,0.79345703125,-0.13427734375,-0.2685546875,-0.048828125,0.3173828125,-0.634765625,-0.62255859375,-0.06103515625,-0.45166015625,0.341796875,0.69580078125,0.5859375,2.8076171875,2.0751953125,1.9775390625,0.09765625,2.55126953125,1.123046875,2.1728515625,0.048828125,0.68359375,-1.35498046875,0.57373046875,0.52490234375,0.830078125,-2.35595703125,0.62255859375,-0.7568359375,2.1484375,2.783203125,3.6376953125,-0.537109375,0.2197265625,-0.2197265625,0.23193359375,0.4150390625,0.146484375,0.146484375,1.025390625,0.23193359375,-0.06103515625,0.01220703125,1.18408203125,0.25634765625,-0.59814453125,-0.40283203125,-0.4150390625,1.03759765625,-0.84228515625,-0.57373046875,1.513671875,0.79345703125,-1.513671875,-0.32958984375,0.01220703125,-0.06103515625,-0.1953125,0.30517578125,-0.81787109375,0.06103515625,-0.62255859375,0.0732421875,-0.67138671875,-0.08544921875,-0.68359375,0.06103515625,0.0244140625,0.0732421875,2.880859375,-0.1220703125,4.248046875,-0.20751953125,1.96533203125,-0.08544921875,4.52880859375,0.13427734375,0.35400390625,0.45166015625,0.03662109375,-0.06103515625,0,0.10986328125,0.10986328125,-0.1708984375,0.45166015625,0.25634765625,1.11083984375,0.048828125,-0.29296875,0.0244140625,-0.06103515625
0,0.1220703125,-0.3662109375,0.52490234375,-0.244140625,-0.3173828125,-0.3173828125,-0.1953125,0.10986328125,0.32958984375,-0.06103515625,-0.537109375,-1.0009765625,-0.32958984375,1.0009765625,-0.439453125,-0.28076171875,-0.37841796875,-0.40283203125,-0.28076171875,0.32958984375,-0.9765625,1.35498046875,-0.0244140625,-0.35400390625,-0.54931640625,-0.2197265625,0.244140625,-0.81787109375,0.7080078125,0.81787109375,-0.537109375,0.20751953125,0.01220703125,-0.20751953125,0.634765625,-0.74462890625,-0.69580078125,0.5859375,-0.0244140625,-0.2685546875,-0.048828125,0.30517578125,-0.6591796875,-0.64697265625,0.01220703125,-0.439453125,0.50048828125,0.69580078125,0.6591796875,2.64892578125,2.44140625,2.3681640625,-0.1953125,2.74658203125,1.50146484375,2.001953125,0.0732421875,0.68359375,-1.3916015625,0.5615234375,0.390625,0.76904296875,-2.2216796875,0.5126953125,-1.03759765625,2.5390625,3.18603515625,4.21142578125,-0.5859375,0.2197265625,-0.244140625,0.1953125,0.35400390625,0.146484375,0.0732421875,0.96435546875,0.28076171875,-0.048828125,-0.09765625,1.171875,0.2685546875,-0.6103515625,-0.3662109375,-0.45166015625,1.50146484375,-0.732421875,-0.4150390625,1.2451171875,0.91552734375,-1.5380859375,-0.42724609375,0.0244140625,-0.06103515625,-0.1708984375,0.3662109375,-0.76904296875,0,-0.6103515625,0.08544921875,-0.67138671875,-0.146484375,-0.67138671875,0.0732421875,0.0244140625,0.1220703125,3.60107421875,-0.1708984375,5.35888671875,-0.244140625,2.5390625,-0.06103515625,5.26123046875,0.1220703125,0.341796875,0.47607421875,0.0244140625,-0.06103515625,0,0.08544921875,0.08544921875,-0.09765625,0.45166015625,0.25634765625,1.123046875,0.0732421875,-0.2685546875,0.06103515625,0.08544921875
0,0.15869140625,-0.3662109375,0.37841796875,-0.244140625,-0.244140625,-0.32958984375,-0.0732421875,0.10986328125,0.390625,-0.048828125,-0.1220703125,-1.0009765625,-0.25634765625,0.91552734375,-0.634765625,-0.2685546875,-0.3662109375,-0.42724609375,-0.50048828125,0.3173828125,-0.830078125,1.35498046875,-0.146484375,-0.390625,-0.6103515625,-0.20751953125,0.25634765625,-0.81787109375,0.72021484375,0.830078125,-0.4150390625,0.20751953125,0.03662109375,-0.244140625,0.59814453125,-0.74462890625,-0.72021484375,0.35400390625,-0.15869140625,-0.25634765625,0.0244140625,0.2685546875,-0.5615234375,-0.64697265625,0.15869140625,-0.4150390625,0.5615234375,0.69580078125,0.64697265625,2.5634765625,1.74560546875,2.74658203125,-0.29296875,3.01513671875,2.52685546875,2.0263671875,0.10986328125,0.67138671875,-1.3916015625,0.54931640625,0.3173828125,0.72021484375,-2.23388671875,0.37841796875,-1.69677734375,2.96630859375,3.45458984375,4.74853515625,-0.6103515625,0.25634765625,-0.3662109375,0.20751953125,0.3173828125,0.1708984375,0.03662109375,0.8056640625,0.244140625,-0.06103515625,-0.20751953125,1.171875,0.15869140625,-0.59814453125,-0.37841796875,-0.47607421875,1.318359375,-0.54931640625,-0.8544921875,0.93994140625,0.98876953125,-1.50146484375,-0.341796875,0.0244140625,-0.0732421875,-0.146484375,0.35400390625,-0.68359375,-0.01220703125,-0.62255859375,0.13427734375,-0.64697265625,-0.18310546875,-0.64697265625,0.10986328125,0.0244140625,0.048828125,4.16259765625,-0.23193359375,6.26220703125,-0.23193359375,2.99072265625,-0.09765625,5.82275390625,0.06103515625,0.37841796875,0.4638671875,0.03662109375,-0.06103515625,0.0244140625,0.01220703125,0.09765625,-0.06103515625,0.439453125,0.2685546875,1.123046875,0.08544921875,-0.28076171875,0.08544921875,0.1220703125
0,0.1708984375,-0.3662109375,0.28076171875,-0.20751953125,-0.37841796875,-0.35400390625,-0.03662109375,0.13427734375,0.4150390625,-0.0244140625,0.37841796875,-1.01318359375,-0.18310546875,0.84228515625,-0.732421875,-0.25634765625,-0.28076171875,-0.45166015625,-0.537109375,0.2685546875,-0.68359375,1.3427734375,-0.18310546875,-0.4638671875,-0.62255859375,-0.20751953125,0.18310546875,-0.84228515625,0.6591796875,0.84228515625,-0.29296875,0.2197265625,-0.048828125,-0.25634765625,0.5126953125,-0.76904296875,-0.72021484375,0.09765625,-0.25634765625,-0.244140625,0.10986328125,0.1708984375,-0.439453125,-0.59814453125,0.23193359375,-0.40283203125,0.5615234375,0.67138671875,0.390625,2.67333984375,1.69677734375,3.02734375,-0.79345703125,3.2958984375,2.783203125,2.3193359375,0.1708984375,0.69580078125,-1.46484375,0.537109375,0.2197265625,0.74462890625,-2.20947265625,0.244140625,-1.7822265625,3.271484375,3.9794921875,5.13916015625,-0.6103515625,0.244140625,-0.341796875,0.20751953125,0.28076171875,0.1708984375,-0.01220703125,0.69580078125,0.20751953125,-0.03662109375,-0.28076171875,1.18408203125,0.03662109375,-0.5859375,-0.47607421875,-0.45166015625,1.50146484375,-0.40283203125,-1.50146484375,0.6591796875,1.025390625,-1.4892578125,-0.3173828125,0.03662109375,-0.13427734375,-0.146484375,0.30517578125,-0.67138671875,-0.03662109375,-0.6591796875,0.146484375,-0.6591796875,-0.18310546875,-0.634765625,0.15869140625,0.03662109375,0.08544921875,4.5166015625,-0.20751953125,6.92138671875,-0.20751953125,3.271484375,-0.10986328125,6.201171875,-0.01220703125,0.3662109375,0.47607421875,0.0244140625,-0.0732421875,0.03662109375,-0.06103515625,0.0732421875,-0.01220703125,0.37841796875,0.25634765625,1.08642578125,0.08544921875,-0.30517578125,0.10986328125,0.03662109375
1,0.1220703125,-0.35400390625,0.29296875,-0.20751953125,-0.5126953125,-0.35400390625,-0.048828125,0.10986328125,0.50048828125,0.01220703125,0.86669921875,-0.98876953125,-0.09765625,0.78125,-0.79345703125,-0.23193359375,-0.1708984375,-0.5126953125,-0.5859375,0.23193359375,-0.634765625,1.33056640625,-0.25634765625,-0.5126953125,-0.74462890625,-0.2197265625,0.10986328125,-0.830078125,0.5615234375,0.8544921875,-0.244140625,0.20751953125,-0.25634765625,-0.2685546875,0.37841796875,-0.76904296875,-0.69580078125,-0.1220703125,-0.3662109375,-0.2197265625,0.1953125,0.10986328125,-0.341796875,-0.52490234375,0.37841796875,-0.4150390625,0.537109375,0.64697265625,0.03662109375,2.9541015625,1.66015625,3.30810546875,-1.171875,3.5400390625,3.62548828125,2.83203125,0.23193359375,0.7080078125,-1.46484375,0.52490234375,0.0244140625,0.78125,-2.1240234375,0.13427734375,-1.7578125,3.4423828125,4.2236328125,5.33447265625,-0.5859375,0.25634765625,-0.2197265625,0.2197265625,0.25634765625,0.18310546875,-0.048828125,0.634765625,0.10986328125,-0.0244140625,-0.2685546875,1.1962890625,-0.0732421875,-0.54931640625,-0.4638671875,-0.40283203125,1.904296875,-0.2685546875,-1.81884765625,0.4638671875,1.0986328125,-1.4892578125,-0.28076171875,0.03662109375,-0.1220703125,-0.146484375,0.244140625,-0.634765625,-0.048828125,-0.68359375,0.1220703125,-0.64697265625,-0.15869140625,-0.64697265625,0.1708984375,0.048828125,0.06103515625,4.65087890625,-0.03662109375,7.2998046875,-0.1708984375,3.43017578125,-0.10986328125,6.35986328125,-0.13427734375,0.3662109375,0.390625,0.03662109375,-0.0732421875,0.048828125,-0.15869140625,0.08544921875,0.03662109375,0.29296875,0.28076171875,1.025390625,0.10986328125,-0.37841796875,0.1220703125,-0.09765625
1,0.03662109375,-0.341796875,0.341796875,-0.2197265625,-0.48828125,-0.3662109375,-0.048828125,0.0732421875,0.7080078125,0.048828125,1.1474609375,-1.025390625,-0.03662109375,0.7568359375,-0.74462890625,-0.2197265625,-0.06103515625,-0.5615234375,-0.54931640625,0.25634765625,-0.45166015625,1.318359375,-0.390625,-0.54931640625,-0.8056640625,-0.20751953125,0.01220703125,-0.81787109375,0.439453125,0.87890625,-0.244140625,0.2197265625,-0.35400390625,-0.23193359375,0.244140625,-0.78125,-0.81787109375,-0.3173828125,-0.59814453125,-0.2197265625,0.29296875,0.01220703125,-0.2197265625,-0.439453125,0.4638671875,-0.4150390625,0.54931640625,0.64697265625,-0.0244140625,3.43017578125,2.16064453125,3.55224609375,-1.42822265625,3.662109375,4.1015625,3.57666015625,0.32958984375,0.732421875,-1.42822265625,0.52490234375,0.048828125,0.830078125,-2.25830078125,0.03662109375,-1.26953125,3.50341796875,4.0771484375,5.33447265625,-0.6103515625,0.23193359375,-0.25634765625,0.20751953125,0.20751953125,0.1708984375,-0.01220703125,0.634765625,0.08544921875,-0.0244140625,-0.25634765625,1.20849609375,-0.146484375,-0.5126953125,-0.42724609375,-0.35400390625,1.89208984375,-0.1708984375,-2.4658203125,0.3662109375,0.96435546875,-1.46484375,-0.146484375,0.048828125,-0.13427734375,-0.15869140625,0.2197265625,-0.64697265625,-0.09765625,-0.7080078125,0.08544921875,-0.62255859375,-0.13427734375,-0.6591796875,0.13427734375,0.03662109375,0.146484375,4.57763671875,0.10986328125,7.36083984375,-0.10986328125,3.3935546875,-0.08544921875,6.28662109375,-0.1953125,0.40283203125,0.30517578125,0.06103515625,-0.0732421875,0.0732421875,-0.10986328125,0.08544921875,0,0.1953125,0.25634765625,0.93994140625,0.08544921875,-0.42724609375,0.1708984375,-0.3173828125
1,-0.03662109375,-0.32958984375,0.4150390625,-0.23193359375,-0.40283203125,-0.3662109375,0.048828125,0.06103515625,0.86669921875,0.0732421875,1.07421875,-1.025390625,-0.03662109375,0.81787109375,-0.732421875,-0.244140625,0.01220703125,-0.57373046875,-0.45166015625,0.439453125,-0.439453125,1.2939453125,-0.48828125,-0.50048828125,-0.86669921875,-0.18310546875,-0.09765625,-0.84228515625,0.28076171875,0.9033203125,-0.29296875,0.23193359375,-0.634765625,-0.1953125,0.146484375,-0.78125,-0.98876953125,-0.45166015625,-0.68359375,-0.1953125,0.40283203125,-0.09765625,-0.20751953125,-0.3662109375,0.52490234375,-0.42724609375,0.64697265625,0.634765625,-0.2685546875,4.06494140625,2.03857421875,3.80859375,-1.5625,3.64990234375,4.931640625,4.50439453125,0.4638671875,0.74462890625,-1.416015625,0.54931640625,0.28076171875,0.91552734375,-2.35595703125,-0.01220703125,-1.7333984375,3.515625,4.0771484375,5.13916015625,-0.54931640625,0.23193359375,-0.2197265625,0.28076171875,0.20751953125,0.20751953125,0.03662109375,0.69580078125,0.06103515625,-0.06103515625,-0.28076171875,1.20849609375,-0.29296875,-0.4638671875,-0.28076171875,-0.3173828125,1.7822265625,-0.146484375,-2.47802734375,0.4150390625,0.927734375,-1.45263671875,0.09765625,0.03662109375,-0.13427734375,-0.18310546875,0.1953125,-0.67138671875,-0.146484375,-0.72021484375,0.048828125,-0.62255859375,-0.09765625,-0.67138671875,0.06103515625,0.048828125,0.15869140625,4.3212890625,0,7.12890625,-0.146484375,3.22265625,-0.0732421875,6.04248046875,-0.28076171875,0.390625,0.20751953125,0.03662109375,-0.0732421875,0.06103515625,-0.13427734375,0.09765625,0.0244140625,0.10986328125,0.30517578125,0.87890625,0.0732421875,-0.4638671875,0.18310546875,-0.537109375
1,-0.146484375,-0.32958984375,0.4638671875,-0.244140625,-0.341796875,-0.37841796875,0.048828125,0.03662109375,0.9521484375,0.0732421875,0.84228515625,-1.01318359375,-0.18310546875,0.89111328125,-0.69580078125,-0.25634765625,0.06103515625,-0.439453125,-0.341796875,0.81787109375,-0.45166015625,1.3427734375,-0.48828125,-0.37841796875,-0.9521484375,-0.18310546875,-0.2197265625,-0.8544921875,0.0732421875,0.89111328125,-0.37841796875,0.2197265625,-0.8056640625,-0.13427734375,0.1220703125,-0.78125,-1.0009765625,-0.47607421875,-0.3662109375,-0.2197265625,0.48828125,-0.18310546875,-0.13427734375,-0.28076171875,0.57373046875,-0.439453125,0.634765625,0.64697265625,-0.2197265625,4.78515625,1.46484375,4.06494140625,-1.62353515625,3.43017578125,5.1513671875,5.50537109375,0.57373046875,0.76904296875,-1.3427734375,0.5615234375,0.42724609375,0.93994140625,-2.42919921875,-0.0244140625,-1.98974609375,3.61328125,3.271484375,4.82177734375,-0.5126953125,0.244140625,-0.29296875,0.30517578125,0.20751953125,0.20751953125,0.08544921875,0.81787109375,0.03662109375,-0.06103515625,-0.390625,1.220703125,-0.45166015625,-0.40283203125,-0.1708984375,-0.29296875,1.77001953125,-0.15869140625,-3.0517578125,0.537109375,0.9033203125,-1.4404296875,0.341796875,0.0244140625,-0.10986328125,-0.20751953125,0.13427734375,-0.72021484375,-0.1708984375,-0.732421875,0.01220703125,-0.62255859375,-0.08544921875,-0.7080078125,-0.01220703125,0.03662109375,0.13427734375,3.9794921875,-0.1220703125,6.6650390625,-0.1708984375,2.99072265625,-0.08544921875,5.6884765625,-0.3173828125,0.4150390625,0.09765625,0.048828125,-0.0732421875,0.0732421875,-0.23193359375,0.10986328125,0.0244140625,0.06103515625,0.29296875,0.81787109375,0.0732421875,-0.537109375,0.146484375,-0.72021484375
1,-0.1953125,-0.3173828125,0.45166015625,-0.25634765625,-0.2685546875,-0.37841796875,-0.0244140625,0,0.93994140625,0.06103515625,0.537109375,-1.025390625,-0.4150390625,0.98876953125,-0.6591796875,-0.2685546875,0.10986328125,-0.20751953125,-0.18310546875,1.40380859375,-0.6591796875,1.45263671875,-0.52490234375,-0.15869140625,-0.87890625,-0.15869140625,-0.3173828125,-0.84228515625,-0.09765625,0.89111328125,-0.48828125,0.20751953125,-0.9765625,-0.09765625,0.0732421875,-0.79345703125,-1.26953125,-0.439453125,-0.3662109375,-0.244140625,0.5859375,-0.23193359375,-0.048828125,-0.244140625,0.45166015625,-0.439453125,0.50048828125,0.67138671875,-0.20751953125,5.50537109375,1.171875,4.3212890625,-1.66015625,3.1005859375,4.74853515625,6.50634765625,0.59814453125,0.78125,-1.318359375,0.57373046875,0.78125,0.9521484375,-2.55126953125,-0.01220703125,-2.392578125,3.857421875,2.79541015625,4.40673828125,-0.52490234375,0.2197265625,-0.30517578125,0.30517578125,0.18310546875,0.1953125,0.1220703125,0.927734375,0.048828125,-0.03662109375,-0.50048828125,1.23291015625,-0.537109375,-0.3662109375,-0.146484375,-0.2685546875,1.8798828125,-0.1953125,-3.271484375,0.68359375,0.8544921875,-1.46484375,0.54931640625,0.0244140625,-0.09765625,-0.20751953125,0.1220703125,-0.81787109375,-0.146484375,-0.7080078125,0.01220703125,-0.6103515625,-0.03662109375,-0.7080078125,-0.06103515625,0.0244140625,0.09765625,3.5888671875,-0.23193359375,6.06689453125,-0.1708984375,2.685546875,-0.08544921875,5.28564453125,-0.29296875,0.4150390625,0.0244140625,0.048828125,-0.06103515625,0.06103515625,-0.244140625,0.13427734375,0.0244140625,0.0244140625,0.30517578125,0.79345703125,0.048828125,-0.5615234375,0.1220703125,-0.830078125
1,-0.23193359375,-0.32958984375,0.4638671875,-0.25634765625,-0.23193359375,-0.35400390625,-0.13427734375,0,0.69580078125,0.048828125,0.20751953125,-1.0009765625,-0.59814453125,1.06201171875,-0.6103515625,-0.29296875,0.10986328125,0.146484375,-0.048828125,2.1728515625,-0.9033203125,1.62353515625,-0.42724609375,0.1220703125,-0.78125,-0.1708984375,-0.35400390625,-0.830078125,-0.28076171875,0.89111328125,-0.54931640625,0.20751953125,-1.15966796875,-0.0244140625,0.01220703125,-0.78125,-1.3427734375,-0.35400390625,-0.32958984375,-0.2685546875,0.634765625,-0.29296875,0,-0.2685546875,0.29296875,-0.4150390625,0.23193359375,0.67138671875,-0.0732421875,6.1279296875,0.52490234375,4.5654296875,-1.98974609375,2.734375,4.1259765625,7.4462890625,0.6103515625,0.76904296875,-1.35498046875,0.5859375,1.0009765625,0.93994140625,-2.45361328125,0.048828125,-1.94091796875,4.3701171875,2.52685546875,4.00390625,-0.57373046875,0.2197265625,-0.3173828125,0.3173828125,0.09765625,0.20751953125,0.2197265625,1.03759765625,0.1220703125,-0.03662109375,-0.634765625,1.220703125,-0.64697265625,-0.341796875,-0.10986328125,-0.3173828125,2.13623046875,-0.1708984375,-2.52685546875,0.81787109375,0.8544921875,-1.50146484375,0.6591796875,-0.0244140625,-0.08544921875,-0.244140625,0.09765625,-0.89111328125,-0.13427734375,-0.72021484375,0.01220703125,-0.6103515625,-0.06103515625,-0.7080078125,-0.08544921875,0.0244140625,0.06103515625,3.22265625,-0.28076171875,5.40771484375,-0.1708984375,2.35595703125,-0.08544921875,4.9072265625,-0.28076171875,0.390625,-0.048828125,0.03662109375,-0.0732421875,0.048828125,-0.20751953125,0.15869140625,-0.01220703125,0.048828125,0.18310546875,0.76904296875,0,-0.57373046875,0.048828125,-0.830078125
1,-0.2197265625,-0.3173828125,0.4638671875,-0.25634765625,-0.13427734375,-0.341796875,-0.1220703125,0.01220703125,0.47607421875,0,-0.1953125,-1.01318359375,-0.78125,1.13525390625,-0.50048828125,-0.28076171875,0.09765625,0.62255859375,-0.0244140625,3.11279296875,-1.03759765625,1.81884765625,-0.3662109375,0.45166015625,-0.634765625,-0.1708984375,-0.29296875,-0.830078125,-0.42724609375,0.86669921875,-0.42724609375,0.20751953125,-1.171875,0,-0.0244140625,-0.76904296875,-1.4404296875,-0.244140625,-0.390625,-0.30517578125,0.634765625,-0.30517578125,0.08544921875,-0.30517578125,0.20751953125,-0.42724609375,-0.0244140625,0.68359375,-0.03662109375,6.5673828125,0.78125,4.7119140625,-1.9287109375,2.392578125,3.6865234375,8.21533203125,0.537109375,0.76904296875,-1.318359375,0.59814453125,1.1962890625,0.86669921875,-2.60009765625,0.09765625,-1.55029296875,5.16357421875,2.2216796875,3.6865234375,-0.59814453125,0.23193359375,-0.2685546875,0.30517578125,0.048828125,0.20751953125,0.32958984375,1.0986328125,0.20751953125,-0.03662109375,-0.7568359375,1.23291015625,-0.54931640625,-0.341796875,-0.23193359375,-0.35400390625,2.40478515625,-0.1220703125,-2.11181640625,0.830078125,0.8056640625,-1.5380859375,0.7080078125,-0.0244140625,-0.0732421875,-0.244140625,0.10986328125,-0.9521484375,-0.0732421875,-0.69580078125,0.0244140625,-0.6103515625,-0.03662109375,-0.68359375,-0.01220703125,0.0244140625,0.0732421875,2.9541015625,-0.25634765625,4.82177734375,-0.1708984375,2.099609375,-0.10986328125,4.58984375,-0.244140625,0.3662109375,-0.10986328125,0.048828125,-0.06103515625,0.0244140625,-0.1708984375,0.15869140625,0.01220703125,0.0732421875,0.10986328125,0.78125,0.01220703125,-0.5615234375,0.0244140625,-0.7568359375
1,-0.146484375,-0.341796875,0.5126953125,-0.2685546875,0,-0.32958984375,-0.08544921875,0.0244140625,0.4150390625,-0.03662109375,-0.6103515625,-1.01318359375,-1.0498046875,1.171875,-0.3662109375,-0.3173828125,0.03662109375,1.123046875,0.09765625,4.1015625,-1.37939453125,2.05078125,-0.3662109375,0.81787109375,-0.48828125,-0.1708984375,-0.1708984375,-0.830078125,-0.48828125,0.84228515625,-0.2685546875,0.2197265625,-1.07421875,-0.01220703125,-0.0244140625,-0.7568359375,-1.708984375,-0.13427734375,-0.32958984375,-0.3173828125,0.64697265625,-0.29296875,0.08544921875,-0.390625,0.2197265625,-0.439453125,-0.10986328125,0.69580078125,-0.0244140625,6.79931640625,0.3662109375,4.78515625,-1.7333984375,2.18505859375,3.2958984375,8.75244140625,0.5126953125,0.74462890625,-1.2939453125,0.6103515625,1.33056640625,0.74462890625,-2.5390625,0.146484375,-0.96435546875,6.1767578125,2.47802734375,3.50341796875,-0.50048828125,0.25634765625,-0.20751953125,0.29296875,0,0.1953125,0.37841796875,1.06201171875,0.28076171875,-0.03662109375,-0.732421875,1.23291015625,-0.4150390625,-0.3662109375,-0.4150390625,-0.4150390625,2.45361328125,0.03662109375,-0.87890625,0.72021484375,0.74462890625,-1.57470703125,0.7568359375,-0.06103515625,-0.01220703125,-0.23193359375,0.13427734375,-1.0009765625,-0.048828125,-0.67138671875,0.0244140625,-0.634765625,-0.0732421875,-0.68359375,0.048828125,0.0244140625,0.15869140625,2.77099609375,-0.09765625,4.39453125,-0.146484375,1.9287109375,-0.09765625,4.40673828125,-0.1708984375,0.37841796875,-0.15869140625,0.048828125,-0.06103515625,0.01220703125,-0.10986328125,0.18310546875,0.01220703125,0.1220703125,0.048828125,0.830078125,0.0244140625,-0.537109375,0.048828125,-0.6103515625
1,-0.08544921875,-0.37841796875,0.59814453125,-0.28076171875,0.048828125,-0.3173828125,-0.13427734375,0.0244140625,0.3173828125,-0.09765625,-0.927734375,-1.0009765625,-1.13525390625,1.1474609375,-0.2197265625,-0.3173828125,-0.0244140625,1.59912109375,0.30517578125,5.078125,-1.28173828125,2.30712890625,-0.3173828125,1.123046875,-0.3662109375,-0.1708984375,-0.09765625,-0.830078125,-0.52490234375,0.830078125,-0.0732421875,0.20751953125,-0.98876953125,-0.01220703125,-0.03662109375,-0.78125,-1.50146484375,-0.0244140625,-0.18310546875,-0.3173828125,0.5615234375,-0.25634765625,0.0244140625,-0.50048828125,0.30517578125,-0.4150390625,-0.0244140625,0.68359375,0.0732421875,6.8115234375,-0.20751953125,4.74853515625,-1.55029296875,2.13623046875,2.83203125,9.0576171875,0.4638671875,0.732421875,-1.33056640625,0.5859375,1.4892578125,0.634765625,-2.44140625,0.2197265625,-1.20849609375,7.31201171875,2.0263671875,3.515625,-0.390625,0.25634765625,-0.2197265625,0.2685546875,0.048828125,0.1953125,0.42724609375,0.9765625,0.3173828125,-0.03662109375,-0.6103515625,1.220703125,-0.244140625,-0.390625,-0.6103515625,-0.45166015625,2.9296875,0.244140625,-0.10986328125,0.48828125,0.64697265625,-1.5625,0.84228515625,-0.0732421875,0.06103515625,-0.20751953125,0.244140625,-1.03759765625,-0.0244140625,-0.64697265625,0.03662109375,-0.62255859375,-0.10986328125,-0.67138671875,0.10986328125,0.03662109375,0.2197265625,2.74658203125,-0.13427734375,4.18701171875,-0.146484375,1.8798828125,-0.09765625,4.35791015625,-0.13427734375,0.37841796875,-0.13427734375,0.048828125,-0.06103515625,0.01220703125,-0.09765625,0.18310546875,-0.0244140625,0.146484375,-0.10986328125,0.86669921875,-0.01220703125,-0.50048828125,-0.0244140625,-0.439453125
1,-0.03662109375,-0.37841796875,0.6103515625,-0.2685546875,0,-0.29296875,-0.01220703125,0.048828125,0.25634765625,-0.1220703125,-1.15966796875,-1.01318359375,-1.25732421875,1.11083984375,-0.0732421875,-0.3173828125,-0.06103515625,2.0263671875,0.4150390625,5.89599609375,-1.23291015625,2.5390625,-0.3662109375,1.37939453125,-0.18310546875,-0.1953125,0.0244140625,-0.84228515625,-0.537109375,0.830078125,0.20751953125,0.1953125,-0.72021484375,-0.0244140625,0.03662109375,-0.76904296875,-1.47705078125,0.048828125,-0.32958984375,-0.3173828125,0.50048828125,-0.23193359375,-0.03662109375,-0.5859375,0.35400390625,-0.40283203125,0.03662109375,0.68359375,0.1708984375,6.57958984375,-0.67138671875,4.57763671875,-1.18408203125,2.2705078125,1.89208984375,9.09423828125,0.45166015625,0.72021484375,-1.416015625,0.5859375,1.55029296875,0.54931640625,-2.5146484375,0.244140625,-1.0498046875,8.4228515625,2.33154296875,3.69873046875,-0.40283203125,0.2685546875,-0.10986328125,0.244140625,0.0732421875,0.1953125,0.45166015625,0.830078125,0.37841796875,-0.0244140625,-0.439453125,1.1962890625,-0.03662109375,-0.439453125,-0.79345703125,-0.5126953125,3.0029296875,0.5859375,0.1220703125,0.23193359375,0.537109375,-1.5625,0.89111328125,-0.08544921875,0.13427734375,-0.2197265625,0.3662109375,-1.0498046875,0,-0.64697265625,0.03662109375,-0.634765625,-0.18310546875,-0.64697265625,0.13427734375,0.03662109375,0.244140625,2.86865234375,-0.20751953125,4.19921875,-0.15869140625,1.904296875,-0.08544921875,4.39453125,-0.08544921875,0.3662109375,-0.06103515625,0.03662109375,-0.0732421875,0.0244140625,-0.13427734375,0.20751953125,-0.01220703125,0.146484375,-0.15869140625,0.87890625,0.01220703125,-0.45166015625,0,-0.2685546875
1,0.0244140625,-0.40283203125,0.5126953125,-0.2685546875,-0.06103515625,-0.29296875,0.03662109375,0.03662109375,0.29296875,-0.13427734375,-1.318359375,-1.0009765625,-1.23291015625,1.0009765625,0.048828125,-0.341796875,-0.18310546875,2.34375,0.3662109375,6.5185546875,-1.220703125,2.734375,-0.5615234375,1.5625,-0.048828125,-0.20751953125,0.10986328125,-0.8544921875,-0.48828125,0.81787109375,0.4638671875,0.18310546875,-0.54931640625,-0.06103515625,0.146484375,-0.78125,-0.927734375,0.09765625,-0.4150390625,-0.2685546875,0.439453125,-0.18310546875,-0.13427734375,-0.6591796875,0.3173828125,-0.42724609375,0.0732421875,0.67138671875,0.537109375,6.14013671875,-1.25732421875,4.28466796875,-1.3671875,2.5634765625,0.96435546875,8.8623046875,0.390625,0.68359375,-1.5380859375,0.57373046875,1.611328125,0.5126953125,-2.42919921875,0.25634765625,-1.55029296875,9.375,2.55126953125,4.08935546875,-0.52490234375,0.244140625,0,0.20751953125,0.146484375,0.1953125,0.4150390625,0.732421875,0.390625,-0.03662109375,-0.32958984375,1.20849609375,0.10986328125,-0.439453125,-0.89111328125,-0.537109375,2.91748046875,0.89111328125,0.47607421875,0.0244140625,0.42724609375,-1.5380859375,0.91552734375,-0.048828125,0.18310546875,-0.1953125,0.48828125,-1.01318359375,0.0244140625,-0.634765625,0.06103515625,-0.634765625,-0.20751953125,-0.634765625,0.1220703125,0.03662109375,0.23193359375,3.0029296875,-0.23193359375,4.39453125,-0.13427734375,1.9775390625,-0.08544921875,4.52880859375,-0.048828125,0.3662109375,0.03662109375,0.048828125,-0.0732421875,0.03662109375,-0.08544921875,0.244140625,-0.01220703125,0.15869140625,-0.18310546875,0.9033203125,0,-0.42724609375,0,-0.18310546875
0,0.08544921875,-0.40283203125,0.4150390625,-0.2685546875,-0.13427734375,-0.30517578125,0.2197265625,0.03662109375,0.3173828125,-0.1708984375,-1.318359375,-0.98876953125,-1.15966796875,0.9033203125,0.09765625,-0.35400390625,-0.2197265625,2.5146484375,0.390625,6.89697265625,-1.0986328125,2.880859375,-0.69580078125,1.6357421875,0,-0.2197265625,0.1708984375,-0.84228515625,-0.37841796875,0.84228515625,0.72021484375,0.1708984375,-0.37841796875,-0.0732421875,0.25634765625,-0.76904296875,-0.69580078125,0.10986328125,-0.64697265625,-0.20751953125,0.341796875,-0.13427734375,-0.1708984375,-0.72021484375,0.3173828125,-0.439453125,0.08544921875,0.68359375,0.5126953125,5.615234375,-1.08642578125,3.9306640625,-1.4404296875,2.91748046875,0.84228515625,8.3984375,0.32958984375,0.67138671875,-1.6845703125,0.54931640625,1.45263671875,0.50048828125,-2.45361328125,0.23193359375,-1.50146484375,9.9853515625,2.685546875,4.57763671875,-0.6591796875,0.2197265625,0,0.2197265625,0.20751953125,0.1953125,0.341796875,0.64697265625,0.3173828125,-0.0244140625,-0.29296875,1.1962890625,0.2197265625,-0.47607421875,-1.025390625,-0.537109375,2.77099609375,1.15966796875,-0.01220703125,-0.0244140625,0.390625,-1.52587890625,0.86669921875,-0.03662109375,0.244140625,-0.18310546875,0.5126953125,-0.98876953125,0.09765625,-0.67138671875,0.1220703125,-0.64697265625,-0.25634765625,-0.64697265625,0.10986328125,0.048828125,0.15869140625,3.1494140625,-0.2197265625,4.67529296875,-0.13427734375,2.11181640625,-0.09765625,4.6875,-0.01220703125,0.390625,0.146484375,0.06103515625,-0.0732421875,0.06103515625,-0.1708984375,0.25634765625,-0.03662109375,0.13427734375,-0.2197265625,0.927734375,0,-0.439453125,-0.01220703125,-0.146484375
0,0.048828125,-0.37841796875,0.390625,-0.2685546875,-0.146484375,-0.32958984375,0.32958984375,0.0244140625,0.3662109375,-0.146484375,-1.11083984375,-0.98876953125,-1.07421875,0.830078125,0.15869140625,-0.3662109375,-0.3173828125,2.52685546875,0.42724609375,6.99462890625,-1.220703125,2.94189453125,-0.74462890625,1.62353515625,0.0244140625,-0.20751953125,0.23193359375,-0.84228515625,-0.244140625,0.8544921875,0.96435546875,0.1953125,-0.37841796875,-0.048828125,0.2685546875,-0.78125,-1.0498046875,0.08544921875,-0.86669921875,-0.13427734375,0.20751953125,-0.146484375,-0.20751953125,-0.74462890625,0.32958984375,-0.42724609375,0.13427734375,0.67138671875,0.35400390625,4.98046875,-1.3916015625,3.57666015625,-1.318359375,3.2470703125,-0.01220703125,7.80029296875,0.30517578125,0.68359375,-1.77001953125,0.537109375,1.4892578125,0.57373046875,-2.42919921875,0.20751953125,-2.001953125,10.24169921875,2.35595703125,5.126953125,-0.6591796875,0.2197265625,-0.01220703125,0.1953125,0.20751953125,0.1708984375,0.2197265625,0.6103515625,0.18310546875,-0.0244140625,-0.25634765625,1.1962890625,0.29296875,-0.50048828125,-1.13525390625,-0.52490234375,2.63671875,1.33056640625,-0.23193359375,0.1708984375,0.45166015625,-1.4892578125,0.7080078125,0.01220703125,0.29296875,-0.1708984375,0.5126953125,-0.9521484375,0.1708984375,-0.68359375,0.1708984375,-0.6591796875,-0.28076171875,-0.68359375,0.0732421875,0.0244140625,0.1220703125,3.2470703125,-0.15869140625,4.9072265625,-0.15869140625,2.20947265625,-0.08544921875,4.79736328125,-0.01220703125,0.390625,0.2197265625,0.06103515625,-0.048828125,0.048828125,-0.2197265625,0.28076171875,-0.048828125,0.10986328125,-0.23193359375,0.91552734375,0.0244140625,-0.45166015625,-0.0244140625,-0.1708984375
0,0.03662109375,-0.37841796875,0.37841796875,-0.2685546875,-0.244140625,-0.32958984375,0.1953125,0.01220703125,0.28076171875,-0.1220703125,-0.74462890625,-0.98876953125,-0.9033203125,0.78125,0.1220703125,-0.3662109375,-0.35400390625,2.40478515625,0.52490234375,6.8603515625,-1.3427734375,2.9541015625,-0.59814453125,1.5380859375,-0.08544921875,-0.1953125,0.23193359375,-0.830078125,-0.15869140625,0.86669921875,1.03759765625,0.18310546875,-0.47607421875,-0.01220703125,0.244140625,-0.79345703125,-0.9765625,0.06103515625,-1.03759765625,-0.0244140625,0.0732421875,-0.09765625,-0.28076171875,-0.72021484375,0.30517578125,-0.42724609375,0.2197265625,0.68359375,0.13427734375,4.35791015625,-0.9521484375,3.271484375,-1.1962890625,3.43017578125,-0.3173828125,7.1044921875,0.341796875,0.69580078125,-1.86767578125,0.54931640625,1.11083984375,0.69580078125,-2.45361328125,0.1708984375,-1.59912109375,10.04638671875,2.18505859375,5.65185546875,-0.634765625,0.2197265625,-0.01220703125,0.2197265625,0.18310546875,0.146484375,0.1708984375,0.64697265625,0.146484375,-0.03662109375,-0.25634765625,1.1962890625,0.2685546875,-0.4638671875,-1.171875,-0.47607421875,2.734375,1.318359375,-0.1953125,0.7080078125,0.4150390625,-1.46484375,0.6103515625,0.01220703125,0.32958984375,-0.15869140625,0.54931640625,-0.91552734375,0.18310546875,-0.69580078125,0.146484375,-0.64697265625,-0.25634765625,-0.68359375,0.048828125,0.0244140625,0.06103515625,3.23486328125,-0.03662109375,4.99267578125,-0.20751953125,2.25830078125,-0.08544921875,4.79736328125,0,0.37841796875,0.2685546875,0.048828125,-0.0732421875,0.048828125,-0.23193359375,0.28076171875,-0.06103515625,0.0732421875,-0.20751953125,0.927734375,0.06103515625,-0.45166015625,-0.01220703125,-0.23193359375
0,-0.01220703125,-0.35400390625,0.390625,-0.2685546875,-0.25634765625,-0.3662109375,-0.01220703125,0.01220703125,0.28076171875,-0.10986328125,-0.32958984375,-1.025390625,-0.69580078125,0.7568359375,0.1220703125,-0.341796875,-0.37841796875,2.2216796875,0.50048828125,6.55517578125,-1.611328125,2.91748046875,-0.28076171875,1.416015625,-0.2197265625,-0.1953125,0.23193359375,-0.830078125,-0.06103515625,0.86669921875,1.08642578125,0.1953125,-0.5859375,0.0244140625,0.2685546875,-0.78125,-0.9765625,0.01220703125,-0.93994140625,0.1220703125,0,-0.10986328125,-0.341796875,-0.7080078125,0.3173828125,-0.439453125,0.3173828125,0.67138671875,0.1220703125,3.74755859375,-1.20849609375,3.11279296875,-1.08642578125,3.41796875,-0.42724609375,6.3720703125,0.390625,0.69580078125,-1.904296875,0.537109375,0.89111328125,0.8544921875,-2.5146484375,0.10986328125,-1.513671875,9.521484375,1.85546875,6.06689453125,-0.68359375,0.18310546875,-0.0732421875,0.244140625,0.15869140625,0.1708984375,0.1220703125,0.74462890625,0.18310546875,-0.03662109375,-0.28076171875,1.18408203125,0.1953125,-0.439453125,-1.18408203125,-0.4638671875,2.6611328125,1.13525390625,-0.439453125,1.6357421875,0.35400390625,-1.45263671875,0.50048828125,0.03662109375,0.37841796875,-0.15869140625,0.59814453125,-0.89111328125,0.15869140625,-0.7080078125,0.10986328125,-0.6591796875,-0.2685546875,-0.68359375,0.03662109375,0.0244140625,0.0244140625,3.02734375,-0.03662109375,4.833984375,-0.25634765625,2.16064453125,-0.1220703125,4.65087890625,-0.0244140625,0.40283203125,0.25634765625,0.048828125,-0.06103515625,0.048828125,-0.23193359375,0.3173828125,-0.0244140625,0.09765625,-0.18310546875,0.91552734375,0.048828125,-0.4638671875,0.0732421875,-0.32958984375
0,-0.13427734375,-0.35400390625,0.37841796875,-0.25634765625,-0.244140625,-0.341796875,-0.146484375,0.0244140625,0.40283203125,-0.0732421875,0.1220703125,-1.025390625,-0.45166015625,0.78125,0.146484375,-0.30517578125,-0.341796875,1.96533203125,0.48828125,6.16455078125,-2.01416015625,2.8564453125,0.01220703125,1.28173828125,-0.40283203125,-0.15869140625,0.244140625,-0.84228515625,0.01220703125,0.87890625,1.0498046875,0.20751953125,-0.830078125,0.03662109375,0.23193359375,-0.79345703125,-1.11083984375,-0.01220703125,-0.68359375,0.28076171875,-0.01220703125,-0.146484375,-0.40283203125,-0.634765625,0.439453125,-0.4638671875,0.390625,0.67138671875,-0.0244140625,3.1982421875,-1.69677734375,3.06396484375,-0.927734375,3.13720703125,-0.68359375,5.6884765625,0.390625,0.72021484375,-1.9287109375,0.52490234375,0.79345703125,1.01318359375,-2.490234375,0.0732421875,-1.3671875,8.7158203125,1.52587890625,6.31103515625,-0.7568359375,0.1953125,-0.1220703125,0.28076171875,0.18310546875,0.146484375,0.08544921875,0.87890625,0.09765625,-0.03662109375,-0.341796875,1.20849609375,0.10986328125,-0.439453125,-1.15966796875,-0.4150390625,2.5634765625,0.81787109375,-0.5615234375,2.83203125,0.3173828125,-1.4404296875,0.439453125,0.048828125,0.37841796875,-0.13427734375,0.64697265625,-0.89111328125,0.08544921875,-0.7080078125,0.048828125,-0.64697265625,-0.28076171875,-0.68359375,0.0244140625,0.0244140625,0.0732421875,2.6611328125,0.048828125,4.35791015625,-0.28076171875,1.904296875,-0.09765625,4.30908203125,-0.0244140625,0.390625,0.23193359375,0.0244140625,-0.06103515625,0.03662109375,-0.23193359375,0.30517578125,0,0.09765625,-0.10986328125,0.9033203125,0.08544921875,-0.4638671875,0.25634765625,-0.40283203125
0,-0.1953125,-0.341796875,0.390625,-0.25634765625,-0.2197265625,-0.35400390625,-0.1708984375,0.01220703125,0.3173828125,-0.06103515625,0.52490234375,-1.01318359375,-0.25634765625,0.86669921875,0.2197265625,-0.28076171875,-0.3173828125,1.74560546875,0.5126953125,5.72509765625,-2.24609375,2.77099609375,0.1953125,1.1474609375,-0.6103515625,-0.146484375,0.2197265625,-0.86669921875,0.08544921875,0.8544921875,0.8544921875,0.2197265625,-0.9765625,0.048828125,0.13427734375,-0.79345703125,-1.26953125,-0.08544921875,-0.2197265625,0.42724609375,-0.03662109375,-0.18310546875,-0.40283203125,-0.59814453125,0.5126953125,-0.47607421875,0.29296875,0.67138671875,-0.48828125,2.734375,-1.62353515625,3.16162109375,-0.89111328125,2.63671875,-0.4638671875,5.09033203125,0.341796875,0.7080078125,-1.94091796875,0.537109375,0.7080078125,1.18408203125,-2.4169921875,0.06103515625,-1.11083984375,7.7880859375,1.23291015625,6.28662109375,-0.7568359375,0.1953125,-0.146484375,0.28076171875,0.2685546875,0.146484375,-0.0244140625,1.01318359375,0.01220703125,-0.048828125,-0.37841796875,1.20849609375,-0.048828125,-0.439453125,-1.11083984375,-0.3662109375,2.30712890625,0.390625,-0.634765625,4.21142578125,0.28076171875,-1.4404296875,0.439453125,0.048828125,0.37841796875,-0.146484375,0.6103515625,-0.9033203125,0.03662109375,-0.7080078125,0.03662109375,-0.634765625,-0.30517578125,-0.69580078125,0.01220703125,0.0244140625,0.048828125,2.13623046875,-0.01220703125,3.52783203125,-0.2685546875,1.5380859375,-0.10986328125,3.82080078125,-0.0244140625,0.37841796875,0.15869140625,0.03662109375,-0.0732421875,0.0244140625,-0.23193359375,0.29296875,0.0244140625,0.13427734375,-0.09765625,0.927734375,0.09765625,-0.439453125,0.30517578125,-0.45166015625
0,-0.20751953125,-0.32958984375,0.390625,-0.244140625,-0.30517578125,-0.341796875,-0.45166015625,0.01220703125,0.13427734375,-0.0732421875,0.78125,-1.0009765625,-0.18310546875,0.927734375,0.390625,-0.2685546875,-0.29296875,1.55029296875,0.439453125,5.3466796875,-2.490234375,2.685546875,0.29296875,1.0498046875,-0.76904296875,-0.1220703125,0.1708984375,-0.84228515625,0.146484375,0.84228515625,0.5615234375,0.2197265625,-1.0498046875,0.06103515625,-0.03662109375,-0.8056640625,-1.47705078125,-0.13427734375,-0.1953125,0.59814453125,-0.0244140625,-0.2197265625,-0.32958984375,-0.54931640625,0.57373046875,-0.48828125,0.09765625,0.67138671875,-0.69580078125,2.294921875,-1.98974609375,3.369140625,-0.78125,1.953125,-0.13427734375,4.6142578125,0.25634765625,0.72021484375,-1.904296875,0.5615234375,0.67138671875,1.2939453125,-2.24609375,0.0732421875,-1.11083984375,6.8603515625,1.025390625,6.06689453125,-0.74462890625,0.2197265625,-0.13427734375,0.29296875,0.2685546875,0.146484375,-0.1220703125,1.08642578125,-0.06103515625,-0.03662109375,-0.45166015625,1.20849609375,-0.18310546875,-0.439453125,-1.123046875,-0.37841796875,2.392578125,-0.0732421875,-0.42724609375,5.615234375,0.1953125,-1.4404296875,0.37841796875,0.048828125,0.3173828125,-0.15869140625,0.5126953125,-0.927734375,-0.048828125,-0.69580078125,0.0732421875,-0.634765625,-0.35400390625,-0.68359375,0.01220703125,0.01220703125,0.048828125,1.50146484375,0.01220703125,2.4658203125,-0.18310546875,1.03759765625,-0.08544921875,3.1982421875,-0.06103515625,0.37841796875,0.06103515625,0.03662109375,-0.0732421875,0,-0.341796875,0.2685546875,0.06103515625,0.1953125,-0.146484375,0.9521484375,0.09765625,-0.40283203125,0.244140625,-0.439453125
0,-0.146484375,-0.341796875,0.30517578125,-0.25634765625,-0.32958984375,-0.341796875,-0.6103515625,0.06103515625,-0.048828125,-0.09765625,0.927734375,-1.01318359375,-0.1708984375,1.025390625,0.48828125,-0.2685546875,-0.29296875,1.42822265625,0.390625,5.04150390625,-2.52685546875,2.6123046875,0.2685546875,1.0009765625,-0.927734375,-0.06103515625,0.146484375,-0.8544921875,0.2197265625,0.84228515625,0.18310546875,0.2197265625,-1.11083984375,0.0244140625,-0.10986328125,-0.81787109375,-1.72119140625,-0.18310546875,-0.35400390625,0.7568359375,0.0244140625,-0.25634765625,-0.2685546875,-0.537109375,0.54931640625,-0.48828125,-0.1953125,0.6591796875,-0.84228515625,1.9287109375,-1.57470703125,3.67431640625,-1.40380859375,1.20849609375,0.4150390625,4.296875,0.146484375,0.72021484375,-1.8310546875,0.54931640625,0.48828125,1.37939453125,-2.11181640625,0.10986328125,-1.4404296875,6.09130859375,0.76904296875,5.6884765625,-0.74462890625,0.244140625,-0.10986328125,0.30517578125,0.3173828125,0.18310546875,-0.20751953125,1.123046875,-0.048828125,-0.048828125,-0.47607421875,1.220703125,-0.244140625,-0.48828125,-1.08642578125,-0.37841796875,2.6123046875,-0.50048828125,-0.01220703125,6.84814453125,0.1953125,-1.47705078125,0.4638671875,0.0244140625,0.244140625,-0.146484375,0.439453125,-0.96435546875,-0.10986328125,-0.67138671875,0.10986328125,-0.634765625,-0.35400390625,-0.68359375,0.0244140625,0.048828125,0.09765625,0.8544921875,0.10986328125,1.26953125,-0.1220703125,0.48828125,-0.0732421875,2.52685546875,-0.08544921875,0.35400390625,-0.03662109375,0.0244140625,-0.08544921875,0,-0.3173828125,0.23193359375,0.13427734375,0.23193359375,-0.09765625,0.96435546875,0.09765625,-0.390625,0.32958984375,-0.40283203125
0,-0.0244140625,-0.35400390625,0.244140625,-0.244140625,-0.2685546875,-0.30517578125,-0.50048828125,0.08544921875,-0.0732421875,-0.13427734375,0.8544921875,-1.0009765625,-0.2197265625,1.08642578125,0.42724609375,-0.25634765625,-0.29296875,1.3671875,0.390625,4.84619140625,-2.38037109375,2.5390625,0.32958984375,0.98876953125,-1.03759765625,-0.0244140625,0.1220703125,-0.84228515625,0.20751953125,0.830078125,-0.146484375,0.20751953125,-1.220703125,-0.0244140625,-0.20751953125,-0.81787109375,-1.89208984375,-0.2197265625,-0.390625,0.93994140625,0.06103515625,-0.25634765625,-0.23193359375,-0.52490234375,0.54931640625,-0.48828125,-0.390625,0.634765625,-1.23291015625,1.611328125,-1.69677734375,4.052734375,-1.806640625,0.48828125,1.2451171875,4.0771484375,0.0732421875,0.7080078125,-1.708984375,0.5615234375,0.35400390625,1.416015625,-1.9775390625,0.146484375,-0.8544921875,5.55419921875,0.50048828125,5.2001953125,-0.69580078125,0.244140625,-0.1220703125,0.3173828125,0.439453125,0.18310546875,-0.244140625,1.06201171875,-0.01220703125,-0.06103515625,-0.42724609375,1.220703125,-0.20751953125,-0.54931640625,-0.9521484375,-0.37841796875,2.6123046875,-0.8056640625,-0.3173828125,7.71484375,0.244140625,-1.46484375,0.390625,0.01220703125,0.0732421875,-0.1708984375,0.3662109375,-1.0009765625,-0.1953125,-0.67138671875,0.13427734375,-0.62255859375,-0.3173828125,-0.64697265625,0,0.03662109375,0.0732421875,0.2685546875,0.25634765625,0.10986328125,-0.08544921875,-0.048828125,-0.09765625,1.904296875,-0.1220703125,0.35400390625,-0.10986328125,0.048828125,-0.06103515625,0,-0.35400390625,0.18310546875,0.15869140625,0.28076171875,-0.1220703125,0.98876953125,0.048828125,-0.390625,0.20751953125,-0.32958984375
0,0.06103515625,-0.3662109375,0.2685546875,-0.23193359375,-0.2685546875,-0.28076171875,-0.45166015625,0.09765625,0.06103515625,-0.18310546875,0.67138671875,-1.0009765625,-0.35400390625,1.1474609375,0.1953125,-0.28076171875,-0.32958984375,1.37939453125,0.25634765625,4.7119140625,-2.2216796875,2.47802734375,0.35400390625,0.98876953125,-1.06201171875,0.0244140625,0.06103515625,-0.86669921875,0.146484375,0.830078125,-0.4150390625,0.20751953125,-1.46484375,-0.08544921875,-0.2197265625,-0.81787109375,-1.8798828125,-0.2685546875,-0.830078125,1.11083984375,0.0732421875,-0.2685546875,-0.18310546875,-0.52490234375,0.6103515625,-0.47607421875,-0.50048828125,0.6591796875,-1.03759765625,1.30615234375,-1.7822265625,4.47998046875,-2.64892578125,-0.03662109375,1.40380859375,3.9306640625,0.01220703125,0.69580078125,-1.55029296875,0.57373046875,0.30517578125,1.3671875,-1.84326171875,0.15869140625,-1.45263671875,5.2490234375,0.84228515625,4.6875,-0.54931640625,0.25634765625,0.01220703125,0.30517578125,0.439453125,0.18310546875,-0.3173828125,0.96435546875,0.0244140625,-0.048828125,-0.40283203125,1.20849609375,-0.06103515625,-0.634765625,-0.91552734375,-0.4150390625,2.587890625,-0.98876953125,0.01220703125,8.04443359375,0.20751953125,-1.45263671875,0.45166015625,-0.01220703125,0,-0.18310546875,0.35400390625,-1.0498046875,-0.2685546875,-0.64697265625,0.13427734375,-0.62255859375,-0.25634765625,-0.634765625,-0.06103515625,0.03662109375,0.13427734375,-0.15869140625,0.37841796875,-0.79345703125,-0.06103515625,-0.4150390625,-0.08544921875,1.42822265625,-0.1708984375,0.3662109375,-0.18310546875,0.06103515625,-0.0732421875,0,-0.32958984375,0.15869140625,0.1708984375,0.2685546875,-0.1708984375,0.98876953125,0.0244140625,-0.37841796875,0.29296875,-0.244140625
1,0.13427734375,-0.3662109375,0.3173828125,-0.244140625,-0.35400390625,-0.28076171875,-0.28076171875,0.09765625,0.0732421875,-0.2197265625,0.35400390625,-0.98876953125,-0.54931640625,1.1474609375,-0.09765625,-0.30517578125,-0.4150390625,1.40380859375,0.1708984375,4.67529296875,-1.84326171875,2.392578125,0.1708984375,0.96435546875,-1.0498046875,0.06103515625,-0.08544921875,-0.84228515625,-0.01220703125,0.830078125,-0.57373046875,0.20751953125,-1.5625,-0.15869140625,-0.15869140625,-0.830078125,-1.7578125,-0.28076171875,-0.76904296875,1.28173828125,0.13427734375,-0.2685546875,-0.1708984375,-0.5615234375,0.634765625,-0.45166015625,-0.54931640625,0.62255859375,-1.30615234375,1.08642578125,-1.6357421875,5.01708984375,-2.9052734375,-0.35400390625,2.03857421875,3.84521484375,0.0244140625,0.68359375,-1.40380859375,0.54931640625,0.1708984375,1.30615234375,-1.72119140625,0.1953125,-1.35498046875,5.21240234375,0.79345703125,4.30908203125,-0.40283203125,0.25634765625,0.1708984375,0.2685546875,0.4150390625,0.1953125,-0.3173828125,0.79345703125,0.0244140625,-0.048828125,-0.3662109375,1.23291015625,0.146484375,-0.74462890625,-0.87890625,-0.42724609375,2.34375,-0.9765625,-0.3662109375,7.7880859375,0.0244140625,-1.46484375,0.439453125,-0.01220703125,-0.06103515625,-0.1708984375,0.35400390625,-1.07421875,-0.35400390625,-0.64697265625,0.10986328125,-0.634765625,-0.1708984375,-0.62255859375,-0.09765625,0.048828125,0.146484375,-0.35400390625,0.40283203125,-1.26953125,-0.09765625,-0.634765625,-0.0732421875,1.1962890625,-0.244140625,0.37841796875,-0.25634765625,0.03662109375,-0.0732421875,0.0244140625,-0.3173828125,0.13427734375,0.18310546875,0.244140625,-0.15869140625,0.98876953125,-0.01220703125,-0.40283203125,0.1953125,-0.13427734375
1,0.15869140625,-0.37841796875,0.32958984375,-0.23193359375,-0.3662109375,-0.25634765625,-0.1708984375,0.10986328125,0.03662109375,-0.244140625,-0.06103515625,-0.98876953125,-0.732421875,1.123046875,-0.2685546875,-0.3173828125,-0.50048828125,1.4404296875,0.0732421875,4.638671875,-1.4404296875,2.30712890625,-0.048828125,0.9033203125,-0.84228515625,0.08544921875,-0.15869140625,-0.84228515625,-0.13427734375,0.830078125,-0.59814453125,0.20751953125,-1.5380859375,-0.1953125,-0.0732421875,-0.830078125,-1.611328125,-0.29296875,-0.927734375,1.3916015625,0.25634765625,-0.23193359375,-0.13427734375,-0.5859375,0.59814453125,-0.4150390625,-0.57373046875,0.634765625,-1.26953125,0.93994140625,-2.1240234375,5.6396484375,-3.22265625,-0.47607421875,1.91650390625,3.72314453125,0.06103515625,0.7080078125,-1.33056640625,0.54931640625,0.09765625,1.220703125,-1.67236328125,0.1953125,-2.0751953125,5.38330078125,1.13525390625,4.06494140625,-0.30517578125,0.28076171875,0.25634765625,0.25634765625,0.390625,0.20751953125,-0.3662109375,0.67138671875,0.06103515625,-0.03662109375,-0.4150390625,1.220703125,0.18310546875,-0.84228515625,-0.84228515625,-0.4150390625,1.85546875,-0.84228515625,-0.48828125,6.9580078125,-0.09765625,-1.42822265625,0.37841796875,0,-0.13427734375,-0.15869140625,0.341796875,-1.08642578125,-0.390625,-0.62255859375,0.08544921875,-0.64697265625,-0.09765625,-0.62255859375,-0.146484375,0.06103515625,0.10986328125,-0.25634765625,0.2685546875,-1.23291015625,-0.1953125,-0.5859375,-0.09765625,1.25732421875,-0.29296875,0.390625,-0.25634765625,0.048828125,-0.06103515625,0.0244140625,-0.3173828125,0.10986328125,0.1708984375,0.1708984375,-0.2197265625,0.96435546875,-0.09765625,-0.439453125,0.20751953125,0.048828125
1,0.18310546875,-0.390625,0.3662109375,-0.244140625,-0.4638671875,-0.2685546875,0.01220703125,0.10986328125,0.048828125,-0.28076171875,-0.5126953125,-0.98876953125,-0.927734375,1.07421875,-0.35400390625,-0.32958984375,-0.57373046875,1.45263671875,-0.0244140625,4.541015625,-1.28173828125,2.18505859375,-0.23193359375,0.84228515625,-0.64697265625,0.09765625,-0.18310546875,-0.830078125,-0.2197265625,0.8544921875,-0.48828125,0.20751953125,-1.40380859375,-0.2197265625,0.03662109375,-0.8056640625,-1.25732421875,-0.28076171875,-1.025390625,1.4892578125,0.390625,-0.20751953125,-0.146484375,-0.59814453125,0.5126953125,-0.42724609375,-0.64697265625,0.634765625,-1.28173828125,0.84228515625,-2.13623046875,6.4697265625,-4.00390625,-0.32958984375,1.94091796875,3.5400390625,0.10986328125,0.69580078125,-1.23291015625,0.5615234375,0.15869140625,1.13525390625,-1.6357421875,0.244140625,-1.708984375,5.6640625,1.3916015625,4.00390625,-0.2685546875,0.25634765625,0.2197265625,0.20751953125,0.40283203125,0.18310546875,-0.3662109375,0.5859375,0.13427734375,-0.03662109375,-0.45166015625,1.220703125,0.146484375,-0.9521484375,-0.7080078125,-0.45166015625,1.3916015625,-0.6591796875,-0.81787109375,5.60302734375,-0.244140625,-1.4404296875,0.4638671875,-0.01220703125,-0.09765625,-0.1708984375,0.3662109375,-1.07421875,-0.3662109375,-0.59814453125,0.09765625,-0.64697265625,-0.08544921875,-0.634765625,-0.1953125,0.03662109375,0.06103515625,0.146484375,0.244140625,-0.634765625,-0.23193359375,-0.2685546875,-0.10986328125,1.66015625,-0.29296875,0.4150390625,-0.244140625,0.03662109375,-0.0732421875,0.0244140625,-0.30517578125,0.09765625,0.13427734375,0.1220703125,-0.1708984375,0.9765625,-0.146484375,-0.4638671875,0.25634765625,0.25634765625
1,0.1708984375,-0.390625,0.35400390625,-0.244140625,-0.52490234375,-0.2685546875,0.25634765625,0.0732421875,0.01220703125,-0.28076171875,-0.96435546875,-0.96435546875,-1.11083984375,1.0009765625,-0.4150390625,-0.32958984375,-0.64697265625,1.3671875,-0.08544921875,4.35791015625,-1.18408203125,2.05078125,-0.4638671875,0.732421875,-0.439453125,0.1220703125,-0.10986328125,-0.830078125,-0.244140625,0.86669921875,-0.32958984375,0.20751953125,-1.28173828125,-0.20751953125,0.10986328125,-0.79345703125,-1.0498046875,-0.1953125,-0.87890625,1.55029296875,0.42724609375,-0.1708984375,-0.1708984375,-0.6103515625,0.42724609375,-0.4150390625,-0.62255859375,0.62255859375,-1.3427734375,0.8544921875,-2.18505859375,7.55615234375,-4.4677734375,-0.06103515625,2.28271484375,3.2958984375,0.2197265625,0.69580078125,-1.26953125,0.5615234375,0.3173828125,1.07421875,-1.513671875,0.2685546875,-2.099609375,5.94482421875,1.806640625,4.16259765625,-0.2197265625,0.23193359375,0.30517578125,0.20751953125,0.390625,0.15869140625,-0.4150390625,0.5859375,0.146484375,-0.0244140625,-0.48828125,1.1962890625,0.10986328125,-1.01318359375,-0.54931640625,-0.42724609375,1.0498046875,-0.45166015625,-1.67236328125,3.9794921875,-0.45166015625,-1.3916015625,0.52490234375,0,-0.01220703125,-0.1953125,0.29296875,-1.06201171875,-0.30517578125,-0.634765625,0.10986328125,-0.64697265625,-0.08544921875,-0.67138671875,-0.18310546875,0.0244140625,0.1220703125,0.8056640625,0.2197265625,0.48828125,-0.23193359375,0.29296875,-0.0732421875,2.34375,-0.2685546875,0.40283203125,-0.20751953125,0.048828125,-0.0732421875,0.048828125,-0.3173828125,0.08544921875,0.048828125,0.15869140625,-0.18310546875,0.9765625,-0.13427734375,-0.42724609375,0.28076171875,0.6103515625
1,0.146484375,-0.37841796875,0.341796875,-0.2685546875,-0.52490234375,-0.2685546875,0.42724609375,0.048828125,0.06103515625,-0.29296875,-1.37939453125,-0.96435546875,-1.2451171875,0.93994140625,-0.4638671875,-0.32958984375,-0.69580078125,1.23291015625,-0.09765625,4.06494140625,-1.3671875,1.904296875,-0.5126953125,0.59814453125,-0.2197265625,0.13427734375,0.01220703125,-0.8544921875,-0.23193359375,0.87890625,-0.13427734375,0.20751953125,-1.220703125,-0.18310546875,0.15869140625,-0.78125,-0.93994140625,-0.08544921875,-0.76904296875,1.55029296875,0.3662109375,-0.1708984375,-0.15869140625,-0.62255859375,0.4638671875,-0.42724609375,-0.48828125,0.64697265625,-1.0986328125,0.927734375,-2.35595703125,8.92333984375,-4.8583984375,0.3173828125,2.0751953125,2.94189453125,0.35400390625,0.74462890625,-1.25732421875,0.54931640625,0.37841796875,1.01318359375,-1.62353515625,0.244140625,-1.72119140625,6.14013671875,2.45361328125,4.45556640625,-0.18310546875,0.20751953125,0.341796875,0.1953125,0.3173828125,0.18310546875,-0.42724609375,0.64697265625,0.09765625,-0.01220703125,-0.4638671875,1.171875,0.048828125,-1.01318359375,-0.47607421875,-0.4150390625,1.62353515625,-0.30517578125,-1.2939453125,2.294921875,-0.47607421875,-1.3916015625,0.54931640625,0.01220703125,0.1220703125,-0.20751953125,0.20751953125,-1.0498046875,-0.18310546875,-0.64697265625,0.09765625,-0.6591796875,-0.0732421875,-0.69580078125,-0.146484375,0.03662109375,0.08544921875,1.67236328125,0.09765625,2.03857421875,-0.2197265625,1.01318359375,-0.08544921875,3.25927734375,-0.244140625,0.4150390625,-0.1708984375,0.03662109375,-0.0732421875,0.06103515625,-0.2685546875,0.0732421875,-0.01220703125,0.23193359375,-0.2197265625,1.07421875,-0.15869140625,-0.35400390625,0.23193359375,1.123046875
1,0.06103515625,-0.3662109375,0.35400390625,-0.28076171875,-0.390625,-0.25634765625,0.439453125,0.048828125,0.0732421875,-0.28076171875,-1.74560546875,-0.9765625,-1.3427734375,0.89111328125,-0.52490234375,-0.3173828125,-0.732421875,1.01318359375,-0.146484375,3.60107421875,-1.69677734375,1.7333984375,-0.439453125,0.42724609375,-0.10986328125,0.1220703125,0.08544921875,-0.8544921875,-0.2197265625,0.9033203125,0.01220703125,0.20751953125,-1.13525390625,-0.15869140625,0.25634765625,-0.7568359375,-0.86669921875,0.03662109375,-0.54931640625,1.50146484375,0.3662109375,-0.1708984375,-0.1220703125,-0.62255859375,0.45166015625,-0.42724609375,-0.23193359375,0.64697265625,-1.01318359375,1.03759765625,-2.25830078125,10.55908203125,-5.16357421875,0.6591796875,2.3193359375,2.5390625,0.48828125,0.74462890625,-1.20849609375,0.537109375,0.4638671875,1.0009765625,-1.67236328125,0.25634765625,-2.11181640625,6.18896484375,2.2216796875,4.8095703125,-0.15869140625,0.2197265625,0.341796875,0.18310546875,0.1953125,0.15869140625,-0.439453125,0.76904296875,0.13427734375,-0.01220703125,-0.37841796875,1.18408203125,0.03662109375,-1.01318359375,-0.48828125,-0.4150390625,2.16064453125,-0.244140625,-0.927734375,0.8056640625,-0.54931640625,-1.37939453125,0.62255859375,0.03662109375,0.18310546875,-0.20751953125,0.23193359375,-1.03759765625,-0.0732421875,-0.67138671875,0.0732421875,-0.64697265625,-0.0732421875,-0.7080078125,-0.08544921875,0.0244140625,0.0732421875,2.64892578125,0.18310546875,3.82080078125,-0.18310546875,1.86767578125,-0.10986328125,4.33349609375,-0.1953125,0.40283203125,-0.146484375,0.0244140625,-0.06103515625,0.06103515625,-0.2197265625,0.0732421875,-0.06103515625,0.42724609375,-0.20751953125,1.18408203125,-0.15869140625,-0.23193359375,0.23193359375,1.806640625
1,0.0244140625,-0.3662109375,0.3662109375,-0.28076171875,-0.23193359375,-0.244140625,0.28076171875,0.01220703125,0.23193359375,-0.25634765625,-1.9287109375,-0.9765625,-1.4404296875,0.86669921875,-0.390625,-0.3173828125,-0.69580078125,0.74462890625,-0.0732421875,3.0517578125,-2.06298828125,1.59912109375,-0.32958984375,0.23193359375,0.01220703125,0.08544921875,0.18310546875,-0.8544921875,-0.1708984375,0.91552734375,0.08544921875,0.20751953125,-1.06201171875,-0.13427734375,0.28076171875,-0.78125,-0.89111328125,0.15869140625,-0.35400390625,1.416015625,0.4150390625,-0.1953125,-0.08544921875,-0.634765625,0.50048828125,-0.439453125,0,0.6591796875,-1.025390625,1.20849609375,-2.24609375,12.3291015625,-4.7607421875,0.89111328125,2.34375,2.1484375,0.59814453125,0.74462890625,-1.1962890625,0.537109375,0.5615234375,0.9765625,-2.1728515625,0.2685546875,-1.89208984375,6.09130859375,2.06298828125,5.09033203125,-0.1708984375,0.1953125,0.3662109375,0.18310546875,0.10986328125,0.146484375,-0.35400390625,0.91552734375,0.13427734375,0,-0.3173828125,1.1962890625,0,-0.9765625,-0.59814453125,-0.4150390625,2.0751953125,-0.29296875,-0.52490234375,-0.23193359375,-0.50048828125,-1.3427734375,0.67138671875,0.03662109375,0.2685546875,-0.18310546875,0.25634765625,-1.0009765625,-0.01220703125,-0.69580078125,0.03662109375,-0.64697265625,-0.10986328125,-0.72021484375,-0.03662109375,0.0244140625,0.1708984375,3.67431640625,0.29296875,5.65185546875,-0.1220703125,2.7099609375,-0.0732421875,5.419921875,-0.146484375,0.390625,-0.10986328125,0.03662109375,-0.0732421875,0.06103515625,-0.25634765625,0.08544921875,-0.06103515625,0.68359375,-0.23193359375,1.37939453125,-0.13427734375,-0.03662109375,0.146484375,2.7099609375
1,-0.01220703125,-0.35400390625,0.37841796875,-0.29296875,-0.10986328125,-0.244140625,0.18310546875,0.01220703125,0.244140625,-0.1953125,-1.85546875,-0.98876953125,-1.52587890625,0.86669921875,-0.23193359375,-0.3173828125,-0.67138671875,0.4150390625,-0.0244140625,2.44140625,-2.5146484375,1.4404296875,-0.29296875,0.06103515625,0.06103515625,0.06103515625,0.28076171875,-0.8544921875,-0.0732421875,0.9033203125,0.1953125,0.1953125,-1.07421875,-0.0732421875,0.341796875,-0.78125,-0.59814453125,0.30517578125,-0.0732421875,1.28173828125,0.42724609375,-0.18310546875,-0.048828125,-0.634765625,0.57373046875,-0.439453125,0.08544921875,0.64697265625,-0.5615234375,1.3916015625,-2.8076171875,14.1357421875,-4.6142578125,1.01318359375,2.06298828125,1.81884765625,0.634765625,0.76904296875,-1.220703125,0.54931640625,0.67138671875,0.9765625,-2.099609375,0.341796875,-1.57470703125,5.7861328125,1.611328125,5.224609375,-0.2197265625,0.20751953125,0.2685546875,0.20751953125,0.048828125,0.1708984375,-0.30517578125,1.0498046875,0.09765625,0,-0.244140625,1.1962890625,-0.01220703125,-0.93994140625,-0.74462890625,-0.42724609375,1.708984375,-0.47607421875,0.28076171875,-0.68359375,-0.32958984375,-1.33056640625,0.732421875,0.03662109375,0.3173828125,-0.15869140625,0.3662109375,-0.98876953125,0.06103515625,-0.7080078125,0,-0.59814453125,-0.18310546875,-0.732421875,-0.0244140625,0.0244140625,0.1708984375,4.6142578125,0.29296875,7.3974609375,-0.0732421875,3.4912109375,-0.0732421875,6.43310546875,-0.09765625,0.37841796875,-0.08544921875,0.03662109375,-0.0732421875,0.06103515625,-0.25634765625,0.10986328125,-0.048828125,1.06201171875,-0.244140625,1.59912109375,-0.1220703125,0.2197265625,0.15869140625,3.79638671875
1,-0.01220703125,-0.341796875,0.390625,-0.28076171875,-0.0244140625,-0.23193359375,0,0.01220703125,0.25634765625,-0.18310546875,-1.57470703125,-0.98876953125,-1.67236328125,0.86669921875,0,-0.30517578125,-0.64697265625,0.1220703125,0.048828125,1.77001953125,-2.783203125,1.2939453125,-0.3662109375,-0.08544921875,0.01220703125,0.0244140625,0.32958984375,-0.8544921875,0.06103515625,0.9033203125,0.341796875,0.1953125,-1.06201171875,-0.048828125,0.341796875,-0.76904296875,-0.6103515625,0.42724609375,0.10986328125,1.123046875,0.37841796875,-0.1953125,-0.0244140625,-0.6103515625,0.59814453125,-0.45166015625,0,0.6591796875,-0.20751953125,1.5380859375,-2.84423828125,15.72265625,-4.06494140625,1.025390625,2.23388671875,1.5625,0.6103515625,0.7568359375,-1.28173828125,0.54931640625,0.74462890625,0.98876953125,-2.25830078125,0.390625,-0.8544921875,5.37109375,1.42822265625,5.09033203125,-0.2685546875,0.20751953125,0.1708984375,0.2197265625,-0.01220703125,0.1708984375,-0.3173828125,1.123046875,-0.03662109375,-0.03662109375,-0.28076171875,1.23291015625,0.048828125,-0.9033203125,-0.9765625,-0.4150390625,0.93994140625,-0.68359375,0.57373046875,-0.48828125,-0.32958984375,-1.318359375,0.86669921875,0.048828125,0.37841796875,-0.15869140625,0.42724609375,-1.0009765625,0.10986328125,-0.72021484375,0,-0.59814453125,-0.2685546875,-0.72021484375,-0.048828125,0.0244140625,0.15869140625,5.3955078125,0.146484375,8.7646484375,-0.048828125,4.08935546875,-0.06103515625,7.21435546875,-0.06103515625,0.3662109375,-0.08544921875,0.03662109375,-0.0732421875,0.0244140625,-0.2685546875,0.1220703125,-0.03662109375,1.47705078125,-0.23193359375,1.8798828125,-0.10986328125,0.52490234375,0.06103515625,4.9560546875
1,-0.01220703125,-0.341796875,0.341796875,-0.28076171875,0.01220703125,-0.20751953125,-0.30517578125,0.0244140625,0.244140625,-0.15869140625,-1.2451171875,-0.98876953125,-1.611328125,0.9033203125,0.30517578125,-0.28076171875,-0.5615234375,-0.146484375,0.08544921875,1.171875,-2.81982421875,1.1962890625,-0.4638671875,-0.23193359375,-0.01220703125,-0.0244140625,0.35400390625,-0.8544921875,0.15869140625,0.86669921875,0.48828125,0.1953125,-0.96435546875,-0.048828125,0.25634765625,-0.78125,-0.4638671875,0.48828125,0.08544921875,0.93994140625,0.3173828125,-0.23193359375,-0.06103515625,-0.62255859375,0.62255859375,-0.42724609375,-0.1220703125,0.6591796875,0.08544921875,1.64794921875,-3.02734375,16.85791015625,-3.41796875,0.9033203125,2.18505859375,1.4404296875,0.57373046875,0.732421875,-1.33056640625,0.537109375,0.5859375,1.0009765625,-2.40478515625,0.48828125,-0.29296875,4.8583984375,1.318359375,4.736328125,-0.3173828125,0.20751953125,0.01220703125,0.244140625,-0.03662109375,0.1953125,-0.37841796875,1.123046875,-0.146484375,-0.03662109375,-0.29296875,1.220703125,0.08544921875,-0.830078125,-1.1962890625,-0.42724609375,0.78125,-0.87890625,2.08740234375,0.3662109375,-0.29296875,-1.28173828125,0.81787109375,0.0244140625,0.42724609375,-0.146484375,0.4638671875,-1.025390625,0.146484375,-0.732421875,0.0244140625,-0.62255859375,-0.29296875,-0.69580078125,-0.09765625,0.0244140625,0.10986328125,5.92041015625,0.09765625,9.765625,0,4.50439453125,-0.08544921875,7.763671875,-0.0732421875,0.35400390625,-0.08544921875,0.048828125,-0.0732421875,0.048828125,-0.341796875,0.1220703125,0,1.9287109375,-0.20751953125,2.16064453125,-0.09765625,0.81787109375,0,6.1767578125
1,0,-0.341796875,0.244140625,-0.25634765625,0.08544921875,-0.1708984375,-0.4150390625,0.048828125,0.1953125,-0.18310546875,-0.87890625,-0.98876953125,-1.40380859375,0.93994140625,0.52490234375,-0.28076171875,-0.52490234375,-0.37841796875,0.10986328125,0.67138671875,-2.783203125,1.11083984375,-0.37841796875,-0.3173828125,-0.09765625,-0.10986328125,0.3662109375,-0.86669921875,0.23193359375,0.86669921875,0.59814453125,0.1953125,-0.89111328125,-0.08544921875,0.244140625,-0.79345703125,-0.4638671875,0.50048828125,0.048828125,0.7568359375,0.244140625,-0.23193359375,-0.03662109375,-0.6103515625,0.6103515625,-0.4150390625,-0.15869140625,0.634765625,0.52490234375,1.708984375,-3.0029296875,17.27294921875,-2.96630859375,0.8056640625,2.18505859375,1.50146484375,0.5615234375,0.69580078125,-1.3671875,0.54931640625,0.40283203125,0.9765625,-2.490234375,0.5859375,1.28173828125,4.33349609375,0.830078125,4.06494140625,-0.30517578125,0.1953125,-0.15869140625,0.244140625,0.01220703125,0.18310546875,-0.390625,1.0498046875,-0.1953125,-0.048828125,-0.3662109375,1.23291015625,0.13427734375,-0.79345703125,-1.40380859375,-0.45166015625,0.634765625,-1.025390625,3.9794921875,1.708984375,-0.15869140625,-1.23291015625,0.74462890625,0,0.4150390625,-0.15869140625,0.48828125,-1.025390625,0.1708984375,-0.72021484375,0.048828125,-0.6103515625,-0.3173828125,-0.67138671875,-0.10986328125,0.03662109375,0.01220703125,6.18896484375,0.08544921875,10.25390625,0.01220703125,4.6875,-0.08544921875,8.0322265625,-0.10986328125,0.341796875,-0.10986328125,0.048828125,-0.048828125,0.0244140625,-0.37841796875,0.13427734375,0.048828125,2.3193359375,-0.23193359375,2.4169921875,-0.0732421875,1.07421875,0.1220703125,7.275390625
0,0,-0.3662109375,0.1953125,-0.2685546875,0.2685546875,-0.13427734375,-0.48828125,0.08544921875,0.18310546875,-0.18310546875,-0.537109375,-0.98876953125,-1.0986328125,0.9765625,0.6103515625,-0.244140625,-0.4150390625,-0.48828125,0.18310546875,0.29296875,-2.4169921875,1.07421875,-0.29296875,-0.40283203125,-0.15869140625,-0.1220703125,0.30517578125,-0.87890625,0.30517578125,0.81787109375,0.634765625,0.2197265625,-0.69580078125,-0.1220703125,0.146484375,-0.79345703125,-0.634765625,0.4638671875,0.01220703125,0.59814453125,0.1220703125,-0.244140625,0,-0.6103515625,0.59814453125,-0.42724609375,-0.0244140625,0.62255859375,0.2197265625,1.74560546875,-3.13720703125,16.8701171875,-2.86865234375,0.732421875,2.3193359375,1.72119140625,0.537109375,0.7080078125,-1.37939453125,0.5615234375,0.32958984375,0.9521484375,-2.40478515625,0.69580078125,2.197265625,3.86962890625,0.341796875,3.271484375,-0.3662109375,0.20751953125,-0.29296875,0.2685546875,0.03662109375,0.18310546875,-0.4150390625,0.927734375,-0.28076171875,-0.048828125,-0.40283203125,1.23291015625,0.13427734375,-0.78125,-1.47705078125,-0.48828125,0.69580078125,-1.06201171875,5.60302734375,3.30810546875,-0.15869140625,-1.220703125,0.78125,0,0.42724609375,-0.13427734375,0.5126953125,-1.01318359375,0.13427734375,-0.69580078125,0.03662109375,-0.62255859375,-0.30517578125,-0.68359375,-0.1953125,0.048828125,-0.03662109375,6.201171875,0.13427734375,10.2783203125,0.0244140625,4.638671875,-0.08544921875,7.9833984375,-0.1708984375,0.3662109375,-0.1220703125,0.06103515625,-0.0732421875,0.03662109375,-0.439453125,0.1220703125,0.08544921875,2.6123046875,-0.20751953125,2.62451171875,-0.0732421875,1.26953125,0.244140625,8.1787109375
0,-0.01220703125,-0.390625,0.20751953125,-0.23193359375,0.25634765625,-0.08544921875,-0.3662109375,0.146484375,0.01220703125,-0.18310546875,-0.23193359375,-0.9765625,-0.79345703125,0.98876953125,0.5615234375,-0.23193359375,-0.341796875,-0.50048828125,0.20751953125,0.15869140625,-1.9287109375,1.06201171875,-0.146484375,-0.439453125,-0.1953125,-0.1220703125,0.20751953125,-0.87890625,0.3173828125,0.81787109375,0.5615234375,0.2197265625,-0.7568359375,-0.18310546875,0.09765625,-0.79345703125,-0.5859375,0.390625,-0.1708984375,0.4638671875,0,-0.244140625,0.08544921875,-0.634765625,0.57373046875,-0.45166015625,0.0732421875,0.64697265625,0.45166015625,1.7578125,-3.35693359375,15.52734375,-2.47802734375,0.76904296875,2.197265625,2.03857421875,0.5126953125,0.68359375,-1.46484375,0.54931640625,0.23193359375,0.9033203125,-2.69775390625,0.79345703125,3.759765625,3.52783203125,-0.40283203125,2.40478515625,-0.35400390625,0.2197265625,-0.341796875,0.2685546875,0.048828125,0.20751953125,-0.4638671875,0.78125,-0.30517578125,-0.03662109375,-0.439453125,1.2451171875,0.146484375,-0.78125,-1.52587890625,-0.48828125,-0.30517578125,-0.91552734375,7.97119140625,4.96826171875,0.048828125,-1.15966796875,0.7080078125,-0.01220703125,0.439453125,-0.146484375,0.5126953125,-1.01318359375,0.08544921875,-0.69580078125,-0.01220703125,-0.62255859375,-0.2685546875,-0.6591796875,-0.1953125,0.048828125,-0.048828125,5.95703125,0.13427734375,9.8388671875,0.0244140625,4.4189453125,-0.09765625,7.71484375,-0.25634765625,0.37841796875,-0.146484375,0.06103515625,-0.0732421875,0.03662109375,-0.50048828125,0.1220703125,0.1220703125,2.79541015625,-0.18310546875,2.7587890625,-0.06103515625,1.40380859375,0.3173828125,8.77685546875
0,-0.06103515625,-0.37841796875,0.30517578125,-0.2197265625,0.1220703125,-0.03662109375,-0.29296875,0.1708984375,-0.146484375,-0.1953125,0.06103515625,-0.9765625,-0.5859375,0.9765625,0.45166015625,-0.20751953125,-0.30517578125,-0.439453125,0.146484375,0.244140625,-1.4404296875,1.11083984375,-0.0244140625,-0.4150390625,-0.25634765625,-0.1220703125,0.10986328125,-0.86669921875,0.25634765625,0.8056640625,0.37841796875,0.20751953125,-0.76904296875,-0.20751953125,-0.01220703125,-0.79345703125,-0.72021484375,0.244140625,-0.54931640625,0.35400390625,-0.048828125,-0.2197265625,0.09765625,-0.634765625,0.48828125,-0.45166015625,0.01220703125,0.6591796875,0.68359375,1.79443359375,-3.47900390625,13.427734375,-2.3193359375,0.9765625,2.1728515625,2.4658203125,0.4638671875,0.68359375,-1.45263671875,0.54931640625,0.1708984375,0.86669921875,-2.84423828125,0.91552734375,4.296875,3.3447265625,-0.5126953125,1.62353515625,-0.32958984375,0.2197265625,-0.4150390625,0.2685546875,0.0732421875,0.1953125,-0.439453125,0.6591796875,-0.29296875,-0.0244140625,-0.47607421875,1.220703125,0.13427734375,-0.8056640625,-1.513671875,-0.5126953125,-1.123046875,-0.64697265625,9.5703125,6.43310546875,0.10986328125,-1.1474609375,0.64697265625,-0.0244140625,0.50048828125,-0.1953125,0.537109375,-1.025390625,-0.0244140625,-0.67138671875,-0.048828125,-0.634765625,-0.23193359375,-0.634765625,-0.23193359375,0.03662109375,-0.048828125,5.5419921875,0.1220703125,9.09423828125,-0.01220703125,4.052734375,-0.08544921875,7.21435546875,-0.341796875,0.40283203125,-0.15869140625,0.0244140625,-0.06103515625,0.048828125,-0.50048828125,0.10986328125,0.146484375,2.84423828125,-0.18310546875,2.8076171875,-0.1220703125,1.40380859375,0.18310546875,9.04541015625
0,-0.08544921875,-0.3662109375,0.390625,-0.1953125,-0.1220703125,0,-0.244140625,0.20751953125,-0.20751953125,-0.2197265625,0.28076171875,-1.0009765625,-0.390625,0.98876953125,0.390625,-0.23193359375,-0.20751953125,-0.2685546875,0.20751953125,0.5859375,-0.93994140625,1.18408203125,0,-0.341796875,-0.23193359375,-0.08544921875,0.03662109375,-0.87890625,0.20751953125,0.830078125,0.1220703125,0.1953125,-0.87890625,-0.2197265625,-0.1708984375,-0.79345703125,-0.96435546875,0.08544921875,-0.9033203125,0.2685546875,-0.0732421875,-0.244140625,0.10986328125,-0.64697265625,0.390625,-0.4638671875,-0.1953125,0.67138671875,0.54931640625,1.85546875,-3.67431640625,10.72998046875,-1.904296875,1.318359375,1.904296875,2.83203125,0.341796875,0.69580078125,-1.4404296875,0.54931640625,0.08544921875,0.8544921875,-2.89306640625,1.03759765625,5.078125,3.3203125,-0.30517578125,1.025390625,-0.30517578125,0.2197265625,-0.3173828125,0.2685546875,0.06103515625,0.1953125,-0.37841796875,0.59814453125,-0.23193359375,-0.03662109375,-0.45166015625,1.1962890625,0.09765625,-0.8056640625,-1.46484375,-0.50048828125,-1.318359375,-0.244140625,11.7919921875,7.50732421875,-0.0244140625,-1.123046875,0.5859375,-0.0244140625,0.50048828125,-0.20751953125,0.5615234375,-1.03759765625,-0.1220703125,-0.64697265625,-0.08544921875,-0.62255859375,-0.23193359375,-0.6591796875,-0.23193359375,0.048828125,-0.01220703125,4.98046875,0.03662109375,8.16650390625,-0.048828125,3.5888671875,-0.08544921875,6.591796875,-0.4150390625,0.42724609375,-0.1953125,0.03662109375,-0.0732421875,0.048828125,-0.54931640625,0.08544921875,0.15869140625,2.77099609375,-0.13427734375,2.734375,-0.13427734375,1.35498046875,0.20751953125,8.984375
0,-0.08544921875,-0.40283203125,0.439453125,-0.20751953125,-0.2197265625,0.03662109375,-0.13427734375,0.2197265625,-0.32958984375,-0.20751953125,0.40283203125,-1.0009765625,-0.20751953125,0.9521484375,0.37841796875,-0.244140625,-0.10986328125,-0.0244140625,0.23193359375,1.123046875,-0.5126953125,1.318359375,-0.09765625,-0.1953125,-0.29296875,-0.06103515625,0.08544921875,-0.8544921875,0.15869140625,0.84228515625,-0.146484375,0.2197265625,-0.89111328125,-0.25634765625,-0.28076171875,-0.7568359375,-1.3671875,-0.048828125,-1.08642578125,0.20751953125,-0.10986328125,-0.2197265625,0.048828125,-0.634765625,0.40283203125,-0.45166015625,-0.4638671875,0.67138671875,0.3662109375,2.001953125,-3.4423828125,7.75146484375,-1.953125,1.79443359375,2.13623046875,3.1494140625,0.23193359375,0.7080078125,-1.35498046875,0.54931640625,0.1220703125,0.830078125,-2.86865234375,1.171875,6.28662109375,3.43017578125,-0.15869140625,0.67138671875,-0.23193359375,0.2197265625,-0.20751953125,0.28076171875,0.06103515625,0.15869140625,-0.32958984375,0.62255859375,-0.13427734375,-0.0244140625,-0.4150390625,1.1962890625,0.03662109375,-0.8056640625,-1.4404296875,-0.48828125,-0.64697265625,0.244140625,13.2080078125,8.056640625,-0.1220703125,-1.0986328125,0.439453125,-0.01220703125,0.5126953125,-0.244140625,0.52490234375,-1.07421875,-0.2197265625,-0.6591796875,-0.06103515625,-0.64697265625,-0.28076171875,-0.6591796875,-0.23193359375,0.03662109375,-0.0244140625,4.30908203125,-0.048828125,7.1044921875,-0.0244140625,3.03955078125,-0.09765625,5.87158203125,-0.45166015625,0.4150390625,-0.23193359375,0.01220703125,-0.0732421875,0.06103515625,-0.5126953125,0.09765625,0.10986328125,2.57568359375,-0.10986328125,2.6123046875,-0.15869140625,1.220703125,0.1953125,8.6181640625
0,-0.03662109375,-0.390625,0.48828125,-0.23193359375,-0.244140625,0.0732421875,-0.0244140625,0.2197265625,-0.537109375,-0.20751953125,0.48828125,-1.01318359375,-0.146484375,0.9521484375,0.40283203125,-0.2685546875,-0.0244140625,0.2685546875,0.10986328125,1.85546875,-0.146484375,1.47705078125,-0.18310546875,-0.01220703125,-0.29296875,-0.0244140625,0.10986328125,-0.830078125,0.2197265625,0.87890625,-0.37841796875,0.2197265625,-0.89111328125,-0.244140625,-0.40283203125,-0.76904296875,-1.86767578125,-0.15869140625,-1.15966796875,0.1708984375,-0.09765625,-0.20751953125,0.01220703125,-0.62255859375,0.4638671875,-0.47607421875,-0.6103515625,0.6591796875,0.29296875,2.20947265625,-3.21044921875,4.89501953125,-1.708984375,2.3193359375,2.197265625,3.3447265625,0.146484375,0.72021484375,-1.3427734375,0.5615234375,0.0732421875,0.81787109375,-2.83203125,1.318359375,7.80029296875,3.61328125,-0.18310546875,0.5859375,-0.15869140625,0.23193359375,-0.2197265625,0.2685546875,-0.03662109375,0.15869140625,-0.25634765625,0.7080078125,-0.08544921875,-0.03662109375,-0.35400390625,1.20849609375,0.03662109375,-0.78125,-1.35498046875,-0.47607421875,0.25634765625,0.72021484375,13.0126953125,8.04443359375,-0.244140625,-1.08642578125,0.35400390625,-0.0244140625,0.47607421875,-0.244140625,0.50048828125,-1.07421875,-0.25634765625,-0.6591796875,0,-0.634765625,-0.30517578125,-0.6591796875,-0.1953125,0.0244140625,0.0244140625,3.62548828125,-0.0244140625,6.0302734375,-0.03662109375,2.52685546875,-0.10986328125,5.16357421875,-0.45166015625,0.42724609375,-0.29296875,0.01220703125,-0.048828125,0.0732421875,-0.47607421875,0.08544921875,0.06103515625,2.33154296875,-0.146484375,2.44140625,-0.244140625,1.025390625,0.1953125,8.04443359375
0,0.048828125,-0.37841796875,0.40283203125,-0.244140625,-0.2685546875,0.08544921875,-0.08544921875,0.2197265625,-0.7568359375,-0.1953125,0.4150390625,-1.01318359375,-0.2685546875,0.927734375,0.390625,-0.29296875,0.01220703125,0.5859375,0.146484375,2.69775390625,0.0732421875,1.6845703125,-0.23193359375,0.244140625,-0.25634765625,-0.0244140625,0.10986328125,-0.8056640625,0.30517578125,0.89111328125,-0.5615234375,0.23193359375,-1.03759765625,-0.18310546875,-0.42724609375,-0.78125,-2.34375,-0.2197265625,-0.93994140625,0.18310546875,-0.0732421875,-0.20751953125,0.01220703125,-0.6103515625,0.57373046875,-0.45166015625,-0.68359375,0.67138671875,0.30517578125,2.45361328125,-2.79541015625,2.52685546875,-1.96533203125,2.79541015625,2.40478515625,3.369140625,0.10986328125,0.72021484375,-1.23291015625,0.54931640625,0.0244140625,0.81787109375,-2.72216796875,1.513671875,8.58154296875,3.77197265625,-0.35400390625,0.78125,-0.09765625,0.2197265625,-0.10986328125,0.25634765625,-0.10986328125,0.15869140625,-0.1708984375,0.86669921875,-0.01220703125,-0.0244140625,-0.20751953125,1.18408203125,0.048828125,-0.72021484375,-1.20849609375,-0.439453125,1.37939453125,1.11083984375,11.8896484375,7.53173828125,-0.537109375,-1.06201171875,0.28076171875,-0.03662109375,0.40283203125,-0.25634765625,0.4638671875,-1.07421875,-0.3173828125,-0.69580078125,0.048828125,-0.64697265625,-0.29296875,-0.67138671875,-0.1708984375,0.048828125,0.09765625,2.978515625,0.0732421875,5.01708984375,-0.03662109375,2.03857421875,-0.0732421875,4.4677734375,-0.45166015625,0.42724609375,-0.341796875,0.0244140625,-0.06103515625,0.0732421875,-0.48828125,0.09765625,0.048828125,2.08740234375,-0.15869140625,2.24609375,-0.28076171875,0.87890625,0.13427734375,7.373046875
0,0.20751953125,-0.3662109375,0.30517578125,-0.2685546875,-0.15869140625,0.0732421875,-0.1708984375,0.20751953125,-0.84228515625,-0.18310546875,0.244140625,-0.9765625,-0.37841796875,0.927734375,0.35400390625,-0.3173828125,-0.0244140625,0.9765625,0.2685546875,3.6376953125,0.18310546875,1.904296875,-0.0732421875,0.5126953125,-0.20751953125,0,0.09765625,-0.8056640625,0.4150390625,0.9033203125,-0.72021484375,0.23193359375,-1.123046875,-0.0732421875,-0.3173828125,-0.76904296875,-2.47802734375,-0.2197265625,-0.68359375,0.15869140625,-0.06103515625,-0.20751953125,0.08544921875,-0.5859375,0.74462890625,-0.439453125,-0.67138671875,0.67138671875,0.8056640625,2.72216796875,-2.72216796875,0.91552734375,-2.38037109375,3.1494140625,2.1728515625,3.271484375,0.1708984375,0.7568359375,-1.1962890625,0.57373046875,-0.06103515625,0.830078125,-3.173828125,1.69677734375,8.8623046875,3.84521484375,-0.1953125,1.13525390625,-0.146484375,0.23193359375,0.03662109375,0.23193359375,-0.06103515625,0.146484375,-0.03662109375,1.01318359375,0.1708984375,-0.0244140625,-0.10986328125,1.20849609375,0.146484375,-0.6591796875,-1.0498046875,-0.42724609375,2.62451171875,1.416015625,9.55810546875,6.60400390625,-0.79345703125,-1.025390625,0.1953125,-0.0244140625,0.341796875,-0.244140625,0.42724609375,-1.08642578125,-0.3173828125,-0.7080078125,0.06103515625,-0.62255859375,-0.2197265625,-0.68359375,-0.13427734375,0.048828125,0.1220703125,2.3681640625,0.1708984375,4.08935546875,-0.048828125,1.55029296875,-0.10986328125,3.82080078125,-0.4150390625,0.4150390625,-0.35400390625,0.0244140625,-0.06103515625,0.06103515625,-0.4150390625,0.08544921875,0.01220703125,1.84326171875,-0.1953125,2.08740234375,-0.30517578125,0.72021484375,-0.048828125,6.70166015625
0,0.30517578125,-0.35400390625,0.20751953125,-0.28076171875,0,0.0244140625,-0.13427734375,0.2197265625,-0.732421875,-0.15869140625,-0.03662109375,-0.96435546875,-0.50048828125,0.927734375,0.35400390625,-0.32958984375,-0.1220703125,1.35498046875,0.28076171875,4.58984375,0.2685546875,2.1728515625,0.06103515625,0.8056640625,-0.08544921875,0,0.146484375,-0.8056640625,0.4150390625,0.9033203125,-0.76904296875,0.23193359375,-1.07421875,0.08544921875,-0.23193359375,-0.7568359375,-2.55126953125,-0.15869140625,-0.4638671875,0.1953125,0,-0.18310546875,0.15869140625,-0.59814453125,0.9033203125,-0.4150390625,-0.6103515625,0.67138671875,1.025390625,2.978515625,-2.94189453125,0.18310546875,-2.83203125,3.2958984375,2.099609375,3.03955078125,0.25634765625,0.732421875,-1.171875,0.537109375,-0.1220703125,0.8056640625,-2.7587890625,1.89208984375,8.36181640625,3.7353515625,0.146484375,1.5380859375,-0.20751953125,0.2197265625,0.06103515625,0.2197265625,0.01220703125,0.1708984375,0.0732421875,1.0986328125,0.30517578125,-0.01220703125,-0.09765625,1.18408203125,0.1953125,-0.57373046875,-0.9033203125,-0.4150390625,3.7353515625,1.5380859375,7.2509765625,5.48095703125,-0.68359375,-0.9765625,0.146484375,-0.03662109375,0.28076171875,-0.2197265625,0.439453125,-1.08642578125,-0.3173828125,-0.72021484375,0.03662109375,-0.6103515625,-0.146484375,-0.69580078125,-0.1220703125,0.06103515625,0.15869140625,1.77001953125,0.1953125,3.22265625,-0.08544921875,1.11083984375,-0.09765625,3.21044921875,-0.37841796875,0.3662109375,-0.341796875,0.01220703125,-0.06103515625,0.06103515625,-0.37841796875,0.09765625,-0.0244140625,1.6845703125,-0.2685546875,1.953125,-0.341796875,0.6103515625,-0.13427734375,6.1279296875
0,0.4150390625,-0.35400390625,0.146484375,-0.30517578125,0.244140625,-0.03662109375,-0.08544921875,0.20751953125,-0.634765625,-0.146484375,-0.3173828125,-0.9521484375,-0.6591796875,0.93994140625,0.341796875,-0.35400390625,-0.23193359375,1.69677734375,0.28076171875,5.48095703125,0.32958984375,2.40478515625,0.1220703125,1.11083984375,-0.048828125,-0.06103515625,0.1708984375,-0.81787109375,0.40283203125,0.89111328125,-0.81787109375,0.2197265625,-1.220703125,0.23193359375,-0.13427734375,-0.7568359375,-2.40478515625,-0.09765625,-0.3173828125,0.2197265625,0,-0.18310546875,0.2685546875,-0.59814453125,1.01318359375,-0.40283203125,-0.59814453125,0.6591796875,1.26953125,3.18603515625,-3.1494140625,0.29296875,-2.81982421875,3.22265625,1.66015625,2.69775390625,0.32958984375,0.732421875,-1.11083984375,0.54931640625,-0.1220703125,0.78125,-2.783203125,2.03857421875,8.9599609375,3.4423828125,0.09765625,1.91650390625,-0.146484375,0.20751953125,0.1220703125,0.18310546875,-0.048828125,0.18310546875,0.048828125,1.123046875,0.32958984375,-0.0244140625,-0.15869140625,1.20849609375,0.1708984375,-0.52490234375,-0.8056640625,-0.42724609375,4.345703125,1.57470703125,5.9814453125,4.3212890625,-0.72021484375,-0.9033203125,0.08544921875,-0.0244140625,0.244140625,-0.1953125,0.439453125,-1.0498046875,-0.32958984375,-0.732421875,0.01220703125,-0.6103515625,-0.0732421875,-0.68359375,-0.1220703125,0.03662109375,0.15869140625,1.23291015625,0.146484375,2.42919921875,-0.18310546875,0.67138671875,-0.09765625,2.67333984375,-0.30517578125,0.3662109375,-0.35400390625,0.01220703125,-0.0732421875,0.048828125,-0.30517578125,0.10986328125,-0.06103515625,1.57470703125,-0.29296875,1.86767578125,-0.390625,0.54931640625,-0.1953125,5.6884765625
0,0.45166015625,-0.341796875,0.0732421875,-0.30517578125,0.35400390625,-0.10986328125,0.048828125,0.1953125,-0.52490234375,-0.1220703125,-0.6591796875,-0.9521484375,-0.84228515625,0.93994140625,0.30517578125,-0.3662109375,-0.390625,2.01416015625,0.244140625,6.21337890625,0.439453125,2.6611328125,0.01220703125,1.416015625,0.048828125,-0.10986328125,0.2197265625,-0.830078125,0.35400390625,0.87890625,-0.76904296875,0.20751953125,-1.11083984375,0.42724609375,-0.03662109375,-0.78125,-2.2216796875,-0.0244140625,-0.42724609375,0.244140625,0.06103515625,-0.18310546875,0.28076171875,-0.57373046875,1.03759765625,-0.4150390625,-0.5859375,0.634765625,1.3427734375,3.28369140625,-2.74658203125,1.08642578125,-2.8076171875,2.9052734375,1.2451171875,2.3681640625,0.42724609375,0.72021484375,-1.025390625,0.537109375,-0.25634765625,0.72021484375,-2.5634765625,2.16064453125,9.27734375,2.99072265625,0.29296875,2.1728515625,-0.0244140625,0.1953125,0.03662109375,0.1708984375,-0.1220703125,0.18310546875,0,1.08642578125,0.3173828125,-0.03662109375,-0.20751953125,1.20849609375,0.048828125,-0.4150390625,-0.79345703125,-0.42724609375,4.5166015625,1.42822265625,5.21240234375,3.30810546875,-0.8544921875,-0.79345703125,0,0,0.1953125,-0.18310546875,0.47607421875,-1.03759765625,-0.30517578125,-0.72021484375,0.01220703125,-0.634765625,0,-0.67138671875,-0.15869140625,0.0244140625,0.09765625,0.72021484375,0.0732421875,1.6357421875,-0.2197265625,0.2685546875,-0.08544921875,2.1484375,-0.2197265625,0.341796875,-0.29296875,0.03662109375,-0.0732421875,0.0244140625,-0.28076171875,0.10986328125,-0.08544921875,1.57470703125,-0.3173828125,1.85546875,-0.390625,0.537109375,-0.244140625,5.40771484375
1,0.42724609375,-0.35400390625,-0.01220703125,-0.30517578125,0.390625,-0.1953125,-0.03662109375,0.18310546875,-0.439453125,-0.13427734375,-0.98876953125,-0.9521484375,-0.927734375,0.93994140625,0.2685546875,-0.35400390625,-0.45166015625,2.25830078125,0.244140625,6.787109375,0.32958984375,2.8564453125,-0.2197265625,1.64794921875,0.1220703125,-0.1708984375,0.23193359375,-0.8544921875,0.35400390625,0.8544921875,-0.634765625,0.20751953125,-1.123046875,0.62255859375,0.06103515625,-0.78125,-2.099609375,0.0244140625,-0.5859375,0.25634765625,0.09765625,-0.1953125,0.29296875,-0.59814453125,0.927734375,-0.42724609375,-0.54931640625,0.6591796875,1.59912109375,3.22265625,-2.4658203125,2.24609375,-2.52685546875,2.392578125,1.3916015625,2.0263671875,0.52490234375,0.69580078125,-0.9033203125,0.537109375,-0.35400390625,0.67138671875,-2.34375,2.2216796875,9.48486328125,2.38037109375,-0.0732421875,2.2216796875,-0.01220703125,0.20751953125,-0.08544921875,0.15869140625,-0.1708984375,0.20751953125,-0.1220703125,0.9765625,0.25634765625,-0.0244140625,-0.2197265625,1.220703125,-0.10986328125,-0.390625,-0.81787109375,-0.4638671875,3.79638671875,1.1962890625,5.2978515625,2.55126953125,-0.9765625,-0.634765625,-0.048828125,0,0.13427734375,-0.1708984375,0.50048828125,-1.03759765625,-0.244140625,-0.69580078125,0.03662109375,-0.62255859375,0.048828125,-0.68359375,-0.1953125,0.01220703125,0.048828125,0.20751953125,0.03662109375,0.81787109375,-0.23193359375,-0.13427734375,-0.09765625,1.6357421875,-0.18310546875,0.341796875,-0.25634765625,0.0244140625,-0.0732421875,0.03662109375,-0.341796875,0.1220703125,-0.1220703125,1.611328125,-0.3662109375,1.86767578125,-0.3662109375,0.54931640625,-0.25634765625,5.28564453125
1,0.32958984375,-0.3662109375,-0.1220703125,-0.28076171875,0.42724609375,-0.28076171875,-0.03662109375,0.1708984375,-0.30517578125,-0.15869140625,-1.15966796875,-0.927734375,-0.9521484375,0.9521484375,0.18310546875,-0.35400390625,-0.47607421875,2.4169921875,0.28076171875,7.11669921875,0.146484375,3.01513671875,-0.4150390625,1.79443359375,0.1708984375,-0.244140625,0.2685546875,-0.84228515625,0.3173828125,0.84228515625,-0.45166015625,0.20751953125,-1.1474609375,0.81787109375,0.23193359375,-0.79345703125,-1.9287109375,0.0244140625,-0.4150390625,0.28076171875,0.10986328125,-0.20751953125,0.30517578125,-0.5859375,0.86669921875,-0.4638671875,-0.4150390625,0.634765625,1.15966796875,3.06396484375,-2.3681640625,3.47900390625,-2.45361328125,1.84326171875,0.8544921875,1.806640625,0.5859375,0.69580078125,-0.79345703125,0.5615234375,-0.439453125,0.62255859375,-2.34375,2.20947265625,9.619140625,1.7333984375,-0.390625,2.0751953125,-0.146484375,0.1953125,-0.10986328125,0.1708984375,-0.20751953125,0.1953125,-0.18310546875,0.8544921875,0.13427734375,-0.01220703125,-0.20751953125,1.20849609375,-0.25634765625,-0.37841796875,-1.03759765625,-0.4638671875,2.94189453125,0.91552734375,4.67529296875,2.16064453125,-1.07421875,-0.4638671875,-0.0732421875,0.01220703125,0.03662109375,-0.146484375,0.48828125,-0.98876953125,-0.1708984375,-0.67138671875,0.01220703125,-0.634765625,0.0732421875,-0.67138671875,-0.20751953125,0.01220703125,0.048828125,-0.30517578125,0.0244140625,0.01220703125,-0.18310546875,-0.52490234375,-0.09765625,1.123046875,-0.1220703125,0.35400390625,-0.18310546875,0.03662109375,-0.06103515625,0.048828125,-0.341796875,0.10986328125,-0.15869140625,1.6357421875,-0.3173828125,1.89208984375,-0.341796875,0.54931640625,-0.146484375,5.322265625
1,0.25634765625,-0.390625,-0.18310546875,-0.2685546875,0.3662109375,-0.3662109375,0.06103515625,0.13427734375,-0.15869140625,-0.1953125,-1.1962890625,-0.93994140625,-0.9033203125,0.9033203125,0.09765625,-0.32958984375,-0.47607421875,2.5146484375,0.32958984375,7.2509765625,-0.06103515625,3.076171875,-0.52490234375,1.86767578125,0.1953125,-0.29296875,0.3173828125,-0.830078125,0.244140625,0.8544921875,-0.25634765625,0.1953125,-0.96435546875,1.0009765625,0.32958984375,-0.79345703125,-1.513671875,-0.01220703125,-0.18310546875,0.2685546875,0.10986328125,-0.20751953125,0.390625,-0.6103515625,0.78125,-0.50048828125,-0.2197265625,0.62255859375,1.59912109375,2.8076171875,-1.86767578125,4.40673828125,-2.25830078125,1.33056640625,1.28173828125,1.67236328125,0.68359375,0.69580078125,-0.68359375,0.5615234375,-0.5615234375,0.5615234375,-2.099609375,2.08740234375,9.6435546875,1.1474609375,-0.98876953125,1.806640625,-0.30517578125,0.20751953125,-0.1708984375,0.1708984375,-0.25634765625,0.20751953125,-0.25634765625,0.72021484375,0.01220703125,0,-0.146484375,1.220703125,-0.4150390625,-0.4150390625,-1.220703125,-0.50048828125,2.001953125,0.5859375,3.8818359375,2.18505859375,-0.98876953125,-0.28076171875,-0.06103515625,0.01220703125,0,-0.146484375,0.439453125,-0.96435546875,-0.09765625,-0.64697265625,-0.0244140625,-0.634765625,0.1220703125,-0.69580078125,-0.20751953125,0,0.048828125,-0.76904296875,0.0732421875,-0.830078125,-0.09765625,-0.927734375,-0.09765625,0.6103515625,-0.10986328125,0.35400390625,-0.09765625,0.03662109375,-0.08544921875,0.06103515625,-0.30517578125,0.1220703125,-0.15869140625,1.708984375,-0.30517578125,1.94091796875,-0.30517578125,0.59814453125,-0.18310546875,5.37109375
1,0.15869140625,-0.40283203125,-0.1953125,-0.25634765625,0.1953125,-0.40283203125,0.08544921875,0.08544921875,-0.10986328125,-0.23193359375,-1.0986328125,-0.9521484375,-0.830078125,0.89111328125,0.06103515625,-0.30517578125,-0.47607421875,2.45361328125,0.37841796875,7.1533203125,-0.1708984375,3.076171875,-0.7080078125,1.81884765625,0.13427734375,-0.3173828125,0.30517578125,-0.81787109375,0.09765625,0.84228515625,-0.09765625,0.1953125,-1.06201171875,1.1474609375,0.42724609375,-0.79345703125,-1.220703125,-0.1220703125,-0.0244140625,0.2685546875,0.10986328125,-0.20751953125,0.52490234375,-0.6103515625,0.6103515625,-0.50048828125,-0.09765625,0.62255859375,1.26953125,2.4658203125,-1.98974609375,4.8828125,-2.294921875,0.9765625,1.28173828125,1.611328125,0.72021484375,0.7080078125,-0.62255859375,0.57373046875,-0.54931640625,0.52490234375,-2.23388671875,1.8798828125,9.02099609375,0.76904296875,-1.98974609375,1.4404296875,-0.37841796875,0.23193359375,-0.13427734375,0.1708984375,-0.244140625,0.20751953125,-0.35400390625,0.64697265625,-0.1220703125,-0.0244140625,-0.08544921875,1.23291015625,-0.6591796875,-0.42724609375,-1.1962890625,-0.5126953125,1.18408203125,0.23193359375,3.91845703125,2.52685546875,-0.84228515625,-0.146484375,-0.01220703125,0.0244140625,-0.0244140625,-0.146484375,0.37841796875,-0.9521484375,-0.03662109375,-0.6591796875,-0.10986328125,-0.64697265625,0.08544921875,-0.69580078125,-0.18310546875,0.0244140625,0.06103515625,-1.220703125,0.09765625,-1.6357421875,-0.0244140625,-1.30615234375,-0.08544921875,0.13427734375,-0.09765625,0.390625,-0.048828125,0.048828125,-0.08544921875,0.048828125,-0.37841796875,0.13427734375,-0.13427734375,1.74560546875,-0.2685546875,1.9775390625,-0.2685546875,0.6103515625,-0.18310546875,5.46875
1,0.08544921875,-0.4150390625,-0.1708984375,-0.244140625,-0.08544921875,-0.4150390625,0,0.06103515625,-0.13427734375,-0.25634765625,-0.927734375,-0.93994140625,-0.72021484375,0.86669921875,-0.0732421875,-0.28076171875,-0.4638671875,2.30712890625,0.439453125,6.87255859375,-0.18310546875,2.91748046875,-0.927734375,1.6845703125,0.03662109375,-0.3173828125,0.28076171875,-0.84228515625,-0.048828125,0.8544921875,-0.01220703125,0.20751953125,-1.0498046875,1.26953125,0.42724609375,-0.79345703125,-0.96435546875,-0.25634765625,0,0.244140625,0.15869140625,-0.20751953125,0.54931640625,-0.59814453125,0.50048828125,-0.48828125,-0.09765625,0.62255859375,1.50146484375,2.13623046875,-2.06298828125,4.77294921875,-2.0263671875,0.87890625,1.33056640625,1.66015625,0.69580078125,0.7080078125,-0.62255859375,0.5859375,-0.537109375,0.52490234375,-2.18505859375,1.62353515625,7.53173828125,0.634765625,-2.64892578125,1.08642578125,-0.4150390625,0.2197265625,-0.06103515625,0.18310546875,-0.15869140625,0.1953125,-0.37841796875,0.6103515625,-0.244140625,-0.0244140625,-0.1220703125,1.220703125,-0.69580078125,-0.48828125,-0.93994140625,-0.47607421875,0.439453125,-0.09765625,4.931640625,3.18603515625,-0.74462890625,-0.048828125,0,0,0.01220703125,-0.146484375,0.3173828125,-0.9521484375,-0.0244140625,-0.64697265625,-0.1708984375,-0.64697265625,0.0244140625,-0.68359375,-0.15869140625,0.0244140625,0.0244140625,-1.611328125,0,-2.3193359375,0,-1.611328125,-0.15869140625,-0.29296875,-0.10986328125,0.4150390625,-0.03662109375,0.03662109375,-0.06103515625,0.06103515625,-0.390625,0.10986328125,-0.10986328125,1.7333984375,-0.15869140625,1.98974609375,-0.1953125,0.59814453125,-0.146484375,5.4931640625
1,0.0244140625,-0.439453125,-0.09765625,-0.23193359375,-0.50048828125,-0.42724609375,-0.1220703125,0.06103515625,-0.15869140625,-0.2685546875,-0.67138671875,-0.9521484375,-0.634765625,0.84228515625,-0.146484375,-0.25634765625,-0.390625,2.05078125,0.4638671875,6.43310546875,-0.0732421875,2.7587890625,-1.171875,1.50146484375,-0.048828125,-0.28076171875,0.29296875,-0.830078125,-0.20751953125,0.86669921875,0.03662109375,0.20751953125,-0.93994140625,1.35498046875,0.32958984375,-0.8056640625,-0.79345703125,-0.390625,0.06103515625,0.23193359375,0.15869140625,-0.18310546875,0.5126953125,-0.59814453125,0.40283203125,-0.47607421875,-0.146484375,0.64697265625,1.35498046875,1.86767578125,-1.64794921875,4.150390625,-1.57470703125,1.01318359375,1.6845703125,1.806640625,0.64697265625,0.72021484375,-0.5859375,0.5859375,-0.439453125,0.537109375,-1.9287109375,1.318359375,6.55517578125,0.830078125,-2.8076171875,0.81787109375,-0.40283203125,0.23193359375,-0.09765625,0.15869140625,-0.0732421875,0.15869140625,-0.3662109375,0.68359375,-0.2197265625,-0.03662109375,-0.2685546875,1.220703125,-0.732421875,-0.5615234375,-0.69580078125,-0.47607421875,-0.06103515625,-0.37841796875,6.57958984375,4.0283203125,-0.634765625,0,0.03662109375,0,0.048828125,-0.1708984375,0.25634765625,-0.96435546875,0.01220703125,-0.67138671875,-0.1708984375,-0.64697265625,-0.0732421875,-0.68359375,-0.15869140625,0.048828125,0,-1.8798828125,-0.1220703125,-2.86865234375,0.10986328125,-1.84326171875,-0.146484375,-0.62255859375,-0.1220703125,0.40283203125,-0.0244140625,0.01220703125,-0.0732421875,0.048828125,-0.4150390625,0.09765625,-0.0732421875,1.69677734375,-0.1220703125,1.9775390625,-0.15869140625,0.5615234375,-0.13427734375,5.419921875
1,0,-0.4150390625,0.01220703125,-0.23193359375,-0.72021484375,-0.37841796875,-0.0732421875,0.048828125,-0.2197265625,-0.25634765625,-0.390625,-0.9521484375,-0.5126953125,0.830078125,-0.18310546875,-0.244140625,-0.32958984375,1.74560546875,0.45166015625,5.8837890625,0.1708984375,2.50244140625,-1.30615234375,1.26953125,-0.23193359375,-0.1953125,0.3173828125,-0.84228515625,-0.32958984375,0.86669921875,0.06103515625,0.18310546875,-0.96435546875,1.3427734375,0.28076171875,-0.8056640625,-0.8056640625,-0.57373046875,0.1953125,0.15869140625,0.09765625,-0.1708984375,0.40283203125,-0.59814453125,0.32958984375,-0.439453125,-0.15869140625,0.6591796875,1.416015625,1.708984375,-2.03857421875,3.22265625,-1.52587890625,1.40380859375,1.81884765625,1.98974609375,0.6103515625,0.732421875,-0.59814453125,0.57373046875,-0.30517578125,0.5859375,-2.2705078125,1.03759765625,7.470703125,1.3671875,-2.67333984375,0.69580078125,-0.23193359375,0.25634765625,-0.03662109375,0.1708984375,-0.09765625,0.15869140625,-0.30517578125,0.79345703125,-0.1953125,-0.01220703125,-0.40283203125,1.20849609375,-0.634765625,-0.57373046875,-0.5126953125,-0.4150390625,-0.3173828125,-0.6591796875,7.51953125,5.04150390625,-0.47607421875,-0.048828125,0.08544921875,0,0.0244140625,-0.20751953125,0.23193359375,-0.98876953125,0,-0.64697265625,-0.146484375,-0.634765625,-0.15869140625,-0.67138671875,-0.1708984375,0.03662109375,0,-2.06298828125,-0.0732421875,-3.18603515625,0.1708984375,-1.96533203125,-0.1220703125,-0.81787109375,-0.1220703125,0.42724609375,-0.048828125,0.0244140625,-0.0732421875,0.03662109375,-0.4150390625,0.09765625,-0.03662109375,1.59912109375,-0.03662109375,1.904296875,-0.10986328125,0.48828125,-0.13427734375,5.224609375
1,0.06103515625,-0.40283203125,0.06103515625,-0.2197265625,-0.72021484375,-0.3173828125,-0.1953125,0.048828125,-0.20751953125,-0.244140625,-0.10986328125,-0.93994140625,-0.50048828125,0.84228515625,-0.09765625,-0.244140625,-0.2685546875,1.3916015625,0.439453125,5.28564453125,0.4150390625,2.24609375,-1.25732421875,1.025390625,-0.32958984375,-0.1220703125,0.32958984375,-0.84228515625,-0.37841796875,0.87890625,0.10986328125,0.20751953125,-0.84228515625,1.28173828125,0.2197265625,-0.8056640625,-0.8056640625,-0.7080078125,0.37841796875,0.09765625,-0.01220703125,-0.1708984375,0.2685546875,-0.5859375,0.3662109375,-0.42724609375,-0.1220703125,0.67138671875,1.33056640625,1.69677734375,-2.5634765625,2.18505859375,-1.5869140625,1.94091796875,2.40478515625,2.24609375,0.537109375,0.732421875,-0.54931640625,0.5615234375,-0.25634765625,0.67138671875,-2.05078125,0.8056640625,9.5703125,2.197265625,-2.5146484375,0.7080078125,0.01220703125,0.25634765625,-0.048828125,0.18310546875,-0.20751953125,0.1708984375,-0.28076171875,0.91552734375,-0.1708984375,-0.06103515625,-0.52490234375,1.1962890625,-0.47607421875,-0.59814453125,-0.54931640625,-0.390625,-0.69580078125,-0.8544921875,8.0322265625,6.0546875,-0.45166015625,-0.1708984375,0.06103515625,-0.03662109375,0.0244140625,-0.23193359375,0.23193359375,-1.025390625,-0.01220703125,-0.6591796875,-0.09765625,-0.6103515625,-0.2197265625,-0.67138671875,-0.1953125,0.06103515625,-0.08544921875,-2.0751953125,-0.01220703125,-3.2958984375,0.1708984375,-1.96533203125,-0.08544921875,-0.84228515625,-0.15869140625,0.40283203125,-0.0732421875,0.01220703125,-0.06103515625,0.0244140625,-0.3662109375,0.09765625,-0.01220703125,1.4892578125,0.01220703125,1.81884765625,-0.0732421875,0.40283203125,-0.06103515625,4.87060546875
1,0.10986328125,-0.390625,0.10986328125,-0.23193359375,-0.52490234375,-0.2685546875,-0.32958984375,0.06103515625,-0.25634765625,-0.2197265625,0.0732421875,-0.927734375,-0.5126953125,0.86669921875,0.0732421875,-0.25634765625,-0.23193359375,1.0498046875,0.4150390625,4.7119140625,0.732421875,1.98974609375,-1.07421875,0.74462890625,-0.3662109375,-0.03662109375,0.30517578125,-0.84228515625,-0.42724609375,0.87890625,0.1220703125,0.2197265625,-0.5859375,1.0986328125,0.1708984375,-0.79345703125,-1.025390625,-0.81787109375,0.47607421875,0.03662109375,-0.09765625,-0.1953125,0.2197265625,-0.5859375,0.29296875,-0.4150390625,-0.0732421875,0.69580078125,1.06201171875,1.806640625,-2.5634765625,1.318359375,-1.3916015625,2.50244140625,3.271484375,2.55126953125,0.50048828125,0.74462890625,-0.59814453125,0.5615234375,-0.1708984375,0.732421875,-2.1484375,0.67138671875,11.3037109375,3.28369140625,-2.587890625,0.84228515625,0.15869140625,0.244140625,0.0244140625,0.1953125,-0.23193359375,0.15869140625,-0.25634765625,1.0498046875,-0.1220703125,-0.03662109375,-0.537109375,1.20849609375,-0.32958984375,-0.59814453125,-0.5615234375,-0.40283203125,-1.03759765625,-0.98876953125,9.50927734375,7.03125,-0.439453125,-0.3662109375,0.08544921875,-0.01220703125,-0.0244140625,-0.2197265625,0.28076171875,-1.06201171875,-0.03662109375,-0.68359375,-0.06103515625,-0.62255859375,-0.25634765625,-0.67138671875,-0.18310546875,0.06103515625,-0.10986328125,-1.98974609375,0.0732421875,-3.173828125,0.1708984375,-1.904296875,-0.10986328125,-0.7568359375,-0.2197265625,0.390625,-0.09765625,0,-0.06103515625,0.0244140625,-0.37841796875,0.10986328125,0.0732421875,1.35498046875,-0.0244140625,1.708984375,-0.048828125,0.25634765625,0.1220703125,4.33349609375
1,0.18310546875,-0.3662109375,0.09765625,-0.244140625,-0.32958984375,-0.23193359375,-0.48828125,0.08544921875,-0.35400390625,-0.20751953125,0.1708984375,-0.9521484375,-0.5126953125,0.87890625,0.23193359375,-0.28076171875,-0.1708984375,0.72021484375,0.42724609375,4.150390625,1.11083984375,1.77001953125,-0.927734375,0.52490234375,-0.390625,0.048828125,0.2685546875,-0.84228515625,-0.439453125,0.86669921875,0.146484375,0.1953125,-0.47607421875,0.927734375,0.146484375,-0.79345703125,-1.171875,-0.84228515625,0.2685546875,-0.08544921875,-0.1708984375,-0.1953125,0.15869140625,-0.6103515625,0.20751953125,-0.390625,-0.09765625,0.69580078125,1.15966796875,2.001953125,-3.13720703125,0.78125,-0.8056640625,2.978515625,3.5888671875,2.880859375,0.4150390625,0.76904296875,-0.62255859375,0.5859375,-0.18310546875,0.78125,-2.30712890625,0.67138671875,11.4501953125,4.4921875,-2.64892578125,1.07421875,0.13427734375,0.25634765625,0.09765625,0.1708984375,-0.10986328125,0.15869140625,-0.146484375,1.1474609375,0,-0.03662109375,-0.45166015625,1.20849609375,-0.23193359375,-0.5859375,-0.390625,-0.3662109375,-1.62353515625,-1.06201171875,9.521484375,7.861328125,-0.4638671875,-0.57373046875,0.01220703125,-0.06103515625,-0.0732421875,-0.25634765625,0.35400390625,-1.08642578125,-0.08544921875,-0.69580078125,-0.08544921875,-0.64697265625,-0.244140625,-0.634765625,-0.23193359375,0.0732421875,-0.10986328125,-1.8310546875,0.1220703125,-2.86865234375,0.1220703125,-1.7333984375,-0.08544921875,-0.537109375,-0.2685546875,0.37841796875,-0.146484375,0.0244140625,-0.0732421875,0.03662109375,-0.37841796875,0.13427734375,0.0732421875,1.15966796875,0.01220703125,1.5380859375,-0.06103515625,0.146484375,0.08544921875,3.64990234375
1,0.23193359375,-0.35400390625,0.08544921875,-0.244140625,-0.13427734375,-0.18310546875,-0.62255859375,0.1220703125,-0.40283203125,-0.20751953125,0.1708984375,-0.96435546875,-0.54931640625,0.927734375,0.35400390625,-0.3173828125,-0.08544921875,0.439453125,0.390625,3.62548828125,1.3916015625,1.55029296875,-0.89111328125,0.28076171875,-0.3173828125,0.08544921875,0.30517578125,-0.830078125,-0.45166015625,0.8544921875,0.18310546875,0.2197265625,-0.3662109375,0.69580078125,0.048828125,-0.78125,-1.220703125,-0.8544921875,0.08544921875,-0.146484375,-0.25634765625,-0.2197265625,0.1220703125,-0.59814453125,0.2197265625,-0.37841796875,-0.13427734375,0.7080078125,0.57373046875,2.28271484375,-3.125,0.7568359375,-1.123046875,3.2470703125,3.61328125,3.23486328125,0.37841796875,0.72021484375,-0.59814453125,0.6103515625,-0.20751953125,0.8056640625,-1.98974609375,0.7568359375,12.5,5.74951171875,-2.33154296875,1.3427734375,0.10986328125,0.244140625,0.15869140625,0.15869140625,0.048828125,0.146484375,-0.0732421875,1.11083984375,0.10986328125,-0.0244140625,-0.3173828125,1.20849609375,-0.1220703125,-0.5615234375,-0.30517578125,-0.37841796875,-1.94091796875,-1.06201171875,9.5458984375,8.53271484375,-0.59814453125,-0.81787109375,-0.01220703125,-0.048828125,-0.1220703125,-0.20751953125,0.40283203125,-1.08642578125,-0.10986328125,-0.69580078125,-0.08544921875,-0.6591796875,-0.25634765625,-0.64697265625,-0.23193359375,0.06103515625,-0.146484375,-1.57470703125,0.10986328125,-2.44140625,0.03662109375,-1.50146484375,-0.10986328125,-0.25634765625,-0.341796875,0.37841796875,-0.1953125,0.048828125,-0.08544921875,0.048828125,-0.32958984375,0.13427734375,0.06103515625,0.96435546875,-0.03662109375,1.3671875,-0.13427734375,0.01220703125,-0.048828125,2.8564453125
0,0.2685546875,-0.341796875,0.10986328125,-0.2685546875,0.13427734375,-0.18310546875,-0.47607421875,0.13427734375,-0.439453125,-0.1953125,0.048828125,-0.9765625,-0.54931640625,0.9521484375,0.341796875,-0.341796875,-0.06103515625,0.18310546875,0.3173828125,3.11279296875,1.6357421875,1.416015625,-0.87890625,0.08544921875,-0.244140625,0.146484375,0.25634765625,-0.8056640625,-0.45166015625,0.86669921875,0.1953125,0.2197265625,-0.35400390625,0.5126953125,-0.0244140625,-0.7568359375,-1.11083984375,-0.76904296875,-0.18310546875,-0.23193359375,-0.30517578125,-0.20751953125,0.09765625,-0.6103515625,0.15869140625,-0.3662109375,-0.244140625,0.68359375,0.72021484375,2.5390625,-2.86865234375,1.15966796875,-1.25732421875,3.22265625,3.55224609375,3.61328125,0.29296875,0.72021484375,-0.7568359375,0.634765625,-0.23193359375,0.8056640625,-2.33154296875,0.98876953125,13.4765625,6.9580078125,-1.50146484375,1.5380859375,0.28076171875,0.20751953125,0.18310546875,0.146484375,0.18310546875,0.146484375,-0.0732421875,1.07421875,0.1953125,0.01220703125,-0.1220703125,1.220703125,-0.03662109375,-0.52490234375,-0.244140625,-0.390625,-1.5625,-0.96435546875,9.5703125,8.9599609375,-0.54931640625,-1.025390625,0.048828125,-0.06103515625,-0.2197265625,-0.1953125,0.45166015625,-1.11083984375,-0.1708984375,-0.69580078125,-0.06103515625,-0.64697265625,-0.25634765625,-0.64697265625,-0.25634765625,0.0732421875,-0.1220703125,-1.2939453125,0.048828125,-1.96533203125,-0.0244140625,-1.25732421875,-0.09765625,0.0732421875,-0.390625,0.37841796875,-0.1953125,0.06103515625,-0.048828125,0.048828125,-0.3173828125,0.15869140625,0.03662109375,0.7568359375,-0.048828125,1.23291015625,-0.18310546875,-0.13427734375,0.01220703125,1.98974609375
0,0.30517578125,-0.32958984375,0.13427734375,-0.28076171875,0.32958984375,-0.1953125,-0.4150390625,0.18310546875,-0.37841796875,-0.20751953125,-0.048828125,-0.9765625,-0.57373046875,0.96435546875,0.28076171875,-0.3662109375,-0.03662109375,-0.048828125,0.2685546875,2.57568359375,1.5625,1.25732421875,-0.89111328125,-0.09765625,-0.1708984375,0.15869140625,0.1708984375,-0.81787109375,-0.47607421875,0.8544921875,0.25634765625,0.2197265625,-0.30517578125,0.35400390625,-0.08544921875,-0.76904296875,-0.9765625,-0.68359375,-0.29296875,-0.25634765625,-0.341796875,-0.1953125,0.03662109375,-0.6103515625,0.1220703125,-0.37841796875,-0.341796875,0.68359375,0.74462890625,2.783203125,-3.0517578125,1.904296875,-1.2451171875,2.9296875,3.03955078125,3.99169921875,0.20751953125,0.68359375,-0.7568359375,0.67138671875,-0.29296875,0.76904296875,-2.197265625,1.220703125,14.75830078125,8.056640625,-0.72021484375,1.69677734375,0.4638671875,0.1953125,0.28076171875,0.1220703125,0.28076171875,0.15869140625,-0.01220703125,0.927734375,0.23193359375,0,0.0244140625,1.2451171875,0.2197265625,-0.54931640625,-0.29296875,-0.37841796875,-0.68359375,-0.7568359375,9.48486328125,9.1552734375,-0.5615234375,-1.171875,0.03662109375,-0.01220703125,-0.23193359375,-0.1708984375,0.537109375,-1.0986328125,-0.25634765625,-0.68359375,-0.01220703125,-0.6591796875,-0.30517578125,-0.67138671875,-0.23193359375,0.06103515625,-0.06103515625,-1.03759765625,-0.01220703125,-1.57470703125,-0.08544921875,-1.07421875,-0.09765625,0.35400390625,-0.4638671875,0.37841796875,-0.1708984375,0.06103515625,-0.0732421875,0.0732421875,-0.244140625,0.15869140625,-0.01220703125,0.537109375,-0.0244140625,1.06201171875,-0.244140625,-0.28076171875,-0.0244140625,1.171875
0,0.29296875,-0.3173828125,0.1220703125,-0.28076171875,0.4638671875,-0.2197265625,-0.1708984375,0.20751953125,-0.439453125,-0.2197265625,-0.23193359375,-1.01318359375,-0.5615234375,0.96435546875,0.2197265625,-0.3662109375,0.06103515625,-0.25634765625,0.13427734375,2.01416015625,1.1962890625,1.171875,-0.7080078125,-0.2685546875,0.01220703125,0.18310546875,0.06103515625,-0.81787109375,-0.45166015625,0.84228515625,0.3173828125,0.2197265625,-0.32958984375,0.1953125,-0.08544921875,-0.7568359375,-0.84228515625,-0.59814453125,-0.341796875,-0.244140625,-0.32958984375,-0.18310546875,0.01220703125,-0.59814453125,0.08544921875,-0.40283203125,-0.37841796875,0.67138671875,0.72021484375,2.91748046875,-2.50244140625,2.83203125,-1.06201171875,2.392578125,2.783203125,4.345703125,0.2197265625,0.68359375,-0.732421875,0.67138671875,-0.42724609375,0.7080078125,-2.001953125,1.47705078125,16.4306640625,8.99658203125,-0.3662109375,1.7333984375,0.54931640625,0.1953125,0.341796875,0.146484375,0.3173828125,0.18310546875,0.08544921875,0.79345703125,0.244140625,-0.01220703125,0.15869140625,1.25732421875,0.32958984375,-0.6103515625,-0.42724609375,-0.40283203125,0.52490234375,-0.48828125,10.38818359375,9.09423828125,-0.72021484375,-1.25732421875,0.01220703125,-0.0244140625,-0.28076171875,-0.15869140625,0.5615234375,-1.08642578125,-0.23193359375,-0.68359375,0.06103515625,-0.6591796875,-0.30517578125,-0.68359375,-0.1953125,0.03662109375,-0.048828125,-0.8544921875,0.03662109375,-1.2939453125,-0.06103515625,-0.927734375,-0.09765625,0.54931640625,-0.5126953125,0.390625,-0.13427734375,0.06103515625,-0.0732421875,0.08544921875,-0.244140625,0.146484375,-0.0732421875,0.341796875,-0.09765625,0.927734375,-0.32958984375,-0.3662109375,-0.03662109375,0.45166015625
0,0.2197265625,-0.341796875,0.09765625,-0.29296875,0.52490234375,-0.2685546875,0.048828125,0.23193359375,-0.47607421875,-0.244140625,-0.3662109375,-1.01318359375,-0.5126953125,0.93994140625,0.13427734375,-0.3662109375,0.06103515625,-0.45166015625,0.10986328125,1.416015625,0.78125,1.06201171875,-0.47607421875,-0.45166015625,0.15869140625,0.18310546875,-0.06103515625,-0.830078125,-0.439453125,0.8544921875,0.4150390625,0.2197265625,-0.23193359375,0.13427734375,-0.01220703125,-0.78125,-0.79345703125,-0.50048828125,-0.32958984375,-0.23193359375,-0.30517578125,-0.20751953125,0.01220703125,-0.5859375,0.08544921875,-0.439453125,-0.32958984375,0.67138671875,0.76904296875,2.99072265625,-2.57568359375,3.72314453125,-0.830078125,1.7333984375,2.08740234375,4.65087890625,0.2685546875,0.6591796875,-0.6103515625,0.67138671875,-0.52490234375,0.64697265625,-2.3681640625,1.6845703125,17.07763671875,9.75341796875,-0.2685546875,1.611328125,0.37841796875,0.1953125,0.3662109375,0.13427734375,0.3173828125,0.1708984375,0.10986328125,0.68359375,0.23193359375,0,0.2197265625,1.26953125,0.5126953125,-0.68359375,-0.6591796875,-0.4150390625,1.26953125,-0.18310546875,10.44921875,8.7646484375,-0.732421875,-1.25732421875,0,-0.01220703125,-0.28076171875,-0.1220703125,0.47607421875,-1.025390625,-0.244140625,-0.68359375,0.10986328125,-0.6591796875,-0.2685546875,-0.72021484375,-0.13427734375,0.03662109375,-0.01220703125,-0.76904296875,0.0244140625,-1.1962890625,-0.0732421875,-0.89111328125,-0.09765625,0.64697265625,-0.50048828125,0.390625,-0.09765625,0.08544921875,-0.048828125,0.08544921875,-0.2685546875,0.18310546875,-0.1220703125,0.18310546875,-0.1220703125,0.830078125,-0.3662109375,-0.45166015625,-0.06103515625,-0.06103515625
0,0.15869140625,-0.35400390625,0.06103515625,-0.29296875,0.5859375,-0.3173828125,0.32958984375,0.23193359375,-0.5615234375,-0.2685546875,-0.439453125,-1.03759765625,-0.42724609375,0.9033203125,0.08544921875,-0.341796875,0,-0.67138671875,0.0732421875,0.74462890625,0.28076171875,0.96435546875,-0.23193359375,-0.634765625,0.341796875,0.18310546875,-0.1708984375,-0.81787109375,-0.42724609375,0.86669921875,0.537109375,0.2197265625,-0.146484375,0.1220703125,0.01220703125,-0.78125,-0.64697265625,-0.45166015625,-0.2685546875,-0.18310546875,-0.2685546875,-0.18310546875,0.09765625,-0.5859375,0.1953125,-0.439453125,-0.2685546875,0.67138671875,0.35400390625,3.0029296875,-2.001953125,4.3701171875,-0.45166015625,1.07421875,1.77001953125,4.8828125,0.28076171875,0.7080078125,-0.4150390625,0.69580078125,-0.5615234375,0.5859375,-2.0751953125,1.79443359375,16.845703125,10.38818359375,-0.5126953125,1.45263671875,0.15869140625,0.1953125,0.37841796875,0.146484375,0.146484375,0.1708984375,0.1708984375,0.6103515625,0.23193359375,-0.01220703125,0.25634765625,1.28173828125,0.439453125,-0.74462890625,-1.07421875,-0.439453125,1.25732421875,0.1220703125,10.65673828125,8.251953125,-0.9033203125,-1.220703125,-0.06103515625,0,-0.1708984375,-0.13427734375,0.4150390625,-1.0009765625,-0.23193359375,-0.7080078125,0.0732421875,-0.64697265625,-0.244140625,-0.69580078125,-0.06103515625,0.048828125,0.10986328125,-0.78125,0.146484375,-1.23291015625,-0.06103515625,-0.927734375,-0.03662109375,0.62255859375,-0.48828125,0.40283203125,-0.09765625,0.06103515625,-0.06103515625,0.09765625,-0.23193359375,0.15869140625,-0.18310546875,0.09765625,-0.10986328125,0.78125,-0.42724609375,-0.50048828125,-0.1220703125,-0.29296875
0,0.13427734375,-0.390625,-0.01220703125,-0.30517578125,0.50048828125,-0.30517578125,0.341796875,0.20751953125,-0.50048828125,-0.30517578125,-0.47607421875,-1.0009765625,-0.28076171875,0.86669921875,0,-0.35400390625,-0.09765625,-0.9033203125,0.146484375,0.06103515625,-0.08544921875,0.8544921875,-0.146484375,-0.79345703125,0.47607421875,0.15869140625,-0.244140625,-0.84228515625,-0.390625,0.8544921875,0.7080078125,0.23193359375,-0.23193359375,0.2197265625,0.10986328125,-0.78125,-0.40283203125,-0.4150390625,-0.40283203125,-0.1220703125,-0.1953125,-0.1953125,0.2197265625,-0.59814453125,0.28076171875,-0.4638671875,-0.2685546875,0.64697265625,0.28076171875,2.9052734375,-1.55029296875,4.69970703125,-0.47607421875,0.5859375,1.6357421875,4.98046875,0.29296875,0.7080078125,-0.3173828125,0.69580078125,-0.5615234375,0.537109375,-2.05078125,1.806640625,15.83251953125,10.9375,-1.0498046875,1.2451171875,0.03662109375,0.1953125,0.390625,0.15869140625,-0.0244140625,0.1953125,0.18310546875,0.59814453125,0.1708984375,-0.03662109375,0.20751953125,1.26953125,0.18310546875,-0.81787109375,-1.30615234375,-0.439453125,1.0986328125,0.4150390625,11.60888671875,7.568359375,-1.0009765625,-1.13525390625,-0.048828125,0,-0.06103515625,-0.13427734375,0.3662109375,-0.9765625,-0.1953125,-0.7080078125,0.048828125,-0.62255859375,-0.1708984375,-0.68359375,-0.01220703125,0.048828125,0.06103515625,-0.84228515625,0.10986328125,-1.42822265625,-0.13427734375,-1.01318359375,-0.09765625,0.52490234375,-0.45166015625,0.4150390625,-0.0732421875,0.06103515625,-0.0732421875,0.0732421875,-0.23193359375,0.15869140625,-0.2197265625,0.08544921875,-0.13427734375,0.84228515625,-0.390625,-0.47607421875,-0.18310546875,-0.1708984375
0,0.10986328125,-0.390625,-0.09765625,-0.30517578125,0.3173828125,-0.30517578125,0.25634765625,0.18310546875,-0.40283203125,-0.28076171875,-0.42724609375,-1.0009765625,-0.1708984375,0.86669921875,-0.1220703125,-0.30517578125,-0.2197265625,-1.11083984375,0.18310546875,-0.59814453125,-0.32958984375,0.72021484375,-0.28076171875,-0.96435546875,0.45166015625,0.146484375,-0.2685546875,-0.84228515625,-0.35400390625,0.87890625,0.8056640625,0.2197265625,-0.13427734375,0.244140625,0.1708984375,-0.78125,-0.50048828125,-0.439453125,-0.47607421875,-0.08544921875,-0.1220703125,-0.18310546875,0.3173828125,-0.5859375,0.4150390625,-0.4638671875,-0.28076171875,0.64697265625,0.1953125,2.83203125,-1.25732421875,4.6630859375,-0.13427734375,0.4638671875,1.0009765625,4.98046875,0.341796875,0.72021484375,-0.20751953125,0.68359375,-0.52490234375,0.537109375,-2.06298828125,1.69677734375,14.55078125,11.46240234375,-1.40380859375,1.08642578125,-0.146484375,0.20751953125,0.30517578125,0.18310546875,-0.1220703125,0.1708984375,0.18310546875,0.67138671875,0.18310546875,-0.03662109375,0.09765625,1.23291015625,-0.1708984375,-0.927734375,-1.30615234375,-0.439453125,1.42822265625,0.6103515625,12.01171875,6.77490234375,-1.01318359375,-1.0498046875,0.048828125,0,0.09765625,-0.1220703125,0.390625,-0.98876953125,-0.244140625,-0.72021484375,-0.01220703125,-0.6103515625,-0.10986328125,-0.6591796875,0,0.03662109375,0.0244140625,-0.9765625,-0.0244140625,-1.708984375,-0.1953125,-1.1474609375,-0.13427734375,0.3662109375,-0.390625,0.390625,-0.048828125,0.048828125,-0.048828125,0.03662109375,-0.244140625,0.13427734375,-0.25634765625,0.1708984375,-0.08544921875,0.91552734375,-0.40283203125,-0.37841796875,-0.2197265625,0.37841796875
0,0.09765625,-0.390625,-0.13427734375,-0.29296875,0.09765625,-0.30517578125,0.2685546875,0.146484375,-0.341796875,-0.28076171875,-0.37841796875,-1.01318359375,-0.0244140625,0.8544921875,-0.20751953125,-0.30517578125,-0.32958984375,-1.2939453125,0.28076171875,-1.13525390625,-0.42724609375,0.62255859375,-0.390625,-1.06201171875,0.40283203125,0.13427734375,-0.2197265625,-0.84228515625,-0.32958984375,0.87890625,0.87890625,0.1953125,-0.23193359375,0.341796875,0.1953125,-0.79345703125,-0.4150390625,-0.48828125,-0.7568359375,-0.0732421875,-0.01220703125,-0.20751953125,0.390625,-0.5859375,0.5859375,-0.4638671875,-0.2685546875,0.6591796875,-0.0732421875,2.72216796875,-0.52490234375,4.3212890625,0.244140625,0.69580078125,0.9765625,4.79736328125,0.341796875,0.76904296875,-0.048828125,0.64697265625,-0.57373046875,0.537109375,-1.7333984375,1.4892578125,13.4033203125,11.97509765625,-1.62353515625,0.98876953125,-0.29296875,0.1953125,-0.03662109375,0.1953125,-0.23193359375,0.1708984375,0.1708984375,0.8056640625,0.2197265625,-0.0244140625,0.048828125,1.23291015625,-0.5859375,-1.025390625,-1.03759765625,-0.45166015625,1.9287109375,0.732421875,13.232421875,5.95703125,-1.0498046875,-0.96435546875,0.13427734375,0,0.1708984375,-0.1708984375,0.42724609375,-0.9521484375,-0.244140625,-0.72021484375,-0.03662109375,-0.59814453125,-0.10986328125,-0.634765625,-0.01220703125,0.03662109375,0.09765625,-1.11083984375,0,-1.96533203125,-0.18310546875,-1.26953125,-0.048828125,0.20751953125,-0.3173828125,0.37841796875,-0.048828125,0.0244140625,-0.06103515625,0.0244140625,-0.23193359375,0.10986328125,-0.25634765625,0.3662109375,-0.13427734375,1.08642578125,-0.341796875,-0.2197265625,-0.1708984375,1.2939453125
0,0.0732421875,-0.390625,-0.1953125,-0.28076171875,0.0244140625,-0.244140625,0.10986328125,0.10986328125,-0.32958984375,-0.25634765625,-0.30517578125,-1.025390625,-0.01220703125,0.8544921875,-0.3173828125,-0.28076171875,-0.37841796875,-1.416015625,0.35400390625,-1.5380859375,-0.5859375,0.5615234375,-0.50048828125,-1.1474609375,0.2685546875,0.13427734375,-0.146484375,-0.830078125,-0.2685546875,0.87890625,0.84228515625,0.1953125,-0.4150390625,0.390625,0.28076171875,-0.79345703125,-0.341796875,-0.57373046875,-0.72021484375,-0.10986328125,0.06103515625,-0.23193359375,0.439453125,-0.57373046875,0.69580078125,-0.439453125,-0.244140625,0.634765625,-0.15869140625,2.64892578125,-0.3173828125,3.80859375,0.830078125,1.3427734375,1.46484375,4.52880859375,0.3662109375,0.76904296875,0.048828125,0.6103515625,-0.6591796875,0.6103515625,-1.67236328125,1.1962890625,12.5244140625,12.548828125,-1.67236328125,0.9765625,-0.32958984375,0.18310546875,-0.52490234375,0.1953125,-0.32958984375,0.146484375,0.1220703125,0.927734375,0.244140625,-0.03662109375,0.01220703125,1.23291015625,-0.8056640625,-1.11083984375,-0.87890625,-0.439453125,2.13623046875,0.74462890625,12.9638671875,5.18798828125,-1.025390625,-0.9033203125,0.2197265625,-0.01220703125,0.18310546875,-0.1708984375,0.42724609375,-0.93994140625,-0.23193359375,-0.7080078125,-0.08544921875,-0.62255859375,-0.08544921875,-0.634765625,-0.03662109375,0.0244140625,-0.03662109375,-1.1962890625,-0.09765625,-2.1728515625,-0.28076171875,-1.33056640625,-0.10986328125,0.13427734375,-0.2197265625,0.341796875,-0.08544921875,0,-0.0732421875,0.01220703125,-0.25634765625,0.08544921875,-0.18310546875,0.68359375,-0.1220703125,1.318359375,-0.28076171875,0,-0.18310546875,2.5390625
0,0.08544921875,-0.40283203125,-0.2197265625,-0.244140625,0.1220703125,-0.18310546875,-0.06103515625,0.0732421875,-0.20751953125,-0.244140625,-0.25634765625,-1.01318359375,-0.01220703125,0.87890625,-0.35400390625,-0.2685546875,-0.390625,-1.45263671875,0.42724609375,-1.6845703125,-0.69580078125,0.52490234375,-0.54931640625,-1.1474609375,0.10986328125,0.0732421875,-0.13427734375,-0.84228515625,-0.29296875,0.8544921875,0.67138671875,0.1953125,-0.341796875,0.390625,0.25634765625,-0.79345703125,-0.3662109375,-0.6103515625,-0.537109375,-0.15869140625,0.1708984375,-0.1953125,0.439453125,-0.5859375,0.78125,-0.4150390625,-0.25634765625,0.64697265625,-0.341796875,2.587890625,-0.6103515625,3.28369140625,0.68359375,2.4169921875,1.5380859375,4.13818359375,0.390625,0.7568359375,0.13427734375,0.57373046875,-0.7080078125,0.6591796875,-1.50146484375,0.927734375,12.3779296875,13.19580078125,-1.69677734375,1.03759765625,-0.29296875,0.18310546875,-0.84228515625,0.1953125,-0.42724609375,0.15869140625,0.0732421875,1.0498046875,0.2197265625,-0.048828125,0,1.220703125,-0.7568359375,-1.13525390625,-0.89111328125,-0.439453125,1.5869140625,0.634765625,12.41455078125,4.52880859375,-0.927734375,-0.93994140625,0.20751953125,0.01220703125,0.244140625,-0.1708984375,0.42724609375,-0.927734375,-0.23193359375,-0.69580078125,-0.09765625,-0.6103515625,-0.0732421875,-0.6103515625,-0.06103515625,0.0244140625,-0.08544921875,-1.20849609375,-0.2197265625,-2.23388671875,-0.244140625,-1.30615234375,-0.13427734375,0.146484375,-0.15869140625,0.35400390625,-0.0732421875,0,-0.06103515625,0,-0.2685546875,0.09765625,-0.10986328125,1.06201171875,-0.10986328125,1.62353515625,-0.1953125,0.25634765625,-0.28076171875,4.04052734375
0,0.0732421875,-0.37841796875,-0.29296875,-0.244140625,0.244140625,-0.10986328125,-0.25634765625,0.048828125,-0.01220703125,-0.23193359375,-0.2685546875,-1.0009765625,0.08544921875,0.9033203125,-0.28076171875,-0.2685546875,-0.37841796875,-1.416015625,0.48828125,-1.62353515625,-0.830078125,0.52490234375,-0.37841796875,-1.123046875,-0.0732421875,0.03662109375,-0.06103515625,-0.86669921875,-0.32958984375,0.8544921875,0.45166015625,0.1953125,-0.3662109375,0.37841796875,0.2197265625,-0.79345703125,-0.4150390625,-0.6591796875,-0.2197265625,-0.25634765625,0.20751953125,-0.20751953125,0.4150390625,-0.5859375,0.9033203125,-0.390625,-0.390625,0.634765625,0.01220703125,2.57568359375,-1.03759765625,2.84423828125,0.439453125,3.67431640625,1.66015625,3.67431640625,0.40283203125,0.7568359375,0.18310546875,0.5859375,-0.67138671875,0.72021484375,-1.1962890625,0.64697265625,12.1337890625,13.90380859375,-2.0263671875,1.1474609375,-0.32958984375,0.1708984375,-0.9033203125,0.20751953125,-0.4638671875,0.13427734375,-0.01220703125,1.11083984375,0.18310546875,-0.0244140625,-0.06103515625,1.20849609375,-0.7080078125,-1.11083984375,-1.025390625,-0.439453125,0.830078125,0.48828125,13.7451171875,4.00390625,-0.87890625,-0.98876953125,0.146484375,0,0.1953125,-0.15869140625,0.40283203125,-0.96435546875,-0.18310546875,-0.67138671875,-0.146484375,-0.62255859375,-0.06103515625,-0.6103515625,-0.0244140625,0.03662109375,-0.0244140625,-1.123046875,-0.0732421875,-2.13623046875,-0.1708984375,-1.23291015625,-0.08544921875,0.2197265625,-0.13427734375,0.35400390625,-0.08544921875,0.01220703125,-0.0732421875,0.01220703125,-0.244140625,0.10986328125,-0.0732421875,1.513671875,-0.06103515625,1.9287109375,-0.1220703125,0.5615234375,-0.18310546875,5.615234375
1,0.09765625,-0.37841796875,-0.390625,-0.23193359375,0.29296875,-0.06103515625,-0.48828125,0.03662109375,0.1708984375,-0.1953125,-0.29296875,-1.0009765625,0.1220703125,0.927734375,-0.1708984375,-0.2685546875,-0.32958984375,-1.2939453125,0.52490234375,-1.30615234375,-0.84228515625,0.59814453125,-0.25634765625,-1.025390625,-0.23193359375,-0.03662109375,-0.03662109375,-0.8544921875,-0.390625,0.8544921875,0.1953125,0.20751953125,-0.3173828125,0.3662109375,0.09765625,-0.8056640625,-0.48828125,-0.67138671875,0.18310546875,-0.4150390625,0.23193359375,-0.18310546875,0.439453125,-0.59814453125,0.927734375,-0.37841796875,-0.5615234375,0.634765625,-0.2197265625,2.587890625,-1.13525390625,2.6123046875,0.64697265625,5.01708984375,1.708984375,3.1982421875,0.390625,0.7568359375,0.1953125,0.537109375,-0.64697265625,0.7568359375,-1.1474609375,0.47607421875,12.07275390625,14.70947265625,-2.685546875,1.26953125,-0.5859375,0.1708984375,-0.81787109375,0.1708984375,-0.341796875,0.15869140625,-0.03662109375,1.0986328125,0.1953125,0,-0.15869140625,1.220703125,-0.35400390625,-1.123046875,-1.07421875,-0.45166015625,0.146484375,0.2197265625,14.9169921875,3.5888671875,-0.91552734375,-1.08642578125,0.10986328125,0.01220703125,0.15869140625,-0.1953125,0.30517578125,-1.01318359375,-0.1220703125,-0.64697265625,-0.23193359375,-0.634765625,-0.048828125,-0.6103515625,-0.01220703125,0.0244140625,-0.08544921875,-0.93994140625,-0.10986328125,-1.904296875,-0.15869140625,-1.03759765625,-0.13427734375,0.4638671875,-0.13427734375,0.35400390625,-0.08544921875,0.03662109375,-0.048828125,-0.01220703125,-0.28076171875,0.13427734375,-0.01220703125,1.9775390625,-0.01220703125,2.23388671875,-0.048828125,0.87890625,-0.1220703125,7.1533203125
1,0.06103515625,-0.35400390625,-0.4150390625,-0.23193359375,0.09765625,-0.0244140625,-0.54931640625,0.03662109375,0.15869140625,-0.1953125,-0.32958984375,-0.9765625,0.1708984375,0.927734375,-0.10986328125,-0.25634765625,-0.244140625,-1.1474609375,0.4638671875,-0.9033203125,-0.927734375,0.7080078125,-0.1220703125,-0.89111328125,-0.37841796875,-0.10986328125,0.01220703125,-0.86669921875,-0.48828125,0.84228515625,0.0244140625,0.20751953125,-0.2685546875,0.2685546875,-0.06103515625,-0.79345703125,-0.830078125,-0.64697265625,0.4638671875,-0.537109375,0.25634765625,-0.1953125,0.42724609375,-0.59814453125,1.0009765625,-0.37841796875,-0.732421875,0.64697265625,0.1220703125,2.55126953125,-1.47705078125,2.64892578125,0.634765625,6.25,1.45263671875,2.7587890625,0.37841796875,0.74462890625,0.1708984375,0.537109375,-0.54931640625,0.8056640625,-0.91552734375,0.35400390625,12.3779296875,15.58837890625,-3.45458984375,1.35498046875,-0.732421875,0.15869140625,-0.72021484375,0.1708984375,-0.23193359375,0.1708984375,-0.1220703125,1.06201171875,0.146484375,-0.01220703125,-0.23193359375,1.23291015625,-0.048828125,-1.11083984375,-0.76904296875,-0.47607421875,-0.25634765625,0,15.91796875,3.3447265625,-0.87890625,-1.220703125,0.048828125,0,0.13427734375,-0.2685546875,0.244140625,-1.01318359375,-0.09765625,-0.6103515625,-0.28076171875,-0.634765625,-0.0732421875,-0.634765625,0.03662109375,0.0244140625,-0.0244140625,-0.6591796875,-0.09765625,-1.57470703125,-0.1220703125,-0.8056640625,-0.09765625,0.74462890625,-0.13427734375,0.3662109375,-0.0732421875,0.0244140625,-0.06103515625,0.01220703125,-0.29296875,0.15869140625,0.048828125,2.392578125,0.03662109375,2.5146484375,0.01220703125,1.1474609375,-0.09765625,8.50830078125
1,0.09765625,-0.341796875,-0.3662109375,-0.2197265625,-0.06103515625,-0.01220703125,-0.634765625,0.0244140625,0.15869140625,-0.18310546875,-0.25634765625,-0.9765625,0.13427734375,0.93994140625,-0.10986328125,-0.244140625,-0.13427734375,-0.98876953125,0.341796875,-0.40283203125,-0.93994140625,0.81787109375,-0.03662109375,-0.76904296875,-0.50048828125,-0.1708984375,-0.0244140625,-0.86669921875,-0.54931640625,0.830078125,-0.10986328125,0.20751953125,-0.244140625,0.1953125,-0.2197265625,-0.78125,-0.84228515625,-0.59814453125,0.5126953125,-0.62255859375,0.23193359375,-0.18310546875,0.390625,-0.5859375,1.03759765625,-0.390625,-0.8056640625,0.64697265625,0.03662109375,2.4658203125,-1.5625,2.89306640625,0.6103515625,7.2509765625,1.28173828125,2.392578125,0.2685546875,0.7080078125,0.0732421875,0.54931640625,-0.42724609375,0.78125,-0.7080078125,0.30517578125,12.82958984375,16.4794921875,-4.13818359375,1.40380859375,-0.67138671875,0.15869140625,-0.57373046875,0.18310546875,-0.10986328125,0.1953125,-0.244140625,0.96435546875,0.08544921875,-0.01220703125,-0.25634765625,1.25732421875,0.1953125,-1.08642578125,-0.40283203125,-0.47607421875,-0.50048828125,-0.2197265625,16.58935546875,3.271484375,-0.89111328125,-1.33056640625,0,-0.01220703125,0.048828125,-0.28076171875,0.18310546875,-1.0009765625,-0.0732421875,-0.6103515625,-0.28076171875,-0.6591796875,-0.13427734375,-0.62255859375,0.03662109375,0.0244140625,0.0244140625,-0.35400390625,-0.06103515625,-1.15966796875,-0.06103515625,-0.5615234375,-0.0732421875,1.08642578125,-0.15869140625,0.37841796875,-0.06103515625,0.03662109375,-0.0732421875,0.03662109375,-0.244140625,0.15869140625,0.0732421875,2.734375,0.048828125,2.74658203125,0.01220703125,1.3916015625,-0.15869140625,9.53369140625
1,0.10986328125,-0.35400390625,-0.2685546875,-0.23193359375,-0.25634765625,-0.03662109375,-0.4150390625,0.03662109375,0.06103515625,-0.20751953125,-0.1708984375,-0.9765625,0.15869140625,0.9521484375,-0.13427734375,-0.25634765625,0,-0.81787109375,0.1708984375,0.03662109375,-0.87890625,0.93994140625,-0.06103515625,-0.67138671875,-0.5126953125,-0.2197265625,-0.1220703125,-0.87890625,-0.57373046875,0.81787109375,-0.23193359375,0.20751953125,-0.23193359375,0.1708984375,-0.35400390625,-0.7568359375,-0.67138671875,-0.5126953125,0.40283203125,-0.6591796875,0.13427734375,-0.1953125,0.30517578125,-0.5859375,0.9521484375,-0.3662109375,-0.7568359375,0.6591796875,-0.1708984375,2.38037109375,-1.45263671875,3.271484375,0.45166015625,7.89794921875,1.0009765625,2.18505859375,0.1708984375,0.7080078125,0.06103515625,0.54931640625,-0.2197265625,0.76904296875,-0.6103515625,0.32958984375,13.6474609375,17.27294921875,-4.52880859375,1.35498046875,-0.42724609375,0.1708984375,-0.40283203125,0.1708984375,0.048828125,0.1953125,-0.32958984375,0.81787109375,0.08544921875,-0.01220703125,-0.2197265625,1.25732421875,0.35400390625,-0.98876953125,-0.0244140625,-0.47607421875,-0.5126953125,-0.390625,16.19873046875,3.28369140625,-0.830078125,-1.40380859375,-0.08544921875,-0.01220703125,0,-0.25634765625,0.146484375,-0.98876953125,-0.0244140625,-0.59814453125,-0.20751953125,-0.634765625,-0.20751953125,-0.64697265625,0,0.03662109375,-0.0732421875,-0.03662109375,-0.1708984375,-0.78125,-0.048828125,-0.32958984375,-0.10986328125,1.40380859375,-0.18310546875,0.40283203125,-0.01220703125,0.03662109375,-0.06103515625,0.03662109375,-0.1953125,0.18310546875,0.13427734375,2.978515625,0.08544921875,2.89306640625,0.0244140625,1.5380859375,-0.09765625,10.19287109375
1,0.10986328125,-0.3662109375,-0.15869140625,-0.244140625,-0.537109375,-0.08544921875,-0.32958984375,0.048828125,0.0244140625,-0.23193359375,0.01220703125,-0.9765625,0.06103515625,0.927734375,-0.13427734375,-0.2685546875,0.048828125,-0.69580078125,-0.15869140625,0.35400390625,-0.830078125,1.0498046875,-0.048828125,-0.6103515625,-0.40283203125,-0.244140625,-0.23193359375,-0.86669921875,-0.50048828125,0.830078125,-0.341796875,0.20751953125,-0.25634765625,0.146484375,-0.4150390625,-0.74462890625,-0.42724609375,-0.40283203125,0.13427734375,-0.634765625,0.10986328125,-0.1708984375,0.2197265625,-0.6103515625,1.0009765625,-0.3662109375,-0.634765625,0.67138671875,-0.15869140625,2.24609375,-1.42822265625,3.7109375,0.048828125,8.16650390625,1.3671875,2.13623046875,0.09765625,0.69580078125,0.01220703125,0.57373046875,-0.10986328125,0.732421875,-0.7080078125,0.3662109375,14.74609375,17.8955078125,-4.67529296875,1.26953125,-0.15869140625,0.18310546875,-0.15869140625,0.1953125,0.1953125,0.2197265625,-0.30517578125,0.72021484375,0.06103515625,-0.0244140625,-0.06103515625,1.2451171875,0.48828125,-0.89111328125,0.2685546875,-0.4638671875,-0.78125,-0.47607421875,15.68603515625,3.38134765625,-0.78125,-1.46484375,-0.146484375,0.0244140625,-0.048828125,-0.244140625,0.10986328125,-1.0009765625,0,-0.62255859375,-0.1220703125,-0.62255859375,-0.25634765625,-0.68359375,-0.0244140625,0.03662109375,-0.146484375,0.2197265625,-0.146484375,-0.4638671875,-0.0244140625,-0.1708984375,-0.10986328125,1.66015625,-0.18310546875,0.4150390625,0.0244140625,0.048828125,-0.0732421875,0.06103515625,-0.15869140625,0.146484375,0.146484375,3.076171875,0.0732421875,2.9296875,0.01220703125,1.59912109375,-0.20751953125,10.400390625
1,0.13427734375,-0.3662109375,-0.0732421875,-0.25634765625,-0.5615234375,-0.13427734375,-0.146484375,0.03662109375,0.03662109375,-0.244140625,0.1220703125,-0.96435546875,-0.09765625,0.9033203125,-0.13427734375,-0.2685546875,0.13427734375,-0.64697265625,-0.4150390625,0.50048828125,-0.341796875,1.0986328125,0.048828125,-0.59814453125,-0.29296875,-0.28076171875,-0.30517578125,-0.87890625,-0.40283203125,0.81787109375,-0.48828125,0.18310546875,-0.3173828125,0.146484375,-0.48828125,-0.74462890625,0.06103515625,-0.30517578125,-0.1708984375,-0.57373046875,0.0732421875,-0.2197265625,0.18310546875,-0.62255859375,1.0009765625,-0.40283203125,-0.45166015625,0.67138671875,-0.30517578125,2.13623046875,-1.37939453125,4.1259765625,-0.08544921875,8.10546875,1.4404296875,2.294921875,-0.0244140625,0.7080078125,0.08544921875,0.5859375,0.048828125,0.69580078125,-0.4638671875,0.439453125,15.29541015625,18.22509765625,-4.6875,1.123046875,-0.06103515625,0.23193359375,0.0732421875,0.23193359375,0.244140625,0.20751953125,-0.20751953125,0.6591796875,0.06103515625,-0.01220703125,0.08544921875,1.2451171875,0.7080078125,-0.8056640625,0.3662109375,-0.42724609375,-1.4404296875,-0.5126953125,15.75927734375,3.4912109375,-0.84228515625,-1.47705078125,-0.30517578125,0,-0.08544921875,-0.20751953125,0.0244140625,-1.0009765625,0.06103515625,-0.634765625,-0.01220703125,-0.634765625,-0.3173828125,-0.67138671875,-0.0732421875,0.048828125,-0.1953125,0.40283203125,-0.06103515625,-0.29296875,-0.0244140625,-0.06103515625,-0.09765625,1.806640625,-0.18310546875,0.42724609375,0.03662109375,0.048828125,-0.06103515625,0.03662109375,-0.10986328125,0.13427734375,0.08544921875,3.06396484375,0.08544921875,2.91748046875,-0.03662109375,1.57470703125,-0.32958984375,10.1806640625
1,0.10986328125,-0.37841796875,-0.06103515625,-0.25634765625,-0.50048828125,-0.20751953125,-0.09765625,0.048828125,-0.03662109375,-0.2685546875,0.08544921875,-0.96435546875,-0.15869140625,0.89111328125,-0.146484375,-0.29296875,0.09765625,-0.634765625,-0.54931640625,0.42724609375,0,1.11083984375,0.048828125,-0.64697265625,-0.146484375,-0.2685546875,-0.32958984375,-0.8544921875,-0.2685546875,0.8544921875,-0.634765625,0.18310546875,-0.23193359375,0.146484375,-0.57373046875,-0.7568359375,0.47607421875,-0.20751953125,-0.18310546875,-0.48828125,0.06103515625,-0.23193359375,0.09765625,-0.62255859375,0.8544921875,-0.4150390625,-0.30517578125,0.6591796875,-0.5859375,2.06298828125,-1.4404296875,4.43115234375,-0.32958984375,7.82470703125,1.62353515625,2.63671875,-0.18310546875,0.68359375,0.1220703125,0.6103515625,0.10986328125,0.67138671875,-0.3662109375,0.47607421875,15.58837890625,18.12744140625,-4.5166015625,1.01318359375,0.01220703125,0.23193359375,0.341796875,0.244140625,0.244140625,0.2197265625,-0.10986328125,0.69580078125,0.048828125,-0.03662109375,0.2685546875,1.2451171875,0.89111328125,-0.72021484375,0.2685546875,-0.4150390625,-3.1494140625,-0.50048828125,14.404296875,3.57666015625,-0.9033203125,-1.416015625,-0.48828125,0,-0.06103515625,-0.18310546875,-0.06103515625,-1.025390625,0.0732421875,-0.68359375,0.03662109375,-0.6103515625,-0.32958984375,-0.68359375,-0.0732421875,0.03662109375,-0.18310546875,0.47607421875,0,-0.2685546875,-0.048828125,-0.048828125,-0.10986328125,1.84326171875,-0.18310546875,0.42724609375,0.06103515625,0.03662109375,-0.0732421875,0.06103515625,-0.1220703125,0.10986328125,0.08544921875,2.94189453125,0.0732421875,2.79541015625,-0.08544921875,1.46484375,-0.4150390625,9.5947265625
1,0.1220703125,-0.37841796875,-0.15869140625,-0.2685546875,-0.45166015625,-0.25634765625,-0.13427734375,0.03662109375,-0.09765625,-0.28076171875,-0.03662109375,-0.96435546875,-0.23193359375,0.86669921875,-0.15869140625,-0.29296875,0.048828125,-0.732421875,-0.64697265625,0.1953125,0.20751953125,1.07421875,-0.146484375,-0.72021484375,-0.08544921875,-0.2685546875,-0.32958984375,-0.84228515625,-0.13427734375,0.86669921875,-0.72021484375,0.20751953125,-0.18310546875,0.146484375,-0.48828125,-0.76904296875,0.87890625,-0.1220703125,-0.146484375,-0.3662109375,-0.0244140625,-0.20751953125,0.048828125,-0.634765625,0.76904296875,-0.439453125,-0.20751953125,0.67138671875,-0.67138671875,2.13623046875,-1.18408203125,4.65087890625,-0.98876953125,7.4462890625,1.5869140625,3.11279296875,-0.32958984375,0.7080078125,0.23193359375,0.59814453125,0.2197265625,0.67138671875,-0.35400390625,0.50048828125,15.380859375,17.48046875,-4.04052734375,0.927734375,0.18310546875,0.25634765625,0.6103515625,0.2685546875,0.2197265625,0.20751953125,-0.048828125,0.7568359375,0.03662109375,-0.03662109375,0.4150390625,1.23291015625,1.03759765625,-0.62255859375,0.23193359375,-0.40283203125,-4.35791015625,-0.4150390625,13.18359375,3.62548828125,-0.87890625,-1.35498046875,-0.6103515625,0.0244140625,0,-0.13427734375,-0.0732421875,-1.03759765625,0.03662109375,-0.68359375,0.0732421875,-0.62255859375,-0.35400390625,-0.68359375,-0.08544921875,0.03662109375,-0.18310546875,0.4150390625,0.0244140625,-0.37841796875,-0.048828125,-0.10986328125,-0.09765625,1.806640625,-0.13427734375,0.42724609375,0.06103515625,0.01220703125,-0.048828125,0.06103515625,-0.0732421875,0.09765625,0,2.69775390625,0.08544921875,2.60009765625,-0.146484375,1.28173828125,-0.47607421875,8.72802734375
1,0.1220703125,-0.37841796875,-0.341796875,-0.28076171875,-0.40283203125,-0.3173828125,-0.25634765625,0.03662109375,-0.048828125,-0.28076171875,-0.18310546875,-0.96435546875,-0.30517578125,0.87890625,-0.1708984375,-0.30517578125,0.1220703125,-0.84228515625,-0.64697265625,-0.15869140625,0.3662109375,0.98876953125,-0.20751953125,-0.8056640625,-0.0732421875,-0.244140625,-0.3173828125,-0.8544921875,0.0244140625,0.87890625,-0.79345703125,0.1953125,0,0.15869140625,-0.42724609375,-0.78125,1.23291015625,-0.06103515625,0.13427734375,-0.244140625,-0.15869140625,-0.1953125,-0.0244140625,-0.634765625,0.68359375,-0.45166015625,-0.0732421875,0.6591796875,-0.634765625,2.3193359375,-0.927734375,4.79736328125,-1.64794921875,7.14111328125,1.84326171875,3.77197265625,-0.48828125,0.72021484375,0.30517578125,0.6103515625,0.28076171875,0.7080078125,-0.2685546875,0.47607421875,15.380859375,16.2353515625,-3.6865234375,0.93994140625,0.40283203125,0.244140625,0.830078125,0.29296875,0.23193359375,0.18310546875,0.06103515625,0.87890625,0.0732421875,-0.01220703125,0.439453125,1.23291015625,1.0009765625,-0.5126953125,0.30517578125,-0.37841796875,-4.57763671875,-0.341796875,11.3525390625,3.6376953125,-0.7568359375,-1.26953125,-0.6591796875,0.01220703125,0.03662109375,-0.1220703125,0,-1.025390625,0,-0.72021484375,0.09765625,-0.6103515625,-0.390625,-0.68359375,-0.09765625,0.03662109375,-0.15869140625,0.29296875,-0.01220703125,-0.5859375,-0.048828125,-0.20751953125,-0.08544921875,1.66015625,-0.08544921875,0.42724609375,0.08544921875,0.0244140625,-0.06103515625,0.06103515625,-0.048828125,0.09765625,-0.06103515625,2.392578125,0.0732421875,2.38037109375,-0.1953125,1.0498046875,-0.537109375,7.70263671875
1,0.10986328125,-0.390625,-0.439453125,-0.28076171875,-0.25634765625,-0.32958984375,-0.2197265625,0.0244140625,0.01220703125,-0.2685546875,-0.35400390625,-0.9521484375,-0.35400390625,0.86669921875,-0.20751953125,-0.3173828125,0.1708984375,-0.96435546875,-0.64697265625,-0.50048828125,0.3662109375,0.86669921875,-0.32958984375,-0.87890625,0,-0.23193359375,-0.23193359375,-0.8544921875,0.18310546875,0.87890625,-0.76904296875,0.20751953125,0.20751953125,0.146484375,-0.341796875,-0.76904296875,1.3427734375,0,0.30517578125,-0.18310546875,-0.18310546875,-0.20751953125,-0.01220703125,-0.6103515625,0.67138671875,-0.439453125,0.10986328125,0.634765625,-0.537109375,2.6611328125,-1.220703125,4.931640625,-2.4169921875,7.01904296875,1.5625,4.4677734375,-0.57373046875,0.732421875,0.37841796875,0.59814453125,0.30517578125,0.74462890625,-0.35400390625,0.439453125,15.02685546875,14.41650390625,-2.91748046875,1.06201171875,0.5859375,0.25634765625,0.76904296875,0.32958984375,0.244140625,0.1708984375,0.08544921875,0.9521484375,0.09765625,-0.01220703125,0.40283203125,1.20849609375,0.87890625,-0.42724609375,0.62255859375,-0.37841796875,-3.94287109375,-0.244140625,9.3994140625,3.57666015625,-0.74462890625,-1.20849609375,-0.5615234375,0.03662109375,0.06103515625,-0.09765625,0.09765625,-1.03759765625,-0.048828125,-0.732421875,0.09765625,-0.59814453125,-0.42724609375,-0.68359375,-0.06103515625,0.048828125,-0.10986328125,0.10986328125,-0.13427734375,-0.84228515625,-0.048828125,-0.341796875,-0.08544921875,1.46484375,-0.048828125,0.390625,0.06103515625,0.01220703125,-0.048828125,0.06103515625,-0.03662109375,0.09765625,-0.09765625,2.08740234375,0,2.16064453125,-0.23193359375,0.8056640625,-0.5615234375,6.6162109375
1,0.0732421875,-0.35400390625,-0.52490234375,-0.29296875,0.0244140625,-0.32958984375,-0.048828125,-0.01220703125,0.13427734375,-0.2685546875,-0.50048828125,-0.9521484375,-0.4150390625,0.89111328125,-0.244140625,-0.3173828125,0.23193359375,-1.03759765625,-0.6591796875,-0.8056640625,0.01220703125,0.76904296875,-0.25634765625,-0.9033203125,0.01220703125,-0.2197265625,-0.20751953125,-0.86669921875,0.341796875,0.89111328125,-0.76904296875,0.20751953125,0.30517578125,0.13427734375,-0.28076171875,-0.79345703125,1.37939453125,0,0.29296875,-0.146484375,-0.1953125,-0.23193359375,0,-0.62255859375,0.732421875,-0.439453125,0.28076171875,0.634765625,-0.47607421875,3.13720703125,-1.59912109375,5.1025390625,-3.11279296875,7.177734375,1.4892578125,5.13916015625,-0.634765625,0.74462890625,0.47607421875,0.57373046875,0.3173828125,0.8056640625,-0.20751953125,0.37841796875,14.09912109375,12.1337890625,-2.42919921875,1.26953125,0.68359375,0.244140625,0.52490234375,0.32958984375,0.2197265625,0.18310546875,0.0732421875,1.0498046875,0.10986328125,-0.01220703125,0.32958984375,1.20849609375,0.4150390625,-0.341796875,0.7568359375,-0.37841796875,-3.3447265625,-0.18310546875,8.69140625,3.4423828125,-0.634765625,-1.171875,-0.59814453125,0.01220703125,0.01220703125,-0.10986328125,0.23193359375,-1.0498046875,-0.06103515625,-0.72021484375,0.146484375,-0.62255859375,-0.45166015625,-0.67138671875,-0.03662109375,0.0244140625,-0.08544921875,-0.0732421875,-0.18310546875,-1.11083984375,0,-0.4638671875,-0.08544921875,1.2939453125,0.0244140625,0.3662109375,0.10986328125,0.01220703125,-0.048828125,0.06103515625,-0.0244140625,0.0732421875,-0.146484375,1.7578125,0,1.91650390625,-0.28076171875,0.57373046875,-0.59814453125,5.5908203125
