Rotating speed,Vibration of bearing in position 1 of car 1,Shock of bearing in position 1 of car 1,Vibration of bearing in position 2 of car 1,Shock of bearing in position 2 of car 1,Vibration of bearing in position 3 of car 1,Shock of bearing in position 3 of car 1,Vibration of bearing in position 4 of car 1,Shock of bearing in position 4 of car 1,Vibration of bearing in position 5 of car 1,Shock of bearing in position 5 of car 1,Vibration of bearing in position 6 of car 1,Shock of bearing in position 6 of car 1,Vibration of bearing in position 7 of car 1,Shock of bearing in position 7 of car 1,Vibration of bearing in position 8 of car 1,Shock of bearing in position 8 of car 1,Vibration of bearing in position 1 of car 2,Shock of bearing in position 1 of car 2,Vibration of bearing in position 2 of car 2,Shock of bearing in position 2 of car 2,Vibration of bearing in position 3 of car 2,Shock of bearing in position 3 of car 2,Vibration of bearing in position 4 of car 2,Shock of bearing in position 4 of car 2,Vibration of bearing in position 5 of car 2,Shock of bearing in position 5 of car 2,Vibration of bearing in position 6 of car 2,Shock of bearing in position 6 of car 2,Vibration of bearing in position 7 of car 2,Shock of bearing in position 7 of car 2,Vibration of bearing in position 8 of car 2,Shock of bearing in position 8 of car 2,Vibration of bearing in position 1 of car 3,Shock of bearing in position 1 of car 3,Vibration of bearing in position 2 of car 3,Shock of bearing in position 2 of car 3,Vibration of bearing in position 3 of car 3,Shock of bearing in position 3 of car 3,Vibration of bearing in position 4 of car 3,Shock of bearing in position 4 of car 3,Vibration of bearing in position 5 of car 3,Shock of bearing in position 5 of car 3,Vibration of bearing in position 6 of car 3,Shock of bearing in position 6 of car 3,Vibration of bearing in position 7 of car 3,Shock of bearing in position 7 of car 3,Vibration of bearing in position 8 of car 3,Shock of bearing in position 8 of car 3,Vibration of bearing in position 1 of car 4,Shock of bearing in position 1 of car 4,Vibration of bearing in position 2 of car 4,Shock of bearing in position 2 of car 4,Vibration of bearing in position 3 of car 4,Shock of bearing in position 3 of car 4,Vibration of bearing in position 4 of car 4,Shock of bearing in position 4 of car 4,Vibration of bearing in position 5 of car 4,Shock of bearing in position 5 of car 4,Vibration of bearing in position 6 of car 4,Shock of bearing in position 6 of car 4,Vibration of bearing in position 7 of car 4,Shock of bearing in position 7 of car 4,Vibration of bearing in position 8 of car 4,Shock of bearing in position 8 of car 4,Vibration of bearing in position 1 of car 5,Shock of bearing in position 1 of car 5,Vibration of bearing in position 2 of car 5,Shock of bearing in position 2 of car 5,Vibration of bearing in position 3 of car 5,Shock of bearing in position 3 of car 5,Vibration of bearing in position 4 of car 5,Shock of bearing in position 4 of car 5,Vibration of bearing in position 5 of car 5,Shock of bearing in position 5 of car 5,Vibration of bearing in position 6 of car 5,Shock of bearing in position 6 of car 5,Vibration of bearing in position 7 of car 5,Shock of bearing in position 7 of car 5,Vibration of bearing in position 8 of car 5,Shock of bearing in position 8 of car 5,Vibration of bearing in position 1 of car 6,Shock of bearing in position 1 of car 6,Vibration of bearing in position 2 of car 6,Shock of bearing in position 2 of car 6,Vibration of bearing in position 3 of car 6,Shock of bearing in position 3 of car 6,Vibration of bearing in position 4 of car 6,Shock of bearing in position 4 of car 6,Vibration of bearing in position 5 of car 6,Shock of bearing in position 5 of car 6,Vibration of bearing in position 6 of car 6,Shock of bearing in position 6 of car 6,Vibration of bearing in position 7 of car 6,Shock of bearing in position 7 of car 6,Vibration of bearing in position 8 of car 6,Shock of bearing in position 8 of car 6,Vibration of bearing in position 1 of car 7,Shock of bearing in position 1 of car 7,Vibration of bearing in position 2 of car 7,Shock of bearing in position 2 of car 7,Vibration of bearing in position 3 of car 7,Shock of bearing in position 3 of car 7,Vibration of bearing in position 4 of car 7,Shock of bearing in position 4 of car 7,Vibration of bearing in position 5 of car 7,Shock of bearing in position 5 of car 7,Vibration of bearing in position 6 of car 7,Shock of bearing in position 6 of car 7,Vibration of bearing in position 7 of car 7,Shock of bearing in position 7 of car 7,Vibration of bearing in position 8 of car 7,Shock of bearing in position 8 of car 7,Vibration of bearing in position 1 of car 8,Shock of bearing in position 1 of car 8,Vibration of bearing in position 2 of car 8,Shock of bearing in position 2 of car 8,Vibration of bearing in position 3 of car 8,Shock of bearing in position 3 of car 8,Vibration of bearing in position 4 of car 8,Shock of bearing in position 4 of car 8,Vibration of bearing in position 5 of car 8,Shock of bearing in position 5 of car 8,Vibration of bearing in position 6 of car 8,Shock of bearing in position 6 of car 8,Vibration of bearing in position 7 of car 8,Shock of bearing in position 7 of car 8,Vibration of bearing in position 8 of car 8,Shock of bearing in position 8 of car 8
0,-0.03662109375,-0.47607421875,-0.048828125,-0.5859375,-0.01220703125,-0.57373046875,0,-0.40283203125,0.13427734375,3.91845703125,-0.06103515625,5.38330078125,-0.01220703125,4.82177734375,-0.0732421875,4.69970703125,0.42724609375,-0.439453125,0.146484375,-0.2197265625,-0.25634765625,0.8056640625,0.1708984375,-0.68359375,0.1708984375,-0.146484375,0.10986328125,-0.74462890625,-0.0244140625,0.96435546875,-0.1708984375,0.32958984375,-0.18310546875,-0.3173828125,-0.0732421875,-0.81787109375,0.13427734375,-0.37841796875,-0.35400390625,-0.69580078125,0.09765625,0.06103515625,-0.15869140625,-0.4638671875,-0.23193359375,-0.0732421875,-0.01220703125,1.1962890625,-0.1953125,1.1474609375,-0.13427734375,0.48828125,0.048828125,-0.20751953125,-0.2685546875,0.732421875,-0.2197265625,0.67138671875,0,0.439453125,0.09765625,0.439453125,-0.01220703125,0.18310546875,-0.01220703125,0.30517578125,0.09765625,1.0498046875,0.048828125,0.2197265625,-0.18310546875,0.20751953125,-0.13427734375,0.439453125,0.2197265625,1.03759765625,-0.03662109375,0,0.5126953125,1.611328125,-0.20751953125,-0.8544921875,0.1953125,-0.341796875,-0.09765625,-0.96435546875,0.03662109375,-0.76904296875,-0.13427734375,-1.40380859375,-0.13427734375,-0.1708984375,0.06103515625,-0.2685546875,0.1220703125,-1.2451171875,-0.10986328125,-0.7568359375,0.15869140625,-0.6591796875,-0.30517578125,-0.67138671875,0,-0.06103515625,-0.1708984375,-0.69580078125,-0.0244140625,-1.37939453125,-0.25634765625,-0.96435546875,-0.15869140625,0.45166015625,-0.06103515625,1.513671875,0,1.1474609375,-0.06103515625,0.7080078125,0.23193359375,2.5634765625,-0.15869140625,0.0732421875,-0.06103515625,0.87890625,-0.18310546875,-0.4638671875,-0.2197265625,-0.4150390625
0,-0.03662109375,-0.47607421875,-0.03662109375,-0.5615234375,-0.01220703125,-0.5615234375,0,-0.42724609375,0.09765625,3.564453125,-0.09765625,4.736328125,0,4.4677734375,-0.0732421875,4.23583984375,0.30517578125,-0.48828125,0.146484375,-0.23193359375,-0.28076171875,0.79345703125,0.15869140625,-0.68359375,0.09765625,-0.13427734375,0.10986328125,-0.7568359375,-0.03662109375,0.96435546875,-0.146484375,0.32958984375,-0.146484375,-0.3173828125,-0.06103515625,-0.8056640625,0.13427734375,-0.390625,-0.32958984375,-0.69580078125,0.13427734375,-0.01220703125,-0.03662109375,-0.537109375,-0.23193359375,-0.10986328125,0.01220703125,1.13525390625,-0.2197265625,1.15966796875,-0.146484375,0.47607421875,0.0244140625,-0.18310546875,-0.25634765625,0.732421875,-0.20751953125,0.68359375,-0.01220703125,0.4638671875,0.06103515625,0.45166015625,0,0.1953125,-0.01220703125,0.28076171875,0.08544921875,1.0498046875,0.06103515625,0.2197265625,-0.20751953125,0.20751953125,-0.146484375,0.3662109375,0.1708984375,0.9765625,-0.08544921875,-0.03662109375,0.48828125,1.3671875,-0.15869140625,-1.025390625,0.20751953125,-0.40283203125,-0.10986328125,-1.01318359375,0.0244140625,-0.8544921875,-0.13427734375,-1.40380859375,-0.13427734375,-0.1708984375,0.0732421875,-0.25634765625,0.1220703125,-1.23291015625,-0.08544921875,-0.7568359375,0.13427734375,-0.6591796875,-0.341796875,-0.6591796875,-0.0244140625,-0.03662109375,-0.146484375,-0.69580078125,-0.01220703125,-1.3671875,-0.244140625,-0.9765625,-0.13427734375,0.4638671875,-0.08544921875,2.1484375,-0.01220703125,1.77001953125,-0.0732421875,1.220703125,0.08544921875,3.8330078125,-0.15869140625,0.048828125,-0.09765625,0.9033203125,-0.1708984375,-0.45166015625,-0.244140625,-0.4150390625
0,-0.01220703125,-0.50048828125,-0.06103515625,-0.57373046875,-0.01220703125,-0.5859375,-0.01220703125,-0.40283203125,0.08544921875,3.28369140625,-0.1220703125,4.19921875,0,4.150390625,-0.06103515625,3.8330078125,0.244140625,-0.5126953125,0.15869140625,-0.244140625,-0.25634765625,0.79345703125,0.15869140625,-0.67138671875,0.06103515625,-0.146484375,0.08544921875,-0.7568359375,-0.01220703125,0.9765625,-0.1220703125,0.32958984375,-0.15869140625,-0.29296875,-0.048828125,-0.8056640625,0.146484375,-0.390625,-0.3173828125,-0.69580078125,0.10986328125,-0.1220703125,0.01220703125,-0.6103515625,-0.23193359375,-0.1708984375,0,1.01318359375,-0.244140625,1.18408203125,-0.13427734375,0.48828125,0.03662109375,-0.15869140625,-0.25634765625,0.74462890625,-0.2197265625,0.6591796875,0.0244140625,0.45166015625,0.03662109375,0.4638671875,0.048828125,0.1953125,-0.0244140625,0.2685546875,0.1220703125,1.03759765625,0.0732421875,0.23193359375,-0.2197265625,0.20751953125,-0.15869140625,0.3173828125,0.1953125,0.9521484375,-0.0732421875,-0.08544921875,0.5126953125,1.11083984375,-0.20751953125,-1.25732421875,0.23193359375,-0.4638671875,-0.1220703125,-1.06201171875,0.03662109375,-0.91552734375,-0.1220703125,-1.3916015625,-0.1220703125,-0.1708984375,0.0732421875,-0.30517578125,0.1220703125,-1.2451171875,-0.06103515625,-0.76904296875,0.10986328125,-0.67138671875,-0.3662109375,-0.6591796875,0.01220703125,-0.03662109375,-0.146484375,-0.68359375,0.01220703125,-1.37939453125,-0.2685546875,-0.9765625,-0.1220703125,0.4638671875,-0.09765625,2.99072265625,-0.01220703125,2.6123046875,-0.09765625,1.8310546875,0.1220703125,5.33447265625,-0.15869140625,0.0244140625,-0.10986328125,0.86669921875,-0.13427734375,-0.45166015625,-0.28076171875,-0.4150390625
0,-0.01220703125,-0.537109375,-0.06103515625,-0.52490234375,-0.01220703125,-0.59814453125,-0.01220703125,-0.390625,0.0732421875,3.02734375,-0.13427734375,3.79638671875,0.01220703125,3.89404296875,-0.08544921875,3.57666015625,0.18310546875,-0.5126953125,0.15869140625,-0.244140625,-0.25634765625,0.8056640625,0.1708984375,-0.68359375,0.01220703125,-0.146484375,0.06103515625,-0.732421875,0.01220703125,0.96435546875,-0.1220703125,0.3173828125,-0.13427734375,-0.29296875,-0.048828125,-0.8056640625,0.146484375,-0.40283203125,-0.29296875,-0.7080078125,0.1220703125,-0.20751953125,0.06103515625,-0.62255859375,-0.244140625,-0.20751953125,0.01220703125,0.91552734375,-0.28076171875,1.18408203125,-0.1220703125,0.48828125,0.048828125,-0.146484375,-0.25634765625,0.74462890625,-0.1953125,0.67138671875,0,0.45166015625,0.0244140625,0.4638671875,0.06103515625,0.20751953125,-0.01220703125,0.25634765625,0.10986328125,1.03759765625,0.09765625,0.244140625,-0.2197265625,0.20751953125,-0.1220703125,0.28076171875,0.244140625,0.98876953125,0.01220703125,-0.10986328125,0.59814453125,0.89111328125,-0.18310546875,-1.42822265625,0.2685546875,-0.537109375,-0.1220703125,-1.123046875,0.06103515625,-0.9521484375,-0.146484375,-1.3916015625,-0.10986328125,-0.1708984375,0.09765625,-0.29296875,0.146484375,-1.25732421875,-0.048828125,-0.79345703125,0.09765625,-0.67138671875,-0.3662109375,-0.64697265625,0,-0.048828125,-0.1220703125,-0.68359375,0.01220703125,-1.3671875,-0.29296875,-0.98876953125,-0.1220703125,0.45166015625,-0.06103515625,3.91845703125,0.0244140625,3.61328125,-0.06103515625,2.5390625,0.10986328125,6.982421875,-0.146484375,0.048828125,-0.13427734375,0.89111328125,-0.10986328125,-0.47607421875,-0.341796875,-0.42724609375
0,0,-0.54931640625,-0.08544921875,-0.537109375,0,-0.59814453125,-0.0244140625,-0.37841796875,0.03662109375,2.8564453125,-0.146484375,3.57666015625,-0.01220703125,3.72314453125,-0.09765625,3.38134765625,0.15869140625,-0.5126953125,0.1953125,-0.2197265625,-0.25634765625,0.81787109375,0.18310546875,-0.64697265625,-0.03662109375,-0.146484375,0.06103515625,-0.7568359375,0.0244140625,0.9521484375,-0.10986328125,0.29296875,-0.146484375,-0.2685546875,-0.048828125,-0.78125,0.15869140625,-0.40283203125,-0.28076171875,-0.7080078125,0.13427734375,-0.244140625,0.03662109375,-0.52490234375,-0.23193359375,-0.2197265625,0.03662109375,0.84228515625,-0.29296875,1.20849609375,-0.10986328125,0.47607421875,0.06103515625,-0.13427734375,-0.25634765625,0.732421875,-0.1708984375,0.6591796875,0.01220703125,0.42724609375,0.01220703125,0.4638671875,0.06103515625,0.1708984375,-0.0244140625,0.244140625,0.09765625,1.03759765625,0.13427734375,0.25634765625,-0.23193359375,0.1953125,-0.13427734375,0.35400390625,0.1953125,1.03759765625,-0.01220703125,-0.09765625,0.6103515625,0.78125,-0.23193359375,-1.5869140625,0.2197265625,-0.5615234375,-0.1708984375,-1.15966796875,0.01220703125,-0.9765625,-0.146484375,-1.40380859375,-0.09765625,-0.1953125,0.09765625,-0.28076171875,0.1220703125,-1.2451171875,-0.01220703125,-0.78125,0.06103515625,-0.69580078125,-0.390625,-0.6591796875,0,-0.0732421875,-0.13427734375,-0.6591796875,0.01220703125,-1.37939453125,-0.3173828125,-0.9765625,-0.09765625,0.439453125,-0.08544921875,4.931640625,0,4.69970703125,-0.08544921875,3.30810546875,-0.0244140625,8.65478515625,-0.1708984375,0.0732421875,-0.13427734375,0.9033203125,-0.06103515625,-0.45166015625,-0.3662109375,-0.4150390625
0,-0.01220703125,-0.52490234375,-0.0732421875,-0.52490234375,0.01220703125,-0.62255859375,-0.0244140625,-0.3662109375,0.0244140625,2.734375,-0.146484375,3.43017578125,-0.0244140625,3.6376953125,-0.09765625,3.25927734375,0.08544921875,-0.5126953125,0.1953125,-0.20751953125,-0.28076171875,0.79345703125,0.1708984375,-0.6591796875,-0.06103515625,-0.13427734375,0.06103515625,-0.7568359375,0.0244140625,0.93994140625,-0.09765625,0.29296875,-0.15869140625,-0.23193359375,-0.03662109375,-0.76904296875,0.1708984375,-0.40283203125,-0.2685546875,-0.7080078125,0.10986328125,-0.1953125,0.0244140625,-0.30517578125,-0.244140625,-0.1708984375,0.06103515625,0.89111328125,-0.3173828125,1.20849609375,-0.13427734375,0.47607421875,0.0732421875,-0.13427734375,-0.2685546875,0.72021484375,-0.146484375,0.6591796875,0.01220703125,0.439453125,-0.03662109375,0.47607421875,0.0732421875,0.1953125,-0.048828125,0.244140625,0.08544921875,1.03759765625,0.13427734375,0.2685546875,-0.23193359375,0.1953125,-0.1708984375,0.45166015625,0.1953125,1.11083984375,-0.03662109375,-0.01220703125,0.6591796875,0.8056640625,-0.23193359375,-1.62353515625,0.244140625,-0.5615234375,-0.18310546875,-1.13525390625,0.0244140625,-0.98876953125,-0.13427734375,-1.416015625,-0.10986328125,-0.20751953125,0.10986328125,-0.30517578125,0.13427734375,-1.23291015625,0,-0.74462890625,0.03662109375,-0.69580078125,-0.40283203125,-0.6591796875,0.01220703125,-0.06103515625,-0.1220703125,-0.64697265625,0,-1.3916015625,-0.3173828125,-0.98876953125,-0.08544921875,0.439453125,-0.09765625,5.810546875,0,5.67626953125,-0.0732421875,4.01611328125,0.0732421875,10.16845703125,-0.15869140625,0.1220703125,-0.146484375,0.9033203125,-0.0732421875,-0.40283203125,-0.4150390625,-0.439453125
0,-0.03662109375,-0.537109375,-0.0732421875,-0.52490234375,0.0244140625,-0.6103515625,-0.0244140625,-0.35400390625,0,2.62451171875,-0.08544921875,3.3447265625,-0.048828125,3.5888671875,-0.10986328125,3.1494140625,-0.0244140625,-0.50048828125,0.2197265625,-0.18310546875,-0.2685546875,0.79345703125,0.18310546875,-0.6591796875,-0.10986328125,-0.1220703125,0.03662109375,-0.74462890625,0.048828125,0.93994140625,-0.08544921875,0.29296875,-0.1708984375,-0.23193359375,-0.03662109375,-0.78125,0.20751953125,-0.390625,-0.2685546875,-0.7080078125,0.146484375,-0.01220703125,0.048828125,0.06103515625,-0.2197265625,-0.03662109375,0.08544921875,1.06201171875,-0.3173828125,1.1962890625,-0.09765625,0.4638671875,0.08544921875,-0.13427734375,-0.244140625,0.72021484375,-0.1220703125,0.634765625,0,0.439453125,-0.03662109375,0.4638671875,0.048828125,0.18310546875,-0.048828125,0.23193359375,0.08544921875,1.0498046875,0.1220703125,0.2685546875,-0.2197265625,0.20751953125,-0.146484375,0.6103515625,0.1953125,1.18408203125,0,0.08544921875,0.69580078125,0.96435546875,-0.1953125,-1.59912109375,0.2685546875,-0.537109375,-0.1708984375,-1.123046875,0.0244140625,-0.93994140625,-0.1220703125,-1.40380859375,-0.09765625,-0.20751953125,0.10986328125,-0.29296875,0.10986328125,-1.20849609375,0.0244140625,-0.7568359375,0.0244140625,-0.67138671875,-0.40283203125,-0.64697265625,-0.01220703125,-0.06103515625,-0.10986328125,-0.634765625,-0.0244140625,-1.40380859375,-0.341796875,-0.98876953125,-0.048828125,0.4150390625,-0.048828125,6.48193359375,0.0244140625,6.45751953125,-0.0732421875,4.5654296875,0.1708984375,11.36474609375,-0.13427734375,0.13427734375,-0.18310546875,0.9033203125,-0.0244140625,-0.3662109375,-0.4150390625,-0.439453125
0,-0.03662109375,-0.52490234375,-0.08544921875,-0.52490234375,0.01220703125,-0.634765625,-0.03662109375,-0.35400390625,-0.0244140625,2.490234375,-0.01220703125,3.1982421875,-0.06103515625,3.4912109375,-0.1220703125,3.01513671875,-0.08544921875,-0.47607421875,0.23193359375,-0.18310546875,-0.25634765625,0.8056640625,0.15869140625,-0.64697265625,-0.15869140625,-0.13427734375,0.0244140625,-0.74462890625,0.03662109375,0.93994140625,-0.08544921875,0.29296875,-0.146484375,-0.23193359375,-0.06103515625,-0.79345703125,0.244140625,-0.40283203125,-0.29296875,-0.68359375,0.1220703125,0.2197265625,0,0.57373046875,-0.23193359375,0.146484375,0.048828125,1.30615234375,-0.3662109375,1.1962890625,-0.09765625,0.45166015625,0.06103515625,-0.146484375,-0.2197265625,0.732421875,-0.09765625,0.634765625,0,0.45166015625,-0.048828125,0.47607421875,0.048828125,0.1708984375,-0.048828125,0.28076171875,0.06103515625,1.07421875,0.13427734375,0.2685546875,-0.2197265625,0.1953125,-0.146484375,0.78125,0.1953125,1.28173828125,0,0.23193359375,0.72021484375,1.220703125,-0.2685546875,-1.4892578125,0.25634765625,-0.4638671875,-0.20751953125,-1.0986328125,-0.048828125,-0.89111328125,-0.08544921875,-1.416015625,-0.08544921875,-0.20751953125,0.1220703125,-0.29296875,0.09765625,-1.20849609375,0.0244140625,-0.74462890625,0.01220703125,-0.6591796875,-0.4150390625,-0.6591796875,-0.01220703125,-0.0732421875,-0.1220703125,-0.64697265625,0,-1.40380859375,-0.341796875,-1.0009765625,-0.01220703125,0.4150390625,-0.0244140625,6.8359375,0.03662109375,6.9580078125,-0.0732421875,4.8095703125,0.18310546875,12.109375,-0.13427734375,0.10986328125,-0.1708984375,0.84228515625,-0.0244140625,-0.439453125,-0.439453125,-0.4638671875
0,-0.048828125,-0.52490234375,-0.08544921875,-0.537109375,0.0244140625,-0.634765625,-0.048828125,-0.3662109375,-0.0244140625,2.294921875,0.08544921875,2.91748046875,-0.06103515625,3.35693359375,-0.10986328125,2.8076171875,-0.146484375,-0.50048828125,0.244140625,-0.1708984375,-0.23193359375,0.81787109375,0.13427734375,-0.67138671875,-0.1708984375,-0.13427734375,-0.0244140625,-0.76904296875,0.03662109375,0.93994140625,-0.048828125,0.28076171875,-0.146484375,-0.23193359375,-0.08544921875,-0.81787109375,0.2685546875,-0.390625,-0.28076171875,-0.69580078125,0.146484375,0.54931640625,-0.03662109375,1.23291015625,-0.20751953125,0.42724609375,0.0732421875,1.69677734375,-0.3662109375,1.18408203125,-0.08544921875,0.4638671875,0.0732421875,-0.146484375,-0.244140625,0.74462890625,-0.09765625,0.634765625,0,0.4638671875,-0.0732421875,0.47607421875,0.048828125,0.146484375,-0.03662109375,0.29296875,0.03662109375,1.07421875,0.15869140625,0.2685546875,-0.23193359375,0.2197265625,-0.15869140625,0.9521484375,0.18310546875,1.318359375,0.048828125,0.35400390625,0.72021484375,1.4892578125,-0.28076171875,-1.3427734375,0.29296875,-0.40283203125,-0.2197265625,-1.025390625,-0.0244140625,-0.84228515625,-0.0732421875,-1.45263671875,-0.06103515625,-0.20751953125,0.1220703125,-0.28076171875,0.048828125,-1.18408203125,0.03662109375,-0.7568359375,0.01220703125,-0.6591796875,-0.4150390625,-0.64697265625,-0.03662109375,-0.0732421875,-0.09765625,-0.6103515625,0,-1.40380859375,-0.341796875,-1.0009765625,0.01220703125,0.40283203125,-0.06103515625,6.9091796875,0.01220703125,7.1533203125,-0.09765625,4.833984375,0.08544921875,12.3779296875,-0.13427734375,0.146484375,-0.18310546875,0.81787109375,-0.048828125,-0.47607421875,-0.42724609375,-0.4638671875
0,-0.03662109375,-0.5126953125,-0.0732421875,-0.54931640625,0.0244140625,-0.634765625,-0.06103515625,-0.3662109375,-0.03662109375,2.05078125,0.10986328125,2.50244140625,-0.0732421875,3.1494140625,-0.08544921875,2.52685546875,-0.1708984375,-0.52490234375,0.23193359375,-0.1708984375,-0.244140625,0.81787109375,0.1220703125,-0.69580078125,-0.1953125,-0.1220703125,-0.06103515625,-0.78125,0.0244140625,0.9765625,-0.0732421875,0.28076171875,-0.15869140625,-0.2685546875,-0.08544921875,-0.81787109375,0.29296875,-0.390625,-0.2685546875,-0.68359375,0.146484375,0.96435546875,-0.15869140625,1.96533203125,-0.20751953125,0.76904296875,0.03662109375,2.2216796875,-0.341796875,1.1962890625,-0.0732421875,0.45166015625,0.08544921875,-0.146484375,-0.23193359375,0.74462890625,-0.0732421875,0.64697265625,0,0.45166015625,-0.0732421875,0.45166015625,0.048828125,0.15869140625,-0.01220703125,0.29296875,0.0244140625,1.07421875,0.1953125,0.2685546875,-0.23193359375,0.2197265625,-0.1708984375,1.07421875,0.1708984375,1.318359375,0.06103515625,0.45166015625,0.69580078125,1.7578125,-0.30517578125,-1.171875,0.29296875,-0.3173828125,-0.23193359375,-0.98876953125,-0.03662109375,-0.76904296875,-0.0732421875,-1.46484375,-0.03662109375,-0.20751953125,0.13427734375,-0.28076171875,0.0244140625,-1.18408203125,0.0732421875,-0.7568359375,0,-0.6591796875,-0.4150390625,-0.634765625,-0.06103515625,-0.08544921875,-0.09765625,-0.634765625,-0.01220703125,-1.3916015625,-0.32958984375,-1.025390625,0.03662109375,0.4150390625,-0.0244140625,6.70166015625,0.03662109375,7.0068359375,-0.06103515625,4.6630859375,0.09765625,12.1826171875,-0.1220703125,0.20751953125,-0.1953125,0.84228515625,-0.03662109375,-0.52490234375,-0.4150390625,-0.439453125
0,-0.06103515625,-0.50048828125,-0.06103515625,-0.54931640625,0.03662109375,-0.62255859375,-0.048828125,-0.390625,-0.10986328125,1.72119140625,0.09765625,1.91650390625,-0.1220703125,2.8564453125,-0.13427734375,2.16064453125,-0.1708984375,-0.5859375,0.2197265625,-0.1708984375,-0.244140625,0.79345703125,0.09765625,-0.68359375,-0.20751953125,-0.1220703125,-0.09765625,-0.74462890625,0,0.98876953125,-0.08544921875,0.29296875,-0.18310546875,-0.30517578125,-0.08544921875,-0.830078125,0.29296875,-0.40283203125,-0.2685546875,-0.7080078125,0.1220703125,1.42822265625,-0.10986328125,2.7587890625,-0.1953125,1.123046875,0.0244140625,2.79541015625,-0.341796875,1.18408203125,-0.06103515625,0.4638671875,0.09765625,-0.15869140625,-0.23193359375,0.7568359375,-0.0732421875,0.634765625,-0.01220703125,0.45166015625,-0.08544921875,0.45166015625,0.0244140625,0.1708984375,0,0.30517578125,0,1.08642578125,0.2197265625,0.25634765625,-0.23193359375,0.20751953125,-0.1708984375,1.11083984375,0.1708984375,1.30615234375,0.08544921875,0.50048828125,0.7080078125,1.904296875,-0.35400390625,-1.01318359375,0.30517578125,-0.2197265625,-0.244140625,-0.93994140625,-0.03662109375,-0.7080078125,-0.0732421875,-1.47705078125,-0.03662109375,-0.20751953125,0.13427734375,-0.25634765625,0.03662109375,-1.1962890625,0.0732421875,-0.7568359375,-0.01220703125,-0.67138671875,-0.390625,-0.634765625,-0.06103515625,-0.06103515625,-0.0732421875,-0.634765625,-0.01220703125,-1.3916015625,-0.32958984375,-1.025390625,0.0732421875,0.4150390625,-0.0244140625,6.23779296875,0.0244140625,6.54296875,-0.08544921875,4.296875,0.10986328125,11.51123046875,-0.10986328125,0.18310546875,-0.1953125,0.86669921875,-0.048828125,-0.5126953125,-0.4150390625,-0.439453125
0,-0.0732421875,-0.50048828125,-0.0732421875,-0.57373046875,0.048828125,-0.59814453125,-0.06103515625,-0.390625,-0.10986328125,1.3671875,0.13427734375,1.2451171875,-0.1220703125,2.490234375,-0.09765625,1.72119140625,-0.20751953125,-0.62255859375,0.244140625,-0.18310546875,-0.25634765625,0.830078125,0.10986328125,-0.69580078125,-0.20751953125,-0.1220703125,-0.1220703125,-0.72021484375,-0.01220703125,0.98876953125,-0.09765625,0.3173828125,-0.2197265625,-0.29296875,-0.09765625,-0.830078125,0.3173828125,-0.3662109375,-0.2685546875,-0.69580078125,0.13427734375,1.91650390625,-0.08544921875,3.5888671875,-0.1708984375,1.52587890625,0.048828125,3.41796875,-0.3173828125,1.171875,-0.0732421875,0.47607421875,0.10986328125,-0.146484375,-0.25634765625,0.732421875,-0.0732421875,0.62255859375,-0.0244140625,0.45166015625,-0.0732421875,0.45166015625,0.0244140625,0.18310546875,0.01220703125,0.3173828125,-0.01220703125,1.07421875,0.2197265625,0.25634765625,-0.20751953125,0.20751953125,-0.18310546875,1.07421875,0.146484375,1.2939453125,0.13427734375,0.48828125,0.6591796875,1.94091796875,-0.3662109375,-0.9033203125,0.35400390625,-0.15869140625,-0.244140625,-0.927734375,0,-0.67138671875,-0.048828125,-1.4892578125,-0.048828125,-0.20751953125,0.13427734375,-0.25634765625,0.0244140625,-1.20849609375,0.09765625,-0.76904296875,-0.03662109375,-0.67138671875,-0.4150390625,-0.62255859375,-0.09765625,-0.08544921875,-0.03662109375,-0.634765625,-0.048828125,-1.37939453125,-0.32958984375,-1.01318359375,0.0732421875,0.439453125,-0.03662109375,5.60302734375,-0.01220703125,5.908203125,-0.0732421875,3.79638671875,0.146484375,10.5712890625,-0.09765625,0.15869140625,-0.18310546875,0.8544921875,-0.06103515625,-0.5126953125,-0.40283203125,-0.439453125
0,-0.08544921875,-0.5126953125,-0.06103515625,-0.5859375,0.048828125,-0.5859375,-0.06103515625,-0.390625,-0.13427734375,0.98876953125,0.13427734375,0.5859375,-0.13427734375,2.1484375,-0.1220703125,1.30615234375,-0.2197265625,-0.69580078125,0.23193359375,-0.1953125,-0.23193359375,0.8056640625,0.0732421875,-0.7080078125,-0.2197265625,-0.1220703125,-0.1708984375,-0.72021484375,0,1.0009765625,-0.1220703125,0.3173828125,-0.2197265625,-0.29296875,-0.0732421875,-0.81787109375,0.3173828125,-0.35400390625,-0.28076171875,-0.67138671875,0.15869140625,2.3681640625,-0.10986328125,4.40673828125,-0.15869140625,1.89208984375,0.048828125,4.0283203125,-0.30517578125,1.18408203125,-0.0732421875,0.47607421875,0.09765625,-0.15869140625,-0.25634765625,0.74462890625,-0.08544921875,0.62255859375,-0.03662109375,0.4638671875,-0.08544921875,0.47607421875,0.01220703125,0.18310546875,0.0244140625,0.341796875,-0.01220703125,1.08642578125,0.23193359375,0.2685546875,-0.1953125,0.1953125,-0.1708984375,1.0009765625,0.146484375,1.220703125,0.15869140625,0.4638671875,0.6591796875,1.806640625,-0.37841796875,-0.87890625,0.35400390625,-0.09765625,-0.23193359375,-0.91552734375,-0.03662109375,-0.64697265625,-0.06103515625,-1.50146484375,-0.03662109375,-0.1953125,0.146484375,-0.244140625,-0.01220703125,-1.20849609375,0.09765625,-0.76904296875,-0.06103515625,-0.68359375,-0.390625,-0.634765625,-0.09765625,-0.06103515625,-0.01220703125,-0.634765625,-0.06103515625,-1.3916015625,-0.30517578125,-1.01318359375,0.0732421875,0.45166015625,-0.01220703125,4.94384765625,0.0244140625,5.18798828125,-0.03662109375,3.30810546875,0.146484375,9.48486328125,-0.09765625,0.13427734375,-0.1708984375,0.84228515625,-0.048828125,-0.5126953125,-0.4150390625,-0.439453125
0,-0.09765625,-0.50048828125,-0.048828125,-0.57373046875,0.03662109375,-0.5859375,-0.06103515625,-0.390625,-0.146484375,0.69580078125,0.13427734375,0.03662109375,-0.15869140625,1.8310546875,-0.13427734375,0.9521484375,-0.2197265625,-0.732421875,0.2685546875,-0.1953125,-0.1953125,0.8056640625,0.06103515625,-0.69580078125,-0.23193359375,-0.13427734375,-0.1953125,-0.72021484375,-0.01220703125,1.0009765625,-0.13427734375,0.3173828125,-0.20751953125,-0.29296875,-0.0732421875,-0.79345703125,0.30517578125,-0.35400390625,-0.2685546875,-0.68359375,0.13427734375,2.79541015625,-0.13427734375,5.17578125,-0.13427734375,2.2705078125,0.048828125,4.5654296875,-0.30517578125,1.18408203125,-0.048828125,0.50048828125,0.06103515625,-0.146484375,-0.25634765625,0.7568359375,-0.0732421875,0.634765625,-0.0244140625,0.4638671875,-0.09765625,0.47607421875,0,0.18310546875,0.03662109375,0.32958984375,-0.0244140625,1.08642578125,0.244140625,0.2685546875,-0.18310546875,0.2197265625,-0.18310546875,0.87890625,0.08544921875,1.13525390625,0.18310546875,0.3662109375,0.68359375,1.611328125,-0.390625,-0.86669921875,0.341796875,-0.03662109375,-0.23193359375,-0.91552734375,-0.03662109375,-0.59814453125,-0.03662109375,-1.4892578125,-0.06103515625,-0.2197265625,0.146484375,-0.2685546875,0,-1.25732421875,0.09765625,-0.7568359375,-0.0732421875,-0.67138671875,-0.390625,-0.64697265625,-0.13427734375,-0.06103515625,0,-0.64697265625,-0.048828125,-1.37939453125,-0.29296875,-0.98876953125,0.0732421875,0.47607421875,-0.03662109375,4.35791015625,0.01220703125,4.4921875,-0.06103515625,2.8564453125,0.01220703125,8.41064453125,-0.08544921875,0.06103515625,-0.1708984375,0.84228515625,-0.03662109375,-0.50048828125,-0.4150390625,-0.439453125
0,-0.09765625,-0.537109375,-0.03662109375,-0.5615234375,0.03662109375,-0.59814453125,-0.03662109375,-0.37841796875,-0.146484375,0.537109375,0.0732421875,-0.25634765625,-0.146484375,1.67236328125,-0.09765625,0.7568359375,-0.28076171875,-0.74462890625,0.25634765625,-0.1953125,-0.1953125,0.81787109375,0.0244140625,-0.68359375,-0.20751953125,-0.10986328125,-0.244140625,-0.72021484375,-0.01220703125,0.98876953125,-0.146484375,0.3173828125,-0.23193359375,-0.25634765625,-0.06103515625,-0.79345703125,0.30517578125,-0.341796875,-0.2685546875,-0.67138671875,0.1220703125,3.13720703125,-0.23193359375,5.908203125,-0.13427734375,2.6123046875,0.0244140625,5.029296875,-0.28076171875,1.18408203125,-0.03662109375,0.47607421875,0.06103515625,-0.18310546875,-0.244140625,0.7568359375,-0.09765625,0.64697265625,-0.01220703125,0.4638671875,-0.0732421875,0.48828125,0,0.15869140625,0.048828125,0.35400390625,-0.03662109375,1.06201171875,0.25634765625,0.25634765625,-0.1708984375,0.2197265625,-0.1953125,0.72021484375,0.0732421875,1.0986328125,0.2197265625,0.3173828125,0.6103515625,1.35498046875,-0.390625,-0.87890625,0.35400390625,0,-0.244140625,-0.93994140625,-0.0244140625,-0.5859375,-0.0244140625,-1.47705078125,-0.06103515625,-0.20751953125,0.1220703125,-0.244140625,0,-1.2451171875,0.09765625,-0.7568359375,-0.0732421875,-0.69580078125,-0.390625,-0.64697265625,-0.15869140625,-0.0732421875,0.01220703125,-0.634765625,-0.048828125,-1.3916015625,-0.25634765625,-0.98876953125,0.0732421875,0.47607421875,-0.03662109375,3.89404296875,0.01220703125,3.9306640625,-0.06103515625,2.52685546875,-0.0732421875,7.48291015625,-0.10986328125,0,-0.146484375,0.8544921875,-0.01220703125,-0.48828125,-0.439453125,-0.45166015625
0,-0.09765625,-0.54931640625,-0.0244140625,-0.537109375,0.0244140625,-0.634765625,-0.06103515625,-0.37841796875,-0.18310546875,0.5615234375,0.048828125,-0.1708984375,-0.1953125,1.69677734375,-0.1220703125,0.81787109375,-0.29296875,-0.732421875,0.244140625,-0.1953125,-0.15869140625,0.830078125,0.01220703125,-0.68359375,-0.2197265625,-0.10986328125,-0.2685546875,-0.7080078125,0,0.98876953125,-0.15869140625,0.3173828125,-0.20751953125,-0.244140625,-0.048828125,-0.7568359375,0.30517578125,-0.341796875,-0.244140625,-0.67138671875,0.1220703125,3.45458984375,-0.146484375,6.57958984375,-0.146484375,2.86865234375,0.06103515625,5.40771484375,-0.25634765625,1.18408203125,-0.0244140625,0.5126953125,0.048828125,-0.18310546875,-0.25634765625,0.74462890625,-0.08544921875,0.64697265625,-0.0244140625,0.45166015625,-0.048828125,0.4638671875,0,0.15869140625,0.06103515625,0.37841796875,-0.048828125,1.08642578125,0.28076171875,0.244140625,-0.146484375,0.244140625,-0.13427734375,0.634765625,0.08544921875,1.06201171875,0.25634765625,0.244140625,0.57373046875,1.0986328125,-0.390625,-0.93994140625,0.35400390625,0,-0.25634765625,-0.96435546875,-0.01220703125,-0.59814453125,0,-1.4892578125,-0.0732421875,-0.20751953125,0.1220703125,-0.25634765625,0.0244140625,-1.2451171875,0.0732421875,-0.76904296875,-0.08544921875,-0.69580078125,-0.390625,-0.6591796875,-0.1708984375,-0.0732421875,0.03662109375,-0.64697265625,-0.03662109375,-1.37939453125,-0.25634765625,-0.9765625,0.06103515625,0.4638671875,-0.03662109375,3.6376953125,-0.01220703125,3.55224609375,-0.06103515625,2.33154296875,-0.08544921875,6.8115234375,-0.10986328125,-0.03662109375,-0.15869140625,0.84228515625,-0.01220703125,-0.439453125,-0.42724609375,-0.4638671875
0,-0.09765625,-0.54931640625,-0.01220703125,-0.5126953125,0.0244140625,-0.62255859375,-0.03662109375,-0.35400390625,-0.18310546875,0.830078125,0.10986328125,0.32958984375,-0.18310546875,1.96533203125,-0.08544921875,1.13525390625,-0.244140625,-0.7080078125,0.25634765625,-0.18310546875,-0.13427734375,0.81787109375,0,-0.6591796875,-0.18310546875,-0.1220703125,-0.30517578125,-0.7080078125,0,0.98876953125,-0.146484375,0.30517578125,-0.23193359375,-0.23193359375,-0.03662109375,-0.732421875,0.30517578125,-0.3173828125,-0.244140625,-0.64697265625,0.13427734375,3.67431640625,-0.10986328125,7.09228515625,-0.09765625,3.076171875,0.06103515625,5.67626953125,-0.244140625,1.18408203125,-0.01220703125,0.47607421875,0.06103515625,-0.146484375,-0.2685546875,0.74462890625,-0.09765625,0.6591796875,-0.0244140625,0.4638671875,-0.03662109375,0.4638671875,0,0.15869140625,0.08544921875,0.35400390625,-0.03662109375,1.07421875,0.29296875,0.244140625,-0.10986328125,0.25634765625,-0.1220703125,0.537109375,0.0732421875,1.06201171875,0.2685546875,0.1708984375,0.537109375,0.927734375,-0.40283203125,-0.98876953125,0.341796875,0.01220703125,-0.244140625,-0.98876953125,0,-0.5859375,0.01220703125,-1.46484375,-0.08544921875,-0.2197265625,0.13427734375,-0.28076171875,0.0244140625,-1.25732421875,0.09765625,-0.76904296875,-0.08544921875,-0.7080078125,-0.390625,-0.67138671875,-0.18310546875,-0.06103515625,0.048828125,-0.634765625,-0.048828125,-1.37939453125,-0.25634765625,-0.9765625,0.06103515625,0.4638671875,-0.048828125,3.55224609375,-0.0244140625,3.3935546875,-0.0732421875,2.294921875,-0.10986328125,6.45751953125,-0.1220703125,-0.03662109375,-0.13427734375,0.86669921875,0,-0.42724609375,-0.4150390625,-0.45166015625
0,-0.0732421875,-0.54931640625,0,-0.52490234375,0.03662109375,-0.62255859375,-0.03662109375,-0.35400390625,-0.20751953125,1.3427734375,0.10986328125,1.20849609375,-0.20751953125,2.490234375,-0.09765625,1.74560546875,-0.25634765625,-0.6591796875,0.25634765625,-0.18310546875,-0.09765625,0.8544921875,0,-0.634765625,-0.1708984375,-0.09765625,-0.3173828125,-0.7080078125,0.01220703125,0.98876953125,-0.13427734375,0.30517578125,-0.20751953125,-0.2197265625,-0.048828125,-0.7080078125,0.28076171875,-0.3173828125,-0.23193359375,-0.6591796875,0.15869140625,3.80859375,-0.23193359375,7.5439453125,-0.10986328125,3.22265625,0.09765625,5.84716796875,-0.23193359375,1.171875,-0.0244140625,0.48828125,0.0732421875,-0.13427734375,-0.25634765625,0.74462890625,-0.09765625,0.67138671875,-0.03662109375,0.47607421875,-0.01220703125,0.47607421875,-0.0244140625,0.15869140625,0.09765625,0.37841796875,-0.0244140625,1.07421875,0.29296875,0.244140625,-0.0732421875,0.244140625,-0.15869140625,0.50048828125,0,1.0986328125,0.244140625,0.13427734375,0.47607421875,0.830078125,-0.37841796875,-1.03759765625,0.341796875,0.03662109375,-0.244140625,-0.96435546875,-0.01220703125,-0.59814453125,0.0244140625,-1.46484375,-0.08544921875,-0.23193359375,0.146484375,-0.29296875,0.06103515625,-1.26953125,0.0732421875,-0.7568359375,-0.08544921875,-0.68359375,-0.37841796875,-0.67138671875,-0.1953125,-0.0732421875,0.06103515625,-0.634765625,-0.06103515625,-1.3916015625,-0.25634765625,-0.98876953125,0.048828125,0.45166015625,-0.08544921875,3.62548828125,-0.0732421875,3.41796875,-0.10986328125,2.35595703125,-0.09765625,6.43310546875,-0.1220703125,-0.03662109375,-0.1220703125,0.84228515625,0,-0.4150390625,-0.42724609375,-0.47607421875
0,-0.06103515625,-0.537109375,0.01220703125,-0.52490234375,0.01220703125,-0.634765625,-0.03662109375,-0.3662109375,-0.1953125,2.0751953125,0.13427734375,2.45361328125,-0.1953125,3.1982421875,-0.08544921875,2.6123046875,-0.29296875,-0.57373046875,0.2685546875,-0.18310546875,-0.06103515625,0.8544921875,-0.01220703125,-0.634765625,-0.1708984375,-0.10986328125,-0.3173828125,-0.74462890625,0.03662109375,0.98876953125,-0.09765625,0.30517578125,-0.20751953125,-0.23193359375,-0.048828125,-0.74462890625,0.28076171875,-0.341796875,-0.244140625,-0.67138671875,0.13427734375,3.857421875,-0.3173828125,7.8125,-0.0732421875,3.25927734375,0.08544921875,5.89599609375,-0.20751953125,1.171875,-0.0244140625,0.47607421875,0.0732421875,-0.09765625,-0.25634765625,0.74462890625,-0.1220703125,0.67138671875,-0.0244140625,0.47607421875,-0.01220703125,0.47607421875,-0.048828125,0.15869140625,0.0732421875,0.3662109375,-0.03662109375,1.07421875,0.29296875,0.244140625,-0.03662109375,0.244140625,-0.13427734375,0.50048828125,0.01220703125,1.07421875,0.25634765625,0.13427734375,0.48828125,0.8544921875,-0.3662109375,-1.07421875,0.341796875,0.0244140625,-0.2197265625,-0.96435546875,0.01220703125,-0.5859375,0.048828125,-1.45263671875,-0.09765625,-0.23193359375,0.15869140625,-0.30517578125,0.048828125,-1.28173828125,0.0732421875,-0.7568359375,-0.06103515625,-0.67138671875,-0.3662109375,-0.6591796875,-0.1953125,-0.0732421875,0.06103515625,-0.634765625,-0.0732421875,-1.3916015625,-0.244140625,-0.98876953125,0.03662109375,0.45166015625,-0.03662109375,3.82080078125,-0.03662109375,3.60107421875,-0.06103515625,2.47802734375,-0.0244140625,6.55517578125,-0.1220703125,-0.01220703125,-0.09765625,0.84228515625,-0.0244140625,-0.4150390625,-0.42724609375,-0.47607421875
0,-0.06103515625,-0.52490234375,0.01220703125,-0.5126953125,0.03662109375,-0.62255859375,-0.01220703125,-0.37841796875,-0.20751953125,2.9541015625,0.15869140625,3.9306640625,-0.18310546875,4.06494140625,-0.06103515625,3.662109375,-0.32958984375,-0.50048828125,0.28076171875,-0.1708984375,-0.0244140625,0.8544921875,-0.01220703125,-0.634765625,-0.1708984375,-0.1220703125,-0.3173828125,-0.74462890625,0.06103515625,0.98876953125,-0.08544921875,0.3173828125,-0.1953125,-0.2685546875,-0.0244140625,-0.7568359375,0.29296875,-0.35400390625,-0.23193359375,-0.67138671875,0.10986328125,3.7841796875,-0.3662109375,7.87353515625,-0.08544921875,3.21044921875,0.08544921875,5.84716796875,-0.18310546875,1.18408203125,-0.01220703125,0.4638671875,0.048828125,-0.1220703125,-0.244140625,0.74462890625,-0.13427734375,0.6591796875,-0.03662109375,0.4638671875,0.01220703125,0.4638671875,-0.08544921875,0.146484375,0.08544921875,0.35400390625,-0.03662109375,1.08642578125,0.29296875,0.244140625,-0.01220703125,0.244140625,-0.10986328125,0.5859375,0.01220703125,1.13525390625,0.25634765625,0.13427734375,0.47607421875,0.98876953125,-0.35400390625,-1.0986328125,0.341796875,0.0244140625,-0.23193359375,-0.93994140625,0,-0.6103515625,0.0732421875,-1.42822265625,-0.10986328125,-0.20751953125,0.13427734375,-0.32958984375,0.03662109375,-1.25732421875,0.0732421875,-0.7568359375,-0.06103515625,-0.67138671875,-0.341796875,-0.68359375,-0.20751953125,-0.0732421875,0.048828125,-0.634765625,-0.0732421875,-1.40380859375,-0.23193359375,-1.01318359375,0.03662109375,0.45166015625,-0.048828125,3.99169921875,-0.06103515625,3.82080078125,-0.0732421875,2.62451171875,-0.0732421875,6.84814453125,-0.13427734375,0.01220703125,-0.10986328125,0.81787109375,-0.048828125,-0.42724609375,-0.42724609375,-0.47607421875
0,-0.03662109375,-0.5126953125,0.01220703125,-0.537109375,0.0244140625,-0.62255859375,-0.0244140625,-0.3662109375,-0.23193359375,3.86962890625,0.048828125,5.45654296875,-0.20751953125,4.9560546875,-0.0732421875,4.74853515625,-0.40283203125,-0.42724609375,0.25634765625,-0.18310546875,-0.01220703125,0.8544921875,-0.01220703125,-0.64697265625,-0.1708984375,-0.09765625,-0.32958984375,-0.7568359375,0.06103515625,0.96435546875,-0.06103515625,0.30517578125,-0.18310546875,-0.2685546875,-0.01220703125,-0.78125,0.3173828125,-0.35400390625,-0.25634765625,-0.67138671875,0.1220703125,3.6865234375,-0.37841796875,7.6904296875,-0.08544921875,3.08837890625,0.08544921875,5.70068359375,-0.1708984375,1.18408203125,-0.01220703125,0.45166015625,0.06103515625,-0.15869140625,-0.23193359375,0.732421875,-0.146484375,0.64697265625,-0.03662109375,0.47607421875,0.0244140625,0.45166015625,-0.08544921875,0.146484375,0.08544921875,0.3173828125,-0.03662109375,1.0986328125,0.2685546875,0.23193359375,0.01220703125,0.244140625,-0.13427734375,0.6103515625,-0.0244140625,1.1474609375,0.23193359375,0.15869140625,0.390625,1.171875,-0.3662109375,-1.08642578125,0.3662109375,0,-0.20751953125,-0.93994140625,0.01220703125,-0.62255859375,0.08544921875,-1.416015625,-0.10986328125,-0.18310546875,0.146484375,-0.3173828125,0.03662109375,-1.2451171875,0.0732421875,-0.74462890625,-0.048828125,-0.68359375,-0.3173828125,-0.64697265625,-0.20751953125,-0.0732421875,0.048828125,-0.634765625,-0.06103515625,-1.40380859375,-0.20751953125,-1.01318359375,0.03662109375,0.439453125,-0.06103515625,4.11376953125,-0.06103515625,4.0283203125,-0.0732421875,2.69775390625,-0.06103515625,7.1044921875,-0.1220703125,0.03662109375,-0.08544921875,0.830078125,-0.0732421875,-0.45166015625,-0.35400390625,-0.4638671875
0,-0.01220703125,-0.50048828125,0.0244140625,-0.54931640625,0.03662109375,-0.62255859375,0,-0.390625,-0.1953125,4.77294921875,0.03662109375,6.9091796875,-0.1708984375,5.79833984375,-0.0244140625,5.8349609375,-0.439453125,-0.35400390625,0.244140625,-0.18310546875,0.03662109375,0.84228515625,0,-0.6591796875,-0.18310546875,-0.1220703125,-0.32958984375,-0.7568359375,0.03662109375,0.96435546875,-0.06103515625,0.29296875,-0.15869140625,-0.30517578125,0,-0.79345703125,0.32958984375,-0.37841796875,-0.28076171875,-0.69580078125,0.09765625,3.466796875,-0.40283203125,7.32421875,-0.09765625,2.880859375,0.06103515625,5.4443359375,-0.146484375,1.1962890625,-0.01220703125,0.45166015625,0.06103515625,-0.18310546875,-0.2197265625,0.74462890625,-0.146484375,0.634765625,-0.0244140625,0.48828125,0.0244140625,0.45166015625,-0.0732421875,0.13427734375,0.08544921875,0.3173828125,-0.06103515625,1.08642578125,0.25634765625,0.2197265625,0.0244140625,0.2197265625,-0.09765625,0.62255859375,-0.01220703125,1.123046875,0.23193359375,0.146484375,0.42724609375,1.3671875,-0.3173828125,-1.07421875,0.35400390625,-0.0244140625,-0.1953125,-0.93994140625,0.0244140625,-0.6591796875,0.08544921875,-1.42822265625,-0.09765625,-0.1953125,0.1220703125,-0.32958984375,0.0244140625,-1.2451171875,0.06103515625,-0.74462890625,-0.03662109375,-0.69580078125,-0.3173828125,-0.64697265625,-0.20751953125,-0.06103515625,0.03662109375,-0.62255859375,-0.0732421875,-1.40380859375,-0.2197265625,-1.01318359375,0,0.42724609375,-0.06103515625,4.13818359375,-0.048828125,4.1259765625,-0.06103515625,2.72216796875,-0.08544921875,7.23876953125,-0.1220703125,0.06103515625,-0.06103515625,0.84228515625,-0.06103515625,-0.47607421875,-0.32958984375,-0.42724609375
0,0,-0.48828125,0.0244140625,-0.5615234375,0.03662109375,-0.6103515625,-0.0244140625,-0.37841796875,-0.20751953125,5.52978515625,-0.01220703125,8.056640625,-0.1708984375,6.48193359375,-0.0244140625,6.73828125,-0.47607421875,-0.2685546875,0.2197265625,-0.2197265625,0.06103515625,0.84228515625,0,-0.68359375,-0.1953125,-0.13427734375,-0.32958984375,-0.74462890625,0.06103515625,0.96435546875,-0.0732421875,0.30517578125,-0.15869140625,-0.3173828125,0.01220703125,-0.79345703125,0.3662109375,-0.37841796875,-0.3173828125,-0.69580078125,0.10986328125,3.1982421875,-0.30517578125,6.77490234375,-0.06103515625,2.63671875,0.10986328125,5.13916015625,-0.10986328125,1.18408203125,-0.0244140625,0.4638671875,0.08544921875,-0.1708984375,-0.20751953125,0.76904296875,-0.146484375,0.634765625,-0.048828125,0.47607421875,0.03662109375,0.45166015625,-0.08544921875,0.146484375,0.0732421875,0.30517578125,-0.06103515625,1.08642578125,0.28076171875,0.20751953125,0.03662109375,0.20751953125,-0.08544921875,0.62255859375,-0.0244140625,1.0498046875,0.244140625,0.09765625,0.37841796875,1.4892578125,-0.30517578125,-1.07421875,0.3662109375,-0.0244140625,-0.1953125,-0.927734375,0.01220703125,-0.6591796875,0.08544921875,-1.4404296875,-0.0732421875,-0.1953125,0.1220703125,-0.30517578125,0.01220703125,-1.220703125,0.06103515625,-0.7568359375,-0.03662109375,-0.69580078125,-0.29296875,-0.64697265625,-0.18310546875,-0.06103515625,0.048828125,-0.67138671875,-0.06103515625,-1.42822265625,-0.1953125,-1.0009765625,-0.03662109375,0.439453125,-0.09765625,4.01611328125,-0.08544921875,4.052734375,-0.0732421875,2.64892578125,-0.08544921875,7.12890625,-0.1220703125,0.08544921875,-0.048828125,0.84228515625,-0.06103515625,-0.4638671875,-0.35400390625,-0.390625
0,0.01220703125,-0.50048828125,0.0244140625,-0.54931640625,0.06103515625,-0.6103515625,-0.01220703125,-0.40283203125,-0.20751953125,6.09130859375,-0.06103515625,8.8623046875,-0.1708984375,6.94580078125,-0.0244140625,7.36083984375,-0.48828125,-0.2197265625,0.20751953125,-0.23193359375,0.08544921875,0.81787109375,0,-0.67138671875,-0.18310546875,-0.10986328125,-0.35400390625,-0.74462890625,0.048828125,0.96435546875,-0.08544921875,0.30517578125,-0.1708984375,-0.32958984375,0.0244140625,-0.79345703125,0.3662109375,-0.3662109375,-0.341796875,-0.69580078125,0.1220703125,2.8564453125,-0.32958984375,6.06689453125,-0.048828125,2.35595703125,0.0732421875,4.77294921875,-0.0732421875,1.18408203125,-0.03662109375,0.47607421875,0.08544921875,-0.15869140625,-0.20751953125,0.7568359375,-0.15869140625,0.62255859375,-0.048828125,0.4638671875,0.03662109375,0.45166015625,-0.09765625,0.1220703125,0.06103515625,0.28076171875,-0.06103515625,1.07421875,0.25634765625,0.20751953125,0.06103515625,0.20751953125,-0.08544921875,0.57373046875,-0.048828125,1.025390625,0.2197265625,0.048828125,0.35400390625,1.5625,-0.32958984375,-1.07421875,0.390625,-0.03662109375,-0.1708984375,-0.96435546875,0.03662109375,-0.67138671875,0.06103515625,-1.416015625,-0.09765625,-0.18310546875,0.09765625,-0.29296875,0.01220703125,-1.20849609375,0.0732421875,-0.7568359375,-0.048828125,-0.69580078125,-0.25634765625,-0.634765625,-0.18310546875,-0.048828125,0.06103515625,-0.6591796875,-0.0732421875,-1.416015625,-0.1953125,-1.01318359375,-0.06103515625,0.45166015625,-0.09765625,3.72314453125,-0.0732421875,3.84521484375,-0.0732421875,2.45361328125,-0.1220703125,6.72607421875,-0.1220703125,0.10986328125,-0.03662109375,0.8544921875,-0.06103515625,-0.4638671875,-0.28076171875,-0.3662109375
0,0.0244140625,-0.48828125,0.0244140625,-0.54931640625,0.0732421875,-0.6103515625,-0.0244140625,-0.40283203125,-0.18310546875,6.35986328125,-0.06103515625,9.228515625,-0.15869140625,7.1533203125,-0.01220703125,7.6904296875,-0.5615234375,-0.20751953125,0.2197265625,-0.23193359375,0.13427734375,0.81787109375,-0.0244140625,-0.67138671875,-0.2197265625,-0.08544921875,-0.341796875,-0.74462890625,0.06103515625,0.98876953125,-0.09765625,0.3173828125,-0.1953125,-0.30517578125,0.01220703125,-0.8056640625,0.37841796875,-0.35400390625,-0.3173828125,-0.69580078125,0.10986328125,2.52685546875,-0.37841796875,5.28564453125,-0.03662109375,2.06298828125,0.08544921875,4.35791015625,-0.03662109375,1.15966796875,-0.03662109375,0.47607421875,0.09765625,-0.146484375,-0.20751953125,0.74462890625,-0.15869140625,0.6103515625,-0.0732421875,0.439453125,0.06103515625,0.45166015625,-0.10986328125,0.1220703125,0.048828125,0.2685546875,-0.0732421875,1.07421875,0.25634765625,0.1953125,0.048828125,0.1953125,-0.1220703125,0.537109375,-0.06103515625,0.96435546875,0.1708984375,0.0244140625,0.32958984375,1.57470703125,-0.32958984375,-1.08642578125,0.390625,-0.08544921875,-0.15869140625,-0.98876953125,0.048828125,-0.7080078125,0.0732421875,-1.4404296875,-0.08544921875,-0.1953125,0.10986328125,-0.23193359375,0.03662109375,-1.18408203125,0.09765625,-0.76904296875,-0.03662109375,-0.69580078125,-0.244140625,-0.62255859375,-0.18310546875,-0.06103515625,0.06103515625,-0.67138671875,-0.0732421875,-1.40380859375,-0.13427734375,-1.01318359375,-0.09765625,0.439453125,-0.08544921875,3.35693359375,-0.0732421875,3.466796875,-0.08544921875,2.18505859375,-0.10986328125,6.04248046875,-0.13427734375,0.09765625,-0.0244140625,0.89111328125,-0.0244140625,-0.4638671875,-0.28076171875,-0.37841796875
0,0.048828125,-0.50048828125,0,-0.5615234375,0.08544921875,-0.59814453125,-0.03662109375,-0.40283203125,-0.15869140625,6.40869140625,-0.08544921875,9.1796875,-0.146484375,7.12890625,-0.01220703125,7.71484375,-0.6103515625,-0.1953125,0.1953125,-0.23193359375,0.146484375,0.81787109375,-0.048828125,-0.6591796875,-0.244140625,-0.10986328125,-0.35400390625,-0.732421875,0.0732421875,0.9765625,-0.10986328125,0.30517578125,-0.1953125,-0.3173828125,0.06103515625,-0.8056640625,0.3662109375,-0.3662109375,-0.35400390625,-0.69580078125,0.09765625,2.197265625,-0.37841796875,4.47998046875,-0.0244140625,1.7822265625,0.0732421875,3.955078125,-0.0244140625,1.15966796875,-0.03662109375,0.47607421875,0.0732421875,-0.13427734375,-0.1708984375,0.7568359375,-0.15869140625,0.634765625,-0.08544921875,0.42724609375,0.06103515625,0.47607421875,-0.10986328125,0.1220703125,0.0244140625,0.244140625,-0.08544921875,1.06201171875,0.2197265625,0.1953125,0.048828125,0.1953125,-0.09765625,0.48828125,-0.06103515625,0.9033203125,0.244140625,-0.01220703125,0.341796875,1.50146484375,-0.3662109375,-1.13525390625,0.341796875,-0.10986328125,-0.1708984375,-1.0009765625,0.01220703125,-0.72021484375,0.08544921875,-1.4404296875,-0.09765625,-0.18310546875,0.08544921875,-0.2197265625,0.0244140625,-1.1962890625,0.09765625,-0.76904296875,-0.06103515625,-0.7080078125,-0.2197265625,-0.59814453125,-0.1708984375,-0.08544921875,0.0732421875,-0.7080078125,-0.08544921875,-1.416015625,-0.10986328125,-1.0009765625,-0.13427734375,0.45166015625,-0.09765625,2.91748046875,-0.08544921875,2.96630859375,-0.0732421875,1.84326171875,-0.13427734375,5.13916015625,-0.1220703125,0.06103515625,-0.01220703125,0.89111328125,0,-0.439453125,-0.29296875,-0.3662109375
0,0.06103515625,-0.50048828125,0.0244140625,-0.537109375,0.09765625,-0.62255859375,-0.03662109375,-0.4150390625,-0.146484375,6.16455078125,-0.08544921875,8.77685546875,-0.146484375,6.9091796875,-0.03662109375,7.43408203125,-0.7080078125,-0.1953125,0.1953125,-0.23193359375,0.15869140625,0.8056640625,-0.0732421875,-0.68359375,-0.23193359375,-0.1220703125,-0.390625,-0.72021484375,0.08544921875,0.9765625,-0.10986328125,0.3173828125,-0.18310546875,-0.29296875,0.03662109375,-0.79345703125,0.390625,-0.341796875,-0.3662109375,-0.67138671875,0.10986328125,1.8798828125,-0.37841796875,3.7841796875,-0.03662109375,1.5380859375,0.06103515625,3.57666015625,-0.03662109375,1.13525390625,-0.03662109375,0.50048828125,0.06103515625,-0.146484375,-0.1708984375,0.7568359375,-0.1708984375,0.64697265625,-0.09765625,0.42724609375,0.0732421875,0.47607421875,-0.10986328125,0.13427734375,0.0244140625,0.244140625,-0.10986328125,1.06201171875,0.2197265625,0.18310546875,0.048828125,0.1953125,-0.10986328125,0.45166015625,-0.0732421875,0.93994140625,0.20751953125,-0.03662109375,0.45166015625,1.37939453125,-0.341796875,-1.15966796875,0.390625,-0.146484375,-0.15869140625,-1.025390625,0.0244140625,-0.72021484375,0.08544921875,-1.4404296875,-0.08544921875,-0.1953125,0.06103515625,-0.244140625,0.01220703125,-1.1962890625,0.0732421875,-0.76904296875,-0.0732421875,-0.68359375,-0.1953125,-0.6103515625,-0.1708984375,-0.0732421875,0.0732421875,-0.69580078125,-0.0732421875,-1.40380859375,-0.08544921875,-1.0009765625,-0.1708984375,0.4638671875,-0.09765625,2.44140625,-0.0732421875,2.4169921875,-0.0732421875,1.4892578125,-0.13427734375,4.0771484375,-0.13427734375,0.048828125,0.0244140625,0.9033203125,0.03662109375,-0.42724609375,-0.2685546875,-0.3662109375
0,0.08544921875,-0.5126953125,0.0244140625,-0.52490234375,0.10986328125,-0.634765625,-0.048828125,-0.40283203125,-0.10986328125,5.76171875,-0.06103515625,8.10546875,-0.146484375,6.4697265625,-0.0244140625,6.93359375,-0.76904296875,-0.1953125,0.2197265625,-0.2197265625,0.15869140625,0.8056640625,-0.10986328125,-0.67138671875,-0.25634765625,-0.1220703125,-0.40283203125,-0.7080078125,0.06103515625,0.98876953125,-0.13427734375,0.3173828125,-0.1953125,-0.29296875,0.06103515625,-0.78125,0.35400390625,-0.37841796875,-0.390625,-0.67138671875,0.10986328125,1.59912109375,-0.35400390625,3.1982421875,-0.0244140625,1.33056640625,0.0732421875,3.271484375,-0.01220703125,1.13525390625,-0.048828125,0.50048828125,0.03662109375,-0.1220703125,-0.15869140625,0.78125,-0.18310546875,0.64697265625,-0.09765625,0.439453125,0.09765625,0.50048828125,-0.10986328125,0.1220703125,-0.01220703125,0.2685546875,-0.1220703125,1.06201171875,0.18310546875,0.18310546875,0.06103515625,0.20751953125,-0.13427734375,0.4638671875,-0.06103515625,0.9521484375,0.2197265625,-0.01220703125,0.35400390625,1.28173828125,-0.3173828125,-1.171875,0.40283203125,-0.20751953125,-0.13427734375,-1.025390625,0.048828125,-0.72021484375,0.0732421875,-1.4404296875,-0.0732421875,-0.20751953125,0.03662109375,-0.244140625,0,-1.220703125,0.0732421875,-0.7568359375,-0.0732421875,-0.67138671875,-0.18310546875,-0.62255859375,-0.15869140625,-0.0732421875,0.0732421875,-0.7080078125,-0.0732421875,-1.40380859375,-0.048828125,-0.9765625,-0.1953125,0.47607421875,-0.10986328125,1.9775390625,-0.08544921875,1.85546875,-0.08544921875,1.1474609375,-0.06103515625,2.96630859375,-0.146484375,0.0244140625,0,0.91552734375,0.06103515625,-0.4150390625,-0.30517578125,-0.3662109375
0,0.09765625,-0.52490234375,0.01220703125,-0.537109375,0.1220703125,-0.64697265625,-0.03662109375,-0.3662109375,-0.09765625,5.21240234375,-0.06103515625,7.275390625,-0.1220703125,6.005859375,-0.0244140625,6.298828125,-0.8056640625,-0.20751953125,0.20751953125,-0.20751953125,0.15869140625,0.81787109375,-0.13427734375,-0.64697265625,-0.2685546875,-0.10986328125,-0.4150390625,-0.7080078125,0.06103515625,0.98876953125,-0.13427734375,0.3173828125,-0.20751953125,-0.28076171875,0.048828125,-0.79345703125,0.341796875,-0.390625,-0.390625,-0.67138671875,0.09765625,1.3916015625,-0.244140625,2.74658203125,-0.03662109375,1.15966796875,0.0732421875,3.0029296875,-0.0244140625,1.1474609375,-0.048828125,0.48828125,0.03662109375,-0.10986328125,-0.15869140625,0.79345703125,-0.18310546875,0.6591796875,-0.08544921875,0.42724609375,0.1220703125,0.52490234375,-0.08544921875,0.146484375,-0.0244140625,0.2685546875,-0.146484375,1.06201171875,0.1708984375,0.2197265625,0.03662109375,0.2197265625,-0.13427734375,0.52490234375,-0.048828125,1.0009765625,0.2197265625,0.0244140625,0.29296875,1.1962890625,-0.37841796875,-1.18408203125,0.35400390625,-0.2685546875,-0.1708984375,-1.03759765625,0.0244140625,-0.7080078125,0.0732421875,-1.45263671875,-0.0732421875,-0.2197265625,0.0244140625,-0.25634765625,0,-1.23291015625,0.06103515625,-0.7568359375,-0.08544921875,-0.68359375,-0.1708984375,-0.634765625,-0.1953125,-0.09765625,0.09765625,-0.7080078125,-0.08544921875,-1.3916015625,-0.0244140625,-0.9765625,-0.20751953125,0.48828125,-0.09765625,1.5625,-0.09765625,1.35498046875,-0.09765625,0.830078125,0.06103515625,1.91650390625,-0.1220703125,0.01220703125,0,0.9033203125,0.0732421875,-0.40283203125,-0.28076171875,-0.35400390625
0,0.1220703125,-0.537109375,0.0244140625,-0.52490234375,0.1220703125,-0.64697265625,-0.048828125,-0.3662109375,-0.06103515625,4.62646484375,-0.0732421875,6.38427734375,-0.1220703125,5.45654296875,-0.048828125,5.60302734375,-0.84228515625,-0.25634765625,0.244140625,-0.1953125,0.15869140625,0.81787109375,-0.146484375,-0.64697265625,-0.30517578125,-0.10986328125,-0.439453125,-0.7080078125,0.0732421875,0.98876953125,-0.13427734375,0.3173828125,-0.2197265625,-0.25634765625,0.06103515625,-0.78125,0.37841796875,-0.390625,-0.37841796875,-0.64697265625,0.10986328125,1.23291015625,-0.2685546875,2.392578125,-0.03662109375,1.01318359375,0.0732421875,2.77099609375,-0.0244140625,1.15966796875,-0.06103515625,0.48828125,0.01220703125,-0.1220703125,-0.15869140625,0.78125,-0.1953125,0.67138671875,-0.09765625,0.45166015625,0.13427734375,0.5126953125,-0.0732421875,0.15869140625,-0.06103515625,0.29296875,-0.13427734375,1.07421875,0.15869140625,0.2197265625,0.048828125,0.2197265625,-0.15869140625,0.62255859375,-0.048828125,1.08642578125,0.18310546875,0.08544921875,0.25634765625,1.15966796875,-0.32958984375,-1.15966796875,0.37841796875,-0.30517578125,-0.13427734375,-1.025390625,0.048828125,-0.72021484375,0.08544921875,-1.45263671875,-0.0732421875,-0.1953125,0.0244140625,-0.28076171875,0.0244140625,-1.2451171875,0.03662109375,-0.732421875,-0.0732421875,-0.68359375,-0.146484375,-0.64697265625,-0.1953125,-0.10986328125,0.09765625,-0.68359375,-0.08544921875,-1.37939453125,-0.0244140625,-0.98876953125,-0.23193359375,0.4638671875,-0.08544921875,1.25732421875,-0.09765625,0.9521484375,-0.0732421875,0.54931640625,0.1220703125,1.01318359375,-0.10986328125,0.0244140625,0.01220703125,0.9033203125,0.03662109375,-0.390625,-0.2197265625,-0.35400390625
0,0.1220703125,-0.537109375,-0.01220703125,-0.50048828125,0.13427734375,-0.634765625,-0.08544921875,-0.341796875,-0.048828125,4.01611328125,-0.06103515625,5.4931640625,-0.10986328125,4.931640625,-0.03662109375,4.87060546875,-0.8544921875,-0.30517578125,0.2685546875,-0.18310546875,0.1220703125,0.81787109375,-0.15869140625,-0.67138671875,-0.30517578125,-0.09765625,-0.439453125,-0.732421875,0.06103515625,1.01318359375,-0.1220703125,0.3173828125,-0.244140625,-0.25634765625,0.048828125,-0.79345703125,0.341796875,-0.37841796875,-0.341796875,-0.67138671875,0.08544921875,1.0986328125,-0.2197265625,2.11181640625,-0.0244140625,0.927734375,0.08544921875,2.60009765625,-0.0244140625,1.171875,-0.06103515625,0.4638671875,0.01220703125,-0.13427734375,-0.13427734375,0.79345703125,-0.18310546875,0.67138671875,-0.09765625,0.45166015625,0.146484375,0.50048828125,-0.08544921875,0.1708984375,-0.0732421875,0.29296875,-0.146484375,1.08642578125,0.13427734375,0.244140625,0.048828125,0.23193359375,-0.15869140625,0.7080078125,-0.03662109375,1.171875,0.18310546875,0.15869140625,0.2685546875,1.1962890625,-0.30517578125,-1.123046875,0.3662109375,-0.32958984375,-0.13427734375,-1.025390625,0.048828125,-0.732421875,0.09765625,-1.45263671875,-0.06103515625,-0.20751953125,0.03662109375,-0.28076171875,0.01220703125,-1.2451171875,0.01220703125,-0.74462890625,-0.09765625,-0.68359375,-0.146484375,-0.67138671875,-0.20751953125,-0.09765625,0.10986328125,-0.68359375,-0.10986328125,-1.416015625,0,-0.9765625,-0.25634765625,0.45166015625,-0.06103515625,1.03759765625,-0.08544921875,0.68359375,-0.0732421875,0.341796875,0.18310546875,0.35400390625,-0.1220703125,0.01220703125,-0.0244140625,0.8544921875,0.06103515625,-0.4150390625,-0.1953125,-0.3173828125
0,0.1708984375,-0.52490234375,-0.0244140625,-0.5126953125,0.13427734375,-0.62255859375,-0.08544921875,-0.30517578125,-0.048828125,3.41796875,-0.048828125,4.6630859375,-0.09765625,4.43115234375,-0.03662109375,4.1748046875,-0.87890625,-0.3662109375,0.3173828125,-0.1708984375,0.09765625,0.84228515625,-0.1708984375,-0.67138671875,-0.29296875,-0.09765625,-0.45166015625,-0.74462890625,0.06103515625,0.98876953125,-0.10986328125,0.30517578125,-0.244140625,-0.244140625,0.03662109375,-0.78125,0.32958984375,-0.35400390625,-0.35400390625,-0.68359375,0.08544921875,1.0009765625,-0.146484375,1.89208984375,-0.01220703125,0.81787109375,0.06103515625,2.40478515625,-0.03662109375,1.18408203125,-0.06103515625,0.45166015625,-0.01220703125,-0.1220703125,-0.1220703125,0.7568359375,-0.18310546875,0.6591796875,-0.10986328125,0.439453125,0.18310546875,0.47607421875,-0.0732421875,0.15869140625,-0.09765625,0.3173828125,-0.146484375,1.0986328125,0.1220703125,0.2685546875,0.06103515625,0.23193359375,-0.146484375,0.76904296875,-0.01220703125,1.20849609375,0.18310546875,0.1953125,0.23193359375,1.25732421875,-0.3173828125,-1.07421875,0.37841796875,-0.341796875,-0.13427734375,-1.025390625,0.03662109375,-0.732421875,0.10986328125,-1.45263671875,-0.0732421875,-0.1953125,0.06103515625,-0.29296875,0.0244140625,-1.25732421875,0,-0.72021484375,-0.09765625,-0.69580078125,-0.10986328125,-0.68359375,-0.23193359375,-0.10986328125,0.1220703125,-0.64697265625,-0.1220703125,-1.40380859375,0,-0.98876953125,-0.25634765625,0.45166015625,-0.06103515625,0.927734375,-0.0732421875,0.52490234375,-0.0732421875,0.20751953125,0.15869140625,-0.01220703125,-0.1220703125,0.01220703125,-0.01220703125,0.830078125,0.06103515625,-0.439453125,-0.20751953125,-0.2685546875
0,0.18310546875,-0.5126953125,-0.01220703125,-0.52490234375,0.1220703125,-0.62255859375,-0.0732421875,-0.3173828125,-0.0244140625,2.86865234375,-0.048828125,3.857421875,-0.08544921875,3.94287109375,-0.0732421875,3.50341796875,-0.91552734375,-0.45166015625,0.35400390625,-0.18310546875,0.0732421875,0.830078125,-0.18310546875,-0.69580078125,-0.30517578125,-0.08544921875,-0.439453125,-0.74462890625,0.06103515625,0.98876953125,-0.08544921875,0.30517578125,-0.23193359375,-0.25634765625,0.048828125,-0.8056640625,0.35400390625,-0.3662109375,-0.35400390625,-0.68359375,0.10986328125,0.86669921875,-0.08544921875,1.57470703125,0.01220703125,0.72021484375,0.0732421875,2.23388671875,-0.048828125,1.171875,-0.048828125,0.439453125,-0.03662109375,-0.1220703125,-0.13427734375,0.7568359375,-0.1953125,0.62255859375,-0.09765625,0.439453125,0.23193359375,0.4638671875,-0.06103515625,0.1708984375,-0.0732421875,0.29296875,-0.146484375,1.08642578125,0.09765625,0.28076171875,0.0732421875,0.20751953125,-0.1708984375,0.81787109375,-0.01220703125,1.220703125,0.15869140625,0.2197265625,0.3173828125,1.3427734375,-0.32958984375,-1.025390625,0.341796875,-0.341796875,-0.13427734375,-1.0009765625,0,-0.732421875,0.10986328125,-1.46484375,-0.048828125,-0.1953125,0.048828125,-0.29296875,0.03662109375,-1.23291015625,-0.01220703125,-0.72021484375,-0.10986328125,-0.69580078125,-0.09765625,-0.68359375,-0.244140625,-0.10986328125,0.13427734375,-0.634765625,-0.1220703125,-1.40380859375,0,-0.98876953125,-0.25634765625,0.439453125,-0.0732421875,0.87890625,-0.08544921875,0.5126953125,-0.08544921875,0.15869140625,0.15869140625,-0.1220703125,-0.10986328125,0.03662109375,0.01220703125,0.8544921875,0.06103515625,-0.45166015625,-0.18310546875,-0.23193359375
0,0.18310546875,-0.5126953125,-0.01220703125,-0.537109375,0.10986328125,-0.6103515625,-0.09765625,-0.341796875,0.0244140625,2.34375,-0.06103515625,3.0517578125,-0.06103515625,3.4423828125,-0.08544921875,2.81982421875,-0.9033203125,-0.52490234375,0.37841796875,-0.20751953125,0.06103515625,0.830078125,-0.18310546875,-0.68359375,-0.30517578125,-0.08544921875,-0.439453125,-0.7568359375,0.03662109375,0.96435546875,-0.0732421875,0.3173828125,-0.2197265625,-0.2685546875,0.06103515625,-0.79345703125,0.35400390625,-0.35400390625,-0.341796875,-0.68359375,0.10986328125,0.72021484375,-0.0732421875,1.220703125,0.01220703125,0.5615234375,0.0732421875,2.05078125,-0.048828125,1.1962890625,-0.0732421875,0.439453125,-0.06103515625,-0.10986328125,-0.1220703125,0.74462890625,-0.1708984375,0.64697265625,-0.09765625,0.439453125,0.25634765625,0.42724609375,-0.06103515625,0.1708984375,-0.0732421875,0.2685546875,-0.1220703125,1.06201171875,0.10986328125,0.28076171875,0.048828125,0.18310546875,-0.1708984375,0.7568359375,0,1.23291015625,0.146484375,0.18310546875,0.3662109375,1.40380859375,-0.3173828125,-0.98876953125,0.35400390625,-0.3173828125,-0.10986328125,-0.9521484375,0.048828125,-0.74462890625,0.1220703125,-1.46484375,-0.0732421875,-0.1953125,0.03662109375,-0.29296875,0.03662109375,-1.2451171875,-0.01220703125,-0.7080078125,-0.10986328125,-0.68359375,-0.08544921875,-0.67138671875,-0.2685546875,-0.10986328125,0.13427734375,-0.62255859375,-0.1220703125,-1.3916015625,-0.01220703125,-1.0009765625,-0.25634765625,0.45166015625,-0.0244140625,0.93994140625,-0.048828125,0.5859375,-0.048828125,0.1953125,0.10986328125,0.03662109375,-0.13427734375,0.06103515625,0,0.86669921875,0.0732421875,-0.4638671875,-0.18310546875,-0.1953125
0,0.20751953125,-0.48828125,-0.03662109375,-0.5615234375,0.1220703125,-0.5859375,-0.08544921875,-0.37841796875,0.03662109375,1.806640625,-0.048828125,2.2216796875,-0.03662109375,2.9296875,-0.09765625,2.1484375,-0.87890625,-0.59814453125,0.40283203125,-0.2197265625,0.0244140625,0.81787109375,-0.20751953125,-0.7080078125,-0.341796875,-0.09765625,-0.42724609375,-0.7568359375,0.01220703125,0.9765625,-0.06103515625,0.3173828125,-0.1953125,-0.3173828125,0.06103515625,-0.79345703125,0.37841796875,-0.341796875,-0.32958984375,-0.69580078125,0.09765625,0.5615234375,-0.048828125,0.81787109375,0.01220703125,0.40283203125,0.0732421875,1.8310546875,-0.0244140625,1.171875,-0.06103515625,0.45166015625,-0.08544921875,-0.08544921875,-0.1220703125,0.74462890625,-0.13427734375,0.634765625,-0.10986328125,0.4150390625,0.28076171875,0.4150390625,-0.048828125,0.15869140625,-0.06103515625,0.244140625,-0.1220703125,1.0498046875,0.10986328125,0.2685546875,0.048828125,0.1708984375,-0.15869140625,0.6591796875,0.0244140625,1.13525390625,0.1220703125,0.15869140625,0.4150390625,1.45263671875,-0.2197265625,-0.9521484375,0.341796875,-0.28076171875,-0.10986328125,-0.927734375,0.0244140625,-0.72021484375,0.10986328125,-1.47705078125,-0.048828125,-0.20751953125,0.048828125,-0.28076171875,0.0244140625,-1.23291015625,-0.048828125,-0.72021484375,-0.13427734375,-0.6591796875,-0.06103515625,-0.67138671875,-0.25634765625,-0.08544921875,0.1220703125,-0.634765625,-0.13427734375,-1.37939453125,-0.0244140625,-1.025390625,-0.244140625,0.439453125,-0.06103515625,1.07421875,-0.0732421875,0.7568359375,-0.09765625,0.29296875,0.06103515625,0.42724609375,-0.146484375,0.08544921875,0,0.87890625,0.0732421875,-0.48828125,-0.1708984375,-0.1953125
0,0.23193359375,-0.48828125,-0.0244140625,-0.5615234375,0.09765625,-0.59814453125,-0.0732421875,-0.390625,0.06103515625,1.220703125,-0.048828125,1.30615234375,-0.01220703125,2.3681640625,-0.10986328125,1.42822265625,-0.84228515625,-0.68359375,0.390625,-0.2197265625,0,0.81787109375,-0.18310546875,-0.7080078125,-0.341796875,-0.08544921875,-0.42724609375,-0.74462890625,-0.01220703125,0.98876953125,-0.03662109375,0.30517578125,-0.23193359375,-0.32958984375,0.048828125,-0.8056640625,0.3662109375,-0.35400390625,-0.3173828125,-0.69580078125,0.09765625,0.37841796875,-0.03662109375,0.42724609375,0.048828125,0.244140625,0.048828125,1.6357421875,-0.0244140625,1.1474609375,-0.0732421875,0.4638671875,-0.10986328125,-0.09765625,-0.10986328125,0.732421875,-0.09765625,0.62255859375,-0.1220703125,0.439453125,0.3173828125,0.40283203125,-0.0244140625,0.18310546875,-0.048828125,0.20751953125,-0.10986328125,1.03759765625,0.09765625,0.25634765625,0.03662109375,0.15869140625,-0.15869140625,0.537109375,0.06103515625,1.0498046875,0.08544921875,0.06103515625,0.40283203125,1.4892578125,-0.28076171875,-0.93994140625,0.3662109375,-0.2197265625,-0.09765625,-0.9033203125,0.03662109375,-0.72021484375,0.10986328125,-1.45263671875,-0.048828125,-0.1953125,0.0732421875,-0.3173828125,0.0244140625,-1.23291015625,-0.048828125,-0.72021484375,-0.146484375,-0.6591796875,-0.0732421875,-0.67138671875,-0.25634765625,-0.0732421875,0.10986328125,-0.634765625,-0.13427734375,-1.37939453125,-0.03662109375,-1.01318359375,-0.25634765625,0.439453125,-0.0732421875,1.2939453125,-0.08544921875,1.0009765625,-0.08544921875,0.47607421875,0.08544921875,1.01318359375,-0.15869140625,0.08544921875,0,0.89111328125,0.09765625,-0.5126953125,-0.18310546875,-0.18310546875
0,0.2197265625,-0.47607421875,-0.0244140625,-0.5859375,0.10986328125,-0.59814453125,-0.0732421875,-0.4150390625,0.0732421875,0.634765625,-0.048828125,0.4150390625,0,1.7822265625,-0.10986328125,0.69580078125,-0.81787109375,-0.74462890625,0.40283203125,-0.244140625,0,0.81787109375,-0.18310546875,-0.69580078125,-0.32958984375,-0.10986328125,-0.439453125,-0.732421875,-0.0244140625,1.0009765625,-0.03662109375,0.3173828125,-0.244140625,-0.30517578125,0.048828125,-0.8056640625,0.4150390625,-0.3662109375,-0.32958984375,-0.7080078125,0.10986328125,0.20751953125,-0.06103515625,0.0732421875,0.06103515625,0.13427734375,0.0732421875,1.4404296875,0,1.171875,-0.08544921875,0.47607421875,-0.13427734375,-0.06103515625,-0.1220703125,0.732421875,-0.0732421875,0.634765625,-0.13427734375,0.439453125,0.3173828125,0.4150390625,-0.01220703125,0.1708984375,-0.048828125,0.18310546875,-0.10986328125,1.025390625,0.09765625,0.25634765625,0.03662109375,0.1708984375,-0.15869140625,0.42724609375,0.0732421875,0.9521484375,0.048828125,-0.0244140625,0.37841796875,1.513671875,-0.23193359375,-0.93994140625,0.32958984375,-0.1708984375,-0.08544921875,-0.9033203125,0.0244140625,-0.7080078125,0.09765625,-1.46484375,-0.03662109375,-0.20751953125,0.06103515625,-0.29296875,0.01220703125,-1.25732421875,-0.03662109375,-0.74462890625,-0.18310546875,-0.64697265625,-0.06103515625,-0.6591796875,-0.244140625,-0.08544921875,0.13427734375,-0.6591796875,-0.1708984375,-1.37939453125,-0.0244140625,-1.01318359375,-0.25634765625,0.4638671875,-0.03662109375,1.5869140625,-0.03662109375,1.3427734375,-0.06103515625,0.7080078125,0.06103515625,1.7333984375,-0.1708984375,0.10986328125,-0.0244140625,0.86669921875,0.1220703125,-0.4638671875,-0.20751953125,-0.20751953125
0,0.244140625,-0.48828125,-0.0244140625,-0.54931640625,0.09765625,-0.5859375,-0.06103515625,-0.390625,0.08544921875,0.03662109375,-0.06103515625,-0.5126953125,0.0244140625,1.18408203125,-0.13427734375,-0.01220703125,-0.8056640625,-0.76904296875,0.4150390625,-0.244140625,-0.01220703125,0.81787109375,-0.2197265625,-0.69580078125,-0.30517578125,-0.08544921875,-0.4150390625,-0.72021484375,-0.01220703125,0.98876953125,-0.0732421875,0.30517578125,-0.25634765625,-0.30517578125,0.048828125,-0.8056640625,0.439453125,-0.37841796875,-0.3173828125,-0.72021484375,0.06103515625,0.13427734375,-0.1220703125,-0.09765625,0.06103515625,0.0732421875,0.0244140625,1.3671875,-0.01220703125,1.18408203125,-0.08544921875,0.4638671875,-0.13427734375,-0.09765625,-0.1220703125,0.732421875,-0.048828125,0.634765625,-0.13427734375,0.439453125,0.341796875,0.45166015625,-0.0244140625,0.1708984375,-0.0244140625,0.18310546875,-0.08544921875,1.025390625,0.10986328125,0.25634765625,0.01220703125,0.15869140625,-0.1220703125,0.3173828125,0.0732421875,0.91552734375,0.03662109375,-0.08544921875,0.35400390625,1.57470703125,-0.18310546875,-0.9521484375,0.30517578125,-0.09765625,-0.0732421875,-0.93994140625,0.03662109375,-0.67138671875,0.09765625,-1.46484375,-0.048828125,-0.2197265625,0.08544921875,-0.29296875,0,-1.25732421875,-0.03662109375,-0.74462890625,-0.18310546875,-0.64697265625,-0.03662109375,-0.6591796875,-0.25634765625,-0.08544921875,0.13427734375,-0.6591796875,-0.1708984375,-1.37939453125,-0.0244140625,-1.0009765625,-0.23193359375,0.45166015625,-0.0732421875,1.953125,-0.06103515625,1.7333984375,-0.08544921875,1.01318359375,-0.09765625,2.587890625,-0.1708984375,0.0732421875,-0.01220703125,0.86669921875,0.13427734375,-0.47607421875,-0.20751953125,-0.23193359375
0,0.244140625,-0.50048828125,-0.03662109375,-0.54931640625,0.0732421875,-0.59814453125,-0.06103515625,-0.390625,0.10986328125,-0.54931640625,-0.048828125,-1.3916015625,0.0244140625,0.634765625,-0.146484375,-0.69580078125,-0.76904296875,-0.76904296875,0.42724609375,-0.23193359375,-0.01220703125,0.8056640625,-0.1953125,-0.68359375,-0.3173828125,-0.09765625,-0.4150390625,-0.72021484375,-0.03662109375,1.01318359375,-0.0732421875,0.30517578125,-0.244140625,-0.29296875,0.06103515625,-0.84228515625,0.3662109375,-0.32958984375,-0.32958984375,-0.7080078125,0.0732421875,0.1953125,-0.13427734375,-0.048828125,0.048828125,0.10986328125,0,1.42822265625,-0.01220703125,1.15966796875,-0.08544921875,0.5126953125,-0.18310546875,-0.13427734375,-0.08544921875,0.7568359375,-0.01220703125,0.64697265625,-0.13427734375,0.45166015625,0.35400390625,0.42724609375,-0.0244140625,0.146484375,-0.0244140625,0.18310546875,-0.09765625,1.03759765625,0.0732421875,0.23193359375,-0.01220703125,0.15869140625,-0.1220703125,0.32958984375,0.09765625,0.87890625,0.0244140625,-0.08544921875,0.2197265625,1.72119140625,-0.10986328125,-0.9521484375,0.29296875,-0.0244140625,-0.048828125,-0.927734375,0.03662109375,-0.64697265625,0.1220703125,-1.46484375,-0.03662109375,-0.2197265625,0.08544921875,-0.25634765625,-0.01220703125,-1.25732421875,-0.01220703125,-0.7568359375,-0.1953125,-0.634765625,-0.06103515625,-0.6591796875,-0.2197265625,-0.0732421875,0.146484375,-0.67138671875,-0.1708984375,-1.3671875,-0.0244140625,-1.0009765625,-0.23193359375,0.439453125,-0.06103515625,2.40478515625,-0.03662109375,2.2216796875,-0.048828125,1.3671875,-0.0244140625,3.564453125,-0.15869140625,0.06103515625,-0.03662109375,0.87890625,0.146484375,-0.4638671875,-0.2197265625,-0.29296875
0,0.244140625,-0.50048828125,-0.0244140625,-0.52490234375,0.0732421875,-0.59814453125,-0.06103515625,-0.37841796875,0.10986328125,-1.0986328125,-0.03662109375,-2.099609375,0.048828125,0.15869140625,-0.15869140625,-1.2451171875,-0.732421875,-0.7568359375,0.40283203125,-0.23193359375,0,0.8056640625,-0.2197265625,-0.67138671875,-0.3173828125,-0.06103515625,-0.4150390625,-0.732421875,-0.03662109375,0.98876953125,-0.08544921875,0.29296875,-0.2197265625,-0.28076171875,0.0732421875,-0.81787109375,0.3662109375,-0.30517578125,-0.29296875,-0.72021484375,0.06103515625,0.390625,-0.06103515625,0.35400390625,0.048828125,0.25634765625,0,1.6357421875,-0.0244140625,1.171875,-0.048828125,0.5126953125,-0.1953125,-0.1220703125,-0.0732421875,0.7568359375,0.01220703125,0.64697265625,-0.146484375,0.45166015625,0.35400390625,0.45166015625,-0.0244140625,0.146484375,0.01220703125,0.2197265625,-0.08544921875,1.0498046875,0.06103515625,0.23193359375,-0.048828125,0.18310546875,-0.10986328125,0.40283203125,0.09765625,0.9521484375,0,0,0.08544921875,1.96533203125,-0.09765625,-0.98876953125,0.28076171875,0,-0.048828125,-0.9765625,0.048828125,-0.62255859375,0.1220703125,-1.45263671875,-0.01220703125,-0.23193359375,0.09765625,-0.25634765625,0,-1.2451171875,-0.0244140625,-0.78125,-0.20751953125,-0.64697265625,-0.06103515625,-0.6591796875,-0.23193359375,-0.08544921875,0.13427734375,-0.67138671875,-0.1708984375,-1.3916015625,0,-0.96435546875,-0.23193359375,0.47607421875,-0.048828125,2.94189453125,-0.0244140625,2.77099609375,-0.06103515625,1.7578125,-0.08544921875,4.62646484375,-0.1708984375,0.03662109375,-0.01220703125,0.89111328125,0.1708984375,-0.45166015625,-0.244140625,-0.35400390625
0,0.23193359375,-0.5126953125,-0.03662109375,-0.50048828125,0.03662109375,-0.5859375,-0.0732421875,-0.35400390625,0.09765625,-1.46484375,-0.146484375,-2.62451171875,-0.01220703125,-0.15869140625,-0.23193359375,-1.64794921875,-0.69580078125,-0.72021484375,0.37841796875,-0.23193359375,-0.0244140625,0.79345703125,-0.1953125,-0.67138671875,-0.3173828125,-0.06103515625,-0.4150390625,-0.732421875,-0.0732421875,0.98876953125,-0.10986328125,0.30517578125,-0.2197265625,-0.244140625,0.09765625,-0.8056640625,0.32958984375,-0.25634765625,-0.2685546875,-0.69580078125,0.0732421875,0.74462890625,-0.10986328125,1.06201171875,0.03662109375,0.5126953125,-0.01220703125,2.03857421875,-0.0244140625,1.171875,-0.048828125,0.48828125,-0.18310546875,-0.13427734375,-0.0732421875,0.74462890625,0.0244140625,0.6591796875,-0.15869140625,0.42724609375,0.35400390625,0.4638671875,0,0.1708984375,0.06103515625,0.20751953125,-0.0732421875,1.06201171875,0.06103515625,0.25634765625,-0.06103515625,0.20751953125,-0.1220703125,0.6103515625,0.09765625,1.13525390625,-0.0244140625,0.15869140625,0,2.3681640625,-0.1708984375,-1.0009765625,0.23193359375,0,-0.0244140625,-1.0009765625,0.03662109375,-0.5859375,0.09765625,-1.46484375,0,-0.23193359375,0.1220703125,-0.25634765625,0,-1.25732421875,-0.0244140625,-0.76904296875,-0.20751953125,-0.64697265625,-0.03662109375,-0.6591796875,-0.2197265625,-0.08544921875,0.13427734375,-0.68359375,-0.15869140625,-1.3916015625,-0.01220703125,-0.9765625,-0.20751953125,0.4638671875,-0.048828125,3.5400390625,-0.0244140625,3.3447265625,-0.06103515625,2.20947265625,-0.1220703125,5.76171875,-0.15869140625,0.01220703125,-0.0244140625,0.86669921875,0.1220703125,-0.45166015625,-0.20751953125,-0.40283203125
0,0.2197265625,-0.5126953125,-0.06103515625,-0.50048828125,0.0244140625,-0.5615234375,-0.06103515625,-0.3662109375,0.13427734375,-1.66015625,-0.09765625,-2.8564453125,0.03662109375,-0.3173828125,-0.20751953125,-1.8798828125,-0.67138671875,-0.68359375,0.35400390625,-0.20751953125,-0.01220703125,0.79345703125,-0.18310546875,-0.67138671875,-0.35400390625,-0.06103515625,-0.390625,-0.72021484375,-0.08544921875,0.9765625,-0.13427734375,0.29296875,-0.20751953125,-0.244140625,0.09765625,-0.79345703125,0.3173828125,-0.23193359375,-0.2685546875,-0.7080078125,0.06103515625,1.20849609375,-0.08544921875,2.06298828125,0.0244140625,0.927734375,0,2.587890625,-0.03662109375,1.18408203125,-0.048828125,0.48828125,-0.20751953125,-0.13427734375,-0.0732421875,0.7568359375,0.048828125,0.64697265625,-0.146484375,0.439453125,0.341796875,0.47607421875,0,0.15869140625,0.06103515625,0.244140625,-0.08544921875,1.06201171875,0.06103515625,0.2685546875,-0.10986328125,0.20751953125,-0.13427734375,0.9033203125,0.08544921875,1.33056640625,-0.048828125,0.35400390625,0.08544921875,2.91748046875,-0.09765625,-0.93994140625,0.20751953125,-0.048828125,-0.0244140625,-1.01318359375,0.06103515625,-0.62255859375,0.09765625,-1.45263671875,-0.01220703125,-0.2197265625,0.1220703125,-0.244140625,0.01220703125,-1.2451171875,-0.01220703125,-0.78125,-0.23193359375,-0.64697265625,-0.01220703125,-0.6591796875,-0.244140625,-0.09765625,0.13427734375,-0.68359375,-0.146484375,-1.40380859375,-0.0244140625,-0.96435546875,-0.2197265625,0.4638671875,-0.06103515625,4.13818359375,-0.0244140625,3.99169921875,-0.08544921875,2.67333984375,-0.146484375,6.9580078125,-0.1708984375,0.01220703125,-0.03662109375,0.86669921875,0.1220703125,-0.4638671875,-0.20751953125,-0.4638671875
0,0.1953125,-0.5126953125,-0.0732421875,-0.48828125,0.03662109375,-0.57373046875,-0.0732421875,-0.341796875,0.15869140625,-1.67236328125,-0.0732421875,-2.8076171875,0.048828125,-0.25634765625,-0.15869140625,-1.86767578125,-0.59814453125,-0.64697265625,0.35400390625,-0.1953125,-0.0244140625,0.79345703125,-0.18310546875,-0.67138671875,-0.3662109375,-0.06103515625,-0.341796875,-0.72021484375,-0.09765625,0.98876953125,-0.1220703125,0.29296875,-0.244140625,-0.23193359375,0.10986328125,-0.8056640625,0.30517578125,-0.1953125,-0.25634765625,-0.69580078125,0.0732421875,1.7822265625,-0.10986328125,3.30810546875,0.01220703125,1.40380859375,0.0244140625,3.271484375,-0.048828125,1.220703125,-0.06103515625,0.50048828125,-0.23193359375,-0.1220703125,-0.0732421875,0.7568359375,0.06103515625,0.64697265625,-0.146484375,0.45166015625,0.3173828125,0.47607421875,0.01220703125,0.1708984375,0.08544921875,0.28076171875,-0.06103515625,1.08642578125,0.048828125,0.2685546875,-0.1220703125,0.244140625,-0.146484375,1.30615234375,0.08544921875,1.611328125,-0.08544921875,0.6103515625,0,3.64990234375,-0.0732421875,-0.89111328125,0.15869140625,-0.06103515625,0,-1.025390625,0.048828125,-0.634765625,0.0732421875,-1.42822265625,0,-0.1953125,0.1220703125,-0.25634765625,-0.01220703125,-1.26953125,-0.01220703125,-0.7568359375,-0.23193359375,-0.6591796875,0,-0.6591796875,-0.23193359375,-0.09765625,0.13427734375,-0.69580078125,-0.146484375,-1.3916015625,-0.01220703125,-0.9521484375,-0.1953125,0.4638671875,-0.048828125,4.69970703125,-0.01220703125,4.6142578125,-0.06103515625,3.1005859375,-0.146484375,8.10546875,-0.1708984375,0.0244140625,-0.06103515625,0.87890625,0.08544921875,-0.4638671875,-0.18310546875,-0.48828125
0,0.1953125,-0.5126953125,-0.06103515625,-0.52490234375,0,-0.5859375,-0.06103515625,-0.35400390625,0.18310546875,-1.47705078125,-0.06103515625,-2.490234375,0.06103515625,-0.0244140625,-0.146484375,-1.64794921875,-0.57373046875,-0.6103515625,0.3173828125,-0.1953125,0,0.79345703125,-0.18310546875,-0.67138671875,-0.40283203125,-0.0732421875,-0.3173828125,-0.732421875,-0.09765625,0.9765625,-0.1220703125,0.28076171875,-0.23193359375,-0.244140625,0.15869140625,-0.79345703125,0.23193359375,-0.18310546875,-0.25634765625,-0.69580078125,0.06103515625,2.40478515625,-0.10986328125,4.6630859375,0.01220703125,1.94091796875,0.01220703125,4.04052734375,-0.08544921875,1.220703125,-0.03662109375,0.5126953125,-0.25634765625,-0.146484375,-0.048828125,0.732421875,0.06103515625,0.634765625,-0.146484375,0.45166015625,0.25634765625,0.47607421875,0.01220703125,0.1708984375,0.09765625,0.29296875,-0.048828125,1.0986328125,0.01220703125,0.30517578125,-0.15869140625,0.25634765625,-0.146484375,1.708984375,0.0732421875,1.904296875,-0.08544921875,0.927734375,0.18310546875,4.4677734375,-0.03662109375,-0.732421875,0.13427734375,-0.08544921875,0.01220703125,-1.0009765625,0.0244140625,-0.64697265625,0.09765625,-1.4404296875,0.01220703125,-0.1953125,0.13427734375,-0.29296875,0,-1.26953125,-0.0244140625,-0.74462890625,-0.244140625,-0.6591796875,0.0244140625,-0.67138671875,-0.23193359375,-0.08544921875,0.1220703125,-0.68359375,-0.13427734375,-1.3916015625,-0.03662109375,-0.9521484375,-0.15869140625,0.45166015625,-0.048828125,5.21240234375,0,5.1513671875,-0.08544921875,3.4912109375,-0.15869140625,9.1552734375,-0.1708984375,0.01220703125,-0.048828125,0.87890625,0.08544921875,-0.45166015625,-0.18310546875,-0.50048828125
0,0.1708984375,-0.5126953125,-0.0732421875,-0.52490234375,-0.01220703125,-0.59814453125,-0.06103515625,-0.35400390625,0.18310546875,-1.171875,-0.0244140625,-1.98974609375,0.0732421875,0.30517578125,-0.1708984375,-1.26953125,-0.5615234375,-0.59814453125,0.3173828125,-0.18310546875,-0.01220703125,0.8056640625,-0.1708984375,-0.68359375,-0.42724609375,-0.0732421875,-0.28076171875,-0.72021484375,-0.09765625,0.9765625,-0.10986328125,0.29296875,-0.23193359375,-0.23193359375,0.15869140625,-0.79345703125,0.20751953125,-0.18310546875,-0.28076171875,-0.68359375,0.048828125,3.0029296875,-0.1953125,5.9814453125,-0.01220703125,2.4658203125,0.03662109375,4.8095703125,-0.1220703125,1.23291015625,-0.03662109375,0.48828125,-0.2685546875,-0.1220703125,-0.03662109375,0.74462890625,0.08544921875,0.64697265625,-0.13427734375,0.45166015625,0.25634765625,0.45166015625,0.03662109375,0.15869140625,0.1220703125,0.30517578125,-0.048828125,1.0986328125,0.0244140625,0.29296875,-0.1708984375,0.244140625,-0.146484375,2.1484375,0.09765625,2.1728515625,-0.06103515625,1.2451171875,0.20751953125,5.37109375,-0.0244140625,-0.4638671875,0.10986328125,-0.08544921875,0.01220703125,-0.9521484375,0.0244140625,-0.634765625,0.10986328125,-1.416015625,0.01220703125,-0.1953125,0.146484375,-0.30517578125,-0.01220703125,-1.25732421875,-0.01220703125,-0.74462890625,-0.244140625,-0.64697265625,0.01220703125,-0.68359375,-0.23193359375,-0.09765625,0.1220703125,-0.67138671875,-0.10986328125,-1.40380859375,-0.0244140625,-0.9521484375,-0.146484375,0.45166015625,-0.06103515625,5.52978515625,0,5.56640625,-0.0732421875,3.7353515625,-0.15869140625,9.9609375,-0.1708984375,0.048828125,-0.048828125,0.84228515625,0.08544921875,-0.48828125,-0.1708984375,-0.5126953125
0,0.15869140625,-0.5126953125,-0.0732421875,-0.537109375,-0.0244140625,-0.5859375,-0.06103515625,-0.35400390625,0.20751953125,-0.76904296875,0,-1.40380859375,0.06103515625,0.67138671875,-0.146484375,-0.79345703125,-0.52490234375,-0.59814453125,0.2685546875,-0.1953125,0.01220703125,0.8056640625,-0.18310546875,-0.68359375,-0.47607421875,-0.06103515625,-0.2197265625,-0.7080078125,-0.13427734375,0.9765625,-0.09765625,0.28076171875,-0.23193359375,-0.1953125,0.18310546875,-0.8056640625,0.20751953125,-0.1708984375,-0.28076171875,-0.67138671875,0.048828125,3.515625,-0.23193359375,7.12890625,-0.0244140625,2.9296875,0.03662109375,5.46875,-0.13427734375,1.1962890625,0,0.47607421875,-0.29296875,-0.1220703125,-0.03662109375,0.74462890625,0.09765625,0.634765625,-0.13427734375,0.45166015625,0.23193359375,0.439453125,0.048828125,0.13427734375,0.1220703125,0.3173828125,-0.0244140625,1.0986328125,0.01220703125,0.30517578125,-0.20751953125,0.244140625,-0.146484375,2.5146484375,0.0732421875,2.392578125,-0.0732421875,1.50146484375,0.1953125,6.31103515625,-0.0244140625,-0.06103515625,0.06103515625,0.01220703125,0.01220703125,-0.84228515625,0,-0.54931640625,0.09765625,-1.3916015625,0.01220703125,-0.1708984375,0.146484375,-0.3173828125,-0.01220703125,-1.2451171875,-0.0244140625,-0.732421875,-0.23193359375,-0.634765625,0.0244140625,-0.67138671875,-0.20751953125,-0.09765625,0.1220703125,-0.6591796875,-0.09765625,-1.3916015625,-0.048828125,-0.96435546875,-0.10986328125,0.439453125,-0.06103515625,5.6884765625,0,5.74951171875,-0.0732421875,3.84521484375,-0.15869140625,10.3759765625,-0.1953125,0.0732421875,-0.03662109375,0.89111328125,0.08544921875,-0.48828125,-0.10986328125,-0.4638671875
0,0.13427734375,-0.5126953125,-0.0732421875,-0.54931640625,-0.03662109375,-0.5615234375,-0.0732421875,-0.3662109375,0.1953125,-0.3662109375,-0.01220703125,-0.86669921875,0.06103515625,1.025390625,-0.15869140625,-0.3662109375,-0.48828125,-0.62255859375,0.23193359375,-0.18310546875,0,0.78125,-0.1953125,-0.69580078125,-0.5126953125,-0.06103515625,-0.1953125,-0.72021484375,-0.1708984375,0.98876953125,-0.08544921875,0.29296875,-0.2197265625,-0.23193359375,0.1708984375,-0.8056640625,0.15869140625,-0.2197265625,-0.29296875,-0.69580078125,0.06103515625,3.86962890625,-0.25634765625,7.94677734375,-0.03662109375,3.23486328125,0.06103515625,5.9814453125,-0.146484375,1.171875,0,0.4638671875,-0.30517578125,-0.08544921875,-0.0244140625,0.74462890625,0.10986328125,0.634765625,-0.13427734375,0.4638671875,0.20751953125,0.42724609375,0.08544921875,0.15869140625,0.1220703125,0.3173828125,0,1.07421875,0.01220703125,0.28076171875,-0.25634765625,0.23193359375,-0.146484375,2.8076171875,0.06103515625,2.587890625,-0.0732421875,1.72119140625,0.15869140625,7.1533203125,-0.08544921875,0.5126953125,0.06103515625,0.23193359375,0.0244140625,-0.72021484375,0,-0.40283203125,0.09765625,-1.416015625,0.0244140625,-0.1708984375,0.15869140625,-0.29296875,0,-1.2451171875,-0.0244140625,-0.72021484375,-0.20751953125,-0.64697265625,0.01220703125,-0.68359375,-0.1953125,-0.09765625,0.1220703125,-0.67138671875,-0.06103515625,-1.3671875,-0.08544921875,-0.96435546875,-0.10986328125,0.42724609375,-0.06103515625,5.57861328125,0,5.70068359375,-0.08544921875,3.79638671875,-0.1708984375,10.33935546875,-0.1953125,0.10986328125,-0.03662109375,0.9033203125,0.08544921875,-0.48828125,-0.1220703125,-0.42724609375
0,0.1220703125,-0.50048828125,-0.08544921875,-0.5615234375,-0.03662109375,-0.5615234375,-0.0732421875,-0.3662109375,0.2197265625,-0.06103515625,0.06103515625,-0.47607421875,0.0732421875,1.26953125,-0.1220703125,-0.01220703125,-0.42724609375,-0.634765625,0.1953125,-0.20751953125,0.01220703125,0.8056640625,-0.20751953125,-0.68359375,-0.52490234375,-0.0732421875,-0.15869140625,-0.7080078125,-0.15869140625,0.9765625,-0.08544921875,0.30517578125,-0.244140625,-0.25634765625,0.1708984375,-0.830078125,0.146484375,-0.28076171875,-0.29296875,-0.7080078125,0.048828125,4.06494140625,-0.244140625,8.41064453125,-0.06103515625,3.43017578125,0.06103515625,6.26220703125,-0.146484375,1.171875,0,0.4638671875,-0.341796875,-0.09765625,-0.0244140625,0.732421875,0.1220703125,0.64697265625,-0.13427734375,0.4638671875,0.15869140625,0.4150390625,0.0732421875,0.13427734375,0.13427734375,0.3173828125,0,1.06201171875,0,0.2685546875,-0.25634765625,0.2197265625,-0.1220703125,3.0029296875,0.0732421875,2.7099609375,-0.06103515625,1.8798828125,0.09765625,7.8857421875,-0.1708984375,1.2451171875,0.0244140625,0.537109375,-0.0244140625,-0.537109375,-0.01220703125,-0.1953125,0.08544921875,-1.416015625,0.01220703125,-0.18310546875,0.15869140625,-0.25634765625,0.01220703125,-1.25732421875,-0.048828125,-0.7080078125,-0.2197265625,-0.64697265625,0.01220703125,-0.69580078125,-0.1708984375,-0.0732421875,0.09765625,-0.67138671875,-0.0732421875,-1.37939453125,-0.1220703125,-0.9765625,-0.08544921875,0.42724609375,-0.0732421875,5.18798828125,0.0244140625,5.33447265625,-0.0732421875,3.52783203125,-0.15869140625,9.765625,-0.1953125,0.13427734375,-0.048828125,0.9033203125,0.10986328125,-0.48828125,-0.10986328125,-0.390625
0,0.10986328125,-0.50048828125,-0.09765625,-0.54931640625,-0.048828125,-0.5615234375,-0.0732421875,-0.37841796875,0.1708984375,0.10986328125,0.06103515625,-0.28076171875,0.03662109375,1.37939453125,-0.1708984375,0.18310546875,-0.32958984375,-0.64697265625,0.13427734375,-0.20751953125,0.048828125,0.79345703125,-0.2197265625,-0.68359375,-0.537109375,-0.0732421875,-0.1220703125,-0.72021484375,-0.1708984375,0.98876953125,-0.0732421875,0.29296875,-0.244140625,-0.244140625,0.1708984375,-0.830078125,0.13427734375,-0.32958984375,-0.29296875,-0.7080078125,0.03662109375,4.0771484375,-0.2685546875,8.48388671875,-0.048828125,3.43017578125,0.0732421875,6.3232421875,-0.15869140625,1.1474609375,0,0.47607421875,-0.3662109375,-0.13427734375,-0.01220703125,0.74462890625,0.13427734375,0.64697265625,-0.10986328125,0.45166015625,0.1220703125,0.4150390625,0.08544921875,0.1708984375,0.13427734375,0.29296875,0.01220703125,1.0498046875,0,0.25634765625,-0.28076171875,0.18310546875,-0.15869140625,3.1005859375,0.048828125,2.74658203125,-0.08544921875,1.953125,0.15869140625,8.3984375,-0.18310546875,2.11181640625,0.01220703125,0.91552734375,-0.0244140625,-0.30517578125,-0.03662109375,0.0732421875,0.09765625,-1.4404296875,0,-0.1953125,0.15869140625,-0.244140625,0,-1.2451171875,-0.0244140625,-0.69580078125,-0.20751953125,-0.64697265625,0.0244140625,-0.68359375,-0.15869140625,-0.06103515625,0.09765625,-0.6591796875,-0.06103515625,-1.40380859375,-0.13427734375,-0.98876953125,-0.0732421875,0.42724609375,-0.0732421875,4.57763671875,0.0244140625,4.69970703125,-0.06103515625,3.076171875,-0.15869140625,8.642578125,-0.18310546875,0.10986328125,-0.048828125,0.93994140625,0.1220703125,-0.47607421875,-0.08544921875,-0.37841796875
0,0.09765625,-0.48828125,-0.09765625,-0.54931640625,-0.048828125,-0.54931640625,-0.048828125,-0.390625,0.18310546875,0.1220703125,0.09765625,-0.341796875,0.03662109375,1.3671875,-0.15869140625,0.20751953125,-0.23193359375,-0.6591796875,0.13427734375,-0.2197265625,0.06103515625,0.79345703125,-0.244140625,-0.69580078125,-0.537109375,-0.0732421875,-0.08544921875,-0.7080078125,-0.15869140625,1.0009765625,-0.06103515625,0.30517578125,-0.25634765625,-0.23193359375,0.18310546875,-0.830078125,0.1220703125,-0.35400390625,-0.30517578125,-0.7080078125,0.048828125,3.8818359375,-0.29296875,8.154296875,-0.08544921875,3.30810546875,0.0732421875,6.16455078125,-0.1708984375,1.15966796875,0,0.4638671875,-0.37841796875,-0.1220703125,0,0.7568359375,0.1708984375,0.64697265625,-0.09765625,0.4638671875,0.10986328125,0.4150390625,0.048828125,0.15869140625,0.09765625,0.32958984375,0.0244140625,1.03759765625,-0.01220703125,0.244140625,-0.29296875,0.18310546875,-0.13427734375,3.076171875,0.06103515625,2.77099609375,-0.0732421875,1.96533203125,0.23193359375,8.67919921875,-0.20751953125,3.08837890625,0.01220703125,1.3671875,0,-0.03662109375,-0.0244140625,0.42724609375,0.09765625,-1.45263671875,-0.0244140625,-0.20751953125,0.15869140625,-0.23193359375,0,-1.220703125,-0.0244140625,-0.72021484375,-0.2197265625,-0.6591796875,0.03662109375,-0.69580078125,-0.1708984375,-0.0732421875,0.08544921875,-0.67138671875,-0.06103515625,-1.37939453125,-0.13427734375,-1.0009765625,-0.0732421875,0.42724609375,-0.048828125,3.759765625,0.0244140625,3.857421875,-0.0732421875,2.45361328125,-0.15869140625,7.080078125,-0.18310546875,0.10986328125,-0.048828125,0.9521484375,0.13427734375,-0.47607421875,-0.09765625,-0.37841796875
1,0.0732421875,-0.4638671875,-0.09765625,-0.52490234375,-0.06103515625,-0.5859375,-0.0732421875,-0.37841796875,0.1953125,0,0.08544921875,-0.59814453125,0.03662109375,1.1962890625,-0.13427734375,0.0732421875,-0.20751953125,-0.6591796875,0.09765625,-0.25634765625,0.06103515625,0.79345703125,-0.2685546875,-0.67138671875,-0.537109375,-0.08544921875,-0.06103515625,-0.7080078125,-0.1708984375,1.01318359375,-0.048828125,0.30517578125,-0.2685546875,-0.2197265625,0.1953125,-0.830078125,0.0732421875,-0.40283203125,-0.29296875,-0.72021484375,0.03662109375,3.5888671875,-0.28076171875,7.5439453125,-0.06103515625,3.0029296875,0.048828125,5.7861328125,-0.1953125,1.1474609375,0.0244140625,0.48828125,-0.390625,-0.13427734375,-0.01220703125,0.74462890625,0.18310546875,0.64697265625,-0.09765625,0.439453125,0.08544921875,0.4150390625,0.06103515625,0.1708984375,0.09765625,0.341796875,0.0244140625,1.0498046875,-0.01220703125,0.244140625,-0.3173828125,0.20751953125,-0.10986328125,2.9541015625,0.06103515625,2.69775390625,-0.0732421875,1.904296875,0.1220703125,8.642578125,-0.13427734375,4.04052734375,0,1.85546875,-0.01220703125,0.20751953125,-0.0244140625,0.76904296875,0.09765625,-1.46484375,-0.0244140625,-0.20751953125,0.1708984375,-0.2197265625,0,-1.2451171875,-0.06103515625,-0.7080078125,-0.1953125,-0.6591796875,0.03662109375,-0.68359375,-0.13427734375,-0.0732421875,0.08544921875,-0.6591796875,-0.06103515625,-1.37939453125,-0.1708984375,-1.01318359375,-0.048828125,0.42724609375,-0.0732421875,2.81982421875,0.01220703125,2.84423828125,-0.08544921875,1.74560546875,-0.15869140625,5.2001953125,-0.18310546875,0.08544921875,-0.06103515625,0.9765625,0.13427734375,-0.45166015625,-0.10986328125,-0.37841796875
1,0.06103515625,-0.4638671875,-0.10986328125,-0.537109375,-0.06103515625,-0.57373046875,-0.06103515625,-0.3662109375,0.1708984375,-0.23193359375,0.10986328125,-0.96435546875,0.01220703125,0.96435546875,-0.13427734375,-0.18310546875,-0.13427734375,-0.67138671875,0.048828125,-0.25634765625,0.06103515625,0.79345703125,-0.2685546875,-0.68359375,-0.537109375,-0.08544921875,-0.0244140625,-0.732421875,-0.146484375,1.0009765625,-0.0732421875,0.30517578125,-0.25634765625,-0.2197265625,0.1953125,-0.81787109375,0.03662109375,-0.4150390625,-0.29296875,-0.72021484375,0.03662109375,3.1494140625,-0.25634765625,6.67724609375,-0.0732421875,2.63671875,0.03662109375,5.26123046875,-0.23193359375,1.1474609375,0.0244140625,0.48828125,-0.390625,-0.13427734375,0,0.76904296875,0.18310546875,0.634765625,-0.0732421875,0.439453125,0.06103515625,0.42724609375,0.048828125,0.1708984375,0.08544921875,0.35400390625,0.0244140625,1.07421875,-0.03662109375,0.2685546875,-0.32958984375,0.20751953125,-0.10986328125,2.79541015625,0.06103515625,2.587890625,-0.10986328125,1.79443359375,0.03662109375,8.36181640625,-0.08544921875,4.931640625,0.01220703125,2.30712890625,-0.0244140625,0.439453125,0,1.11083984375,0.09765625,-1.4892578125,-0.03662109375,-0.20751953125,0.1708984375,-0.23193359375,-0.01220703125,-1.25732421875,-0.03662109375,-0.7080078125,-0.20751953125,-0.6591796875,0.06103515625,-0.68359375,-0.10986328125,-0.048828125,0.08544921875,-0.67138671875,-0.03662109375,-1.3916015625,-0.18310546875,-0.98876953125,-0.048828125,0.439453125,-0.06103515625,1.86767578125,0.01220703125,1.7822265625,-0.06103515625,1.03759765625,-0.13427734375,3.16162109375,-0.1708984375,0.06103515625,-0.08544921875,0.98876953125,0.13427734375,-0.439453125,-0.09765625,-0.40283203125
1,0.048828125,-0.47607421875,-0.09765625,-0.5126953125,-0.06103515625,-0.5859375,-0.0732421875,-0.35400390625,0.09765625,-0.5126953125,-0.03662109375,-1.3671875,-0.03662109375,0.74462890625,-0.20751953125,-0.47607421875,-0.0732421875,-0.6591796875,0.0244140625,-0.23193359375,0.048828125,0.8056640625,-0.28076171875,-0.6591796875,-0.52490234375,-0.09765625,0.01220703125,-0.732421875,-0.146484375,1.0009765625,-0.0732421875,0.30517578125,-0.244140625,-0.2197265625,0.1708984375,-0.830078125,0.0244140625,-0.42724609375,-0.29296875,-0.72021484375,0.01220703125,2.6611328125,-0.244140625,5.67626953125,-0.06103515625,2.20947265625,0.03662109375,4.6630859375,-0.244140625,1.15966796875,0.03662109375,0.48828125,-0.40283203125,-0.1708984375,0,0.7568359375,0.1953125,0.634765625,-0.0732421875,0.439453125,0.0244140625,0.45166015625,0.048828125,0.1708984375,0.0732421875,0.341796875,0.0244140625,1.0498046875,-0.03662109375,0.2685546875,-0.32958984375,0.23193359375,-0.1220703125,2.6123046875,0.03662109375,2.4658203125,-0.08544921875,1.6357421875,-0.03662109375,7.8369140625,-0.08544921875,5.712890625,0.0244140625,2.685546875,-0.0244140625,0.68359375,0.0244140625,1.3671875,0.09765625,-1.47705078125,-0.048828125,-0.2197265625,0.1708984375,-0.23193359375,-0.01220703125,-1.2451171875,-0.03662109375,-0.69580078125,-0.2197265625,-0.6591796875,0.048828125,-0.67138671875,-0.13427734375,-0.06103515625,0.08544921875,-0.64697265625,-0.03662109375,-1.3916015625,-0.18310546875,-1.0009765625,-0.0732421875,0.439453125,-0.06103515625,0.9765625,0.01220703125,0.78125,-0.06103515625,0.32958984375,-0.146484375,1.220703125,-0.15869140625,0.03662109375,-0.06103515625,0.9765625,0.1220703125,-0.390625,-0.09765625,-0.439453125
1,0.048828125,-0.47607421875,-0.10986328125,-0.50048828125,-0.06103515625,-0.57373046875,-0.06103515625,-0.341796875,0.13427734375,-0.72021484375,0.01220703125,-1.67236328125,-0.01220703125,0.537109375,-0.15869140625,-0.7080078125,0.01220703125,-0.6591796875,-0.0244140625,-0.244140625,0.048828125,0.78125,-0.28076171875,-0.67138671875,-0.5126953125,-0.10986328125,0.048828125,-0.74462890625,-0.146484375,0.98876953125,-0.06103515625,0.29296875,-0.25634765625,-0.23193359375,0.1708984375,-0.79345703125,-0.0244140625,-0.4638671875,-0.30517578125,-0.732421875,0.01220703125,2.1484375,-0.20751953125,4.638671875,-0.0732421875,1.7578125,0.03662109375,4.00390625,-0.25634765625,1.1474609375,0.048828125,0.47607421875,-0.390625,-0.18310546875,0,0.74462890625,0.2197265625,0.62255859375,-0.06103515625,0.45166015625,0,0.4638671875,0.048828125,0.15869140625,0.06103515625,0.3662109375,0.0244140625,1.0498046875,-0.03662109375,0.29296875,-0.341796875,0.23193359375,-0.10986328125,2.392578125,0.01220703125,2.3193359375,-0.09765625,1.47705078125,-0.06103515625,7.16552734375,-0.146484375,6.26220703125,0.0244140625,2.9296875,-0.048828125,0.830078125,0.01220703125,1.5625,0.10986328125,-1.47705078125,-0.06103515625,-0.2197265625,0.18310546875,-0.244140625,-0.0244140625,-1.2451171875,-0.0244140625,-0.732421875,-0.23193359375,-0.67138671875,0.06103515625,-0.7080078125,-0.10986328125,-0.048828125,0.10986328125,-0.64697265625,-0.03662109375,-1.40380859375,-0.1953125,-1.0009765625,-0.06103515625,0.42724609375,-0.06103515625,0.2197265625,0,-0.048828125,-0.08544921875,-0.23193359375,-0.10986328125,-0.4150390625,-0.13427734375,0.0244140625,-0.0732421875,0.93994140625,0.13427734375,-0.390625,-0.0732421875,-0.47607421875
1,0.03662109375,-0.48828125,-0.09765625,-0.48828125,-0.048828125,-0.5859375,-0.048828125,-0.32958984375,0.13427734375,-0.8544921875,0.06103515625,-1.8310546875,-0.03662109375,0.45166015625,-0.1708984375,-0.81787109375,0.08544921875,-0.634765625,-0.048828125,-0.244140625,0.0244140625,0.79345703125,-0.2685546875,-0.6591796875,-0.50048828125,-0.1220703125,0.06103515625,-0.72021484375,-0.1220703125,0.98876953125,-0.0732421875,0.30517578125,-0.244140625,-0.23193359375,0.1708984375,-0.79345703125,-0.03662109375,-0.4638671875,-0.28076171875,-0.7080078125,0,1.64794921875,-0.1953125,3.62548828125,-0.06103515625,1.33056640625,0.01220703125,3.3447265625,-0.2685546875,1.15966796875,0.06103515625,0.47607421875,-0.37841796875,-0.1953125,0,0.74462890625,0.23193359375,0.62255859375,-0.06103515625,0.439453125,0,0.47607421875,0.03662109375,0.13427734375,0.048828125,0.3662109375,0.03662109375,1.06201171875,-0.06103515625,0.28076171875,-0.390625,0.23193359375,-0.1220703125,2.197265625,-0.01220703125,2.1728515625,-0.09765625,1.30615234375,-0.06103515625,6.50634765625,-0.1708984375,6.53076171875,0.01220703125,3.06396484375,-0.0244140625,0.9033203125,0.03662109375,1.66015625,0.08544921875,-1.47705078125,-0.0732421875,-0.244140625,0.20751953125,-0.25634765625,-0.03662109375,-1.25732421875,-0.03662109375,-0.72021484375,-0.244140625,-0.68359375,0.09765625,-0.69580078125,-0.09765625,-0.0732421875,0.1220703125,-0.634765625,-0.048828125,-1.416015625,-0.20751953125,-1.0009765625,-0.0732421875,0.42724609375,-0.06103515625,-0.32958984375,0,-0.67138671875,-0.08544921875,-0.67138671875,-0.13427734375,-1.64794921875,-0.146484375,0.0244140625,-0.08544921875,0.927734375,0.13427734375,-0.42724609375,-0.048828125,-0.48828125
1,0.0244140625,-0.50048828125,-0.09765625,-0.47607421875,-0.048828125,-0.5859375,-0.03662109375,-0.32958984375,0.06103515625,-0.830078125,-0.048828125,-1.79443359375,-0.09765625,0.5126953125,-0.23193359375,-0.79345703125,0.13427734375,-0.6103515625,-0.0732421875,-0.23193359375,0.03662109375,0.79345703125,-0.2685546875,-0.68359375,-0.5126953125,-0.10986328125,0.09765625,-0.7080078125,-0.10986328125,0.9765625,-0.0732421875,0.30517578125,-0.244140625,-0.244140625,0.15869140625,-0.81787109375,-0.048828125,-0.45166015625,-0.25634765625,-0.7080078125,0,1.171875,-0.20751953125,2.6611328125,-0.0732421875,0.9033203125,0,2.7099609375,-0.30517578125,1.171875,0.0732421875,0.48828125,-0.390625,-0.18310546875,0.01220703125,0.732421875,0.25634765625,0.62255859375,-0.0732421875,0.45166015625,-0.03662109375,0.4638671875,0.03662109375,0.146484375,0.01220703125,0.3662109375,0,1.06201171875,-0.0732421875,0.28076171875,-0.37841796875,0.25634765625,-0.1220703125,2.03857421875,-0.0244140625,2.0263671875,-0.10986328125,1.171875,0,5.92041015625,-0.1220703125,6.494140625,0.01220703125,3.01513671875,-0.03662109375,0.91552734375,0.01220703125,1.62353515625,0.09765625,-1.4892578125,-0.0732421875,-0.244140625,0.1953125,-0.28076171875,-0.01220703125,-1.2451171875,-0.0244140625,-0.732421875,-0.25634765625,-0.68359375,0.1220703125,-0.69580078125,-0.09765625,-0.0732421875,0.13427734375,-0.64697265625,-0.048828125,-1.3916015625,-0.2197265625,-0.9765625,-0.048828125,0.439453125,-0.0732421875,-0.634765625,-0.01220703125,-1.0498046875,-0.0732421875,-0.89111328125,-0.15869140625,-2.30712890625,-0.13427734375,0.0244140625,-0.08544921875,0.87890625,0.146484375,-0.439453125,-0.048828125,-0.5126953125
1,0,-0.48828125,-0.10986328125,-0.48828125,-0.048828125,-0.59814453125,-0.048828125,-0.3173828125,0.1220703125,-0.6591796875,0,-1.5625,-0.048828125,0.68359375,-0.1708984375,-0.59814453125,0.1708984375,-0.59814453125,-0.08544921875,-0.2197265625,0.03662109375,0.79345703125,-0.25634765625,-0.68359375,-0.47607421875,-0.10986328125,0.10986328125,-0.7080078125,-0.10986328125,0.96435546875,-0.06103515625,0.29296875,-0.244140625,-0.2685546875,0.1708984375,-0.79345703125,-0.08544921875,-0.4150390625,-0.2197265625,-0.7080078125,-0.01220703125,0.732421875,-0.2197265625,1.79443359375,-0.048828125,0.54931640625,0.03662109375,2.1484375,-0.341796875,1.171875,0.06103515625,0.4638671875,-0.40283203125,-0.1708984375,0.01220703125,0.732421875,0.28076171875,0.6103515625,-0.06103515625,0.4638671875,-0.03662109375,0.47607421875,0.01220703125,0.13427734375,0.0244140625,0.32958984375,0,1.06201171875,-0.08544921875,0.29296875,-0.37841796875,0.244140625,-0.1220703125,1.9287109375,-0.0244140625,1.98974609375,-0.1220703125,1.08642578125,-0.01220703125,5.517578125,-0.0244140625,6.201171875,0.048828125,2.84423828125,-0.06103515625,0.81787109375,0.03662109375,1.5380859375,0.09765625,-1.45263671875,-0.06103515625,-0.25634765625,0.18310546875,-0.25634765625,-0.0244140625,-1.220703125,-0.01220703125,-0.74462890625,-0.2685546875,-0.64697265625,0.146484375,-0.7080078125,-0.10986328125,-0.06103515625,0.13427734375,-0.62255859375,-0.06103515625,-1.40380859375,-0.23193359375,-0.98876953125,-0.06103515625,0.439453125,-0.0732421875,-0.732421875,0,-1.171875,-0.06103515625,-0.9521484375,-0.15869140625,-2.45361328125,-0.13427734375,0.06103515625,-0.08544921875,0.87890625,0.1953125,-0.439453125,-0.03662109375,-0.52490234375
1,0,-0.48828125,-0.10986328125,-0.5126953125,-0.03662109375,-0.6103515625,-0.03662109375,-0.32958984375,0.06103515625,-0.37841796875,-0.0244140625,-1.1962890625,-0.09765625,0.9765625,-0.20751953125,-0.3173828125,0.23193359375,-0.5859375,-0.10986328125,-0.20751953125,0.0244140625,0.76904296875,-0.244140625,-0.68359375,-0.42724609375,-0.08544921875,0.1220703125,-0.72021484375,-0.0732421875,0.96435546875,-0.06103515625,0.30517578125,-0.2197265625,-0.28076171875,0.15869140625,-0.79345703125,-0.0732421875,-0.390625,-0.2197265625,-0.69580078125,-0.01220703125,0.37841796875,-0.18310546875,1.0009765625,-0.048828125,0.1953125,0.01220703125,1.6357421875,-0.37841796875,1.171875,0.10986328125,0.4638671875,-0.3662109375,-0.146484375,0.01220703125,0.72021484375,0.28076171875,0.6103515625,-0.0732421875,0.4638671875,-0.048828125,0.439453125,0.01220703125,0.1220703125,-0.01220703125,0.29296875,-0.0244140625,1.0498046875,-0.10986328125,0.28076171875,-0.37841796875,0.23193359375,-0.13427734375,1.91650390625,-0.048828125,1.96533203125,-0.146484375,1.06201171875,-0.0732421875,5.35888671875,-0.08544921875,5.65185546875,0.06103515625,2.57568359375,-0.03662109375,0.67138671875,0.01220703125,1.318359375,0.09765625,-1.45263671875,-0.06103515625,-0.23193359375,0.1953125,-0.2685546875,-0.0244140625,-1.20849609375,0,-0.74462890625,-0.30517578125,-0.67138671875,0.1708984375,-0.72021484375,-0.0732421875,-0.048828125,0.1220703125,-0.6103515625,-0.0732421875,-1.37939453125,-0.20751953125,-0.98876953125,-0.03662109375,0.4150390625,-0.0732421875,-0.67138671875,-0.01220703125,-1.0986328125,-0.06103515625,-0.87890625,-0.15869140625,-2.16064453125,-0.13427734375,0.0732421875,-0.10986328125,0.86669921875,0.23193359375,-0.45166015625,-0.048828125,-0.537109375
1,-0.048828125,-0.47607421875,-0.10986328125,-0.5126953125,-0.01220703125,-0.5859375,-0.03662109375,-0.341796875,0.06103515625,-0.0244140625,-0.048828125,-0.76904296875,-0.10986328125,1.30615234375,-0.20751953125,0.06103515625,0.28076171875,-0.5859375,-0.1220703125,-0.18310546875,0,0.79345703125,-0.2197265625,-0.68359375,-0.390625,-0.09765625,0.10986328125,-0.7080078125,-0.06103515625,0.9765625,-0.06103515625,0.29296875,-0.23193359375,-0.30517578125,0.15869140625,-0.79345703125,-0.09765625,-0.3662109375,-0.20751953125,-0.68359375,0,0.0244140625,-0.18310546875,0.244140625,-0.03662109375,-0.09765625,0,1.1474609375,-0.40283203125,1.18408203125,0.1220703125,0.4638671875,-0.35400390625,-0.1220703125,0.01220703125,0.74462890625,0.29296875,0.62255859375,-0.08544921875,0.45166015625,-0.03662109375,0.45166015625,0.01220703125,0.1220703125,0,0.2685546875,-0.01220703125,1.03759765625,-0.146484375,0.28076171875,-0.390625,0.23193359375,-0.1220703125,1.9775390625,-0.048828125,2.001953125,-0.13427734375,1.0986328125,-0.08544921875,5.46875,-0.1708984375,4.98046875,0.0732421875,2.23388671875,-0.06103515625,0.48828125,0.03662109375,1.03759765625,0.08544921875,-1.42822265625,-0.03662109375,-0.2197265625,0.20751953125,-0.2685546875,0,-1.20849609375,0,-0.74462890625,-0.28076171875,-0.64697265625,0.1708984375,-0.7080078125,-0.048828125,-0.03662109375,0.146484375,-0.6103515625,-0.06103515625,-1.3671875,-0.2197265625,-1.0009765625,-0.0244140625,0.42724609375,-0.0732421875,-0.47607421875,-0.03662109375,-0.9033203125,-0.0732421875,-0.68359375,-0.146484375,-1.5625,-0.146484375,0.08544921875,-0.10986328125,0.86669921875,0.28076171875,-0.47607421875,-0.08544921875,-0.5126953125
1,-0.06103515625,-0.47607421875,-0.1220703125,-0.52490234375,-0.03662109375,-0.59814453125,-0.0244140625,-0.35400390625,0.08544921875,0.35400390625,0.048828125,-0.390625,-0.0732421875,1.62353515625,-0.146484375,0.42724609375,0.35400390625,-0.59814453125,-0.1953125,-0.1953125,0,0.79345703125,-0.20751953125,-0.69580078125,-0.35400390625,-0.10986328125,0.09765625,-0.72021484375,-0.06103515625,1.01318359375,-0.0732421875,0.29296875,-0.20751953125,-0.3173828125,0.146484375,-0.79345703125,-0.08544921875,-0.35400390625,-0.18310546875,-0.67138671875,-0.01220703125,-0.2685546875,-0.15869140625,-0.390625,-0.06103515625,-0.40283203125,-0.01220703125,0.72021484375,-0.390625,1.171875,0.13427734375,0.4638671875,-0.341796875,-0.1220703125,0.01220703125,0.732421875,0.28076171875,0.6103515625,-0.09765625,0.45166015625,-0.03662109375,0.42724609375,0.01220703125,0.13427734375,0.01220703125,0.25634765625,-0.03662109375,1.03759765625,-0.146484375,0.2685546875,-0.40283203125,0.20751953125,-0.1220703125,2.05078125,-0.048828125,2.08740234375,-0.15869140625,1.171875,-0.13427734375,5.79833984375,-0.1708984375,4.23583984375,0.0732421875,1.86767578125,-0.10986328125,0.29296875,0.01220703125,0.76904296875,0.08544921875,-1.4404296875,-0.0244140625,-0.1953125,0.18310546875,-0.2685546875,0,-1.220703125,0.01220703125,-0.7568359375,-0.29296875,-0.64697265625,0.1708984375,-0.7080078125,-0.048828125,-0.048828125,0.13427734375,-0.62255859375,-0.08544921875,-1.37939453125,-0.2197265625,-0.98876953125,-0.0244140625,0.42724609375,-0.0732421875,-0.2685546875,-0.0244140625,-0.6591796875,-0.0732421875,-0.4638671875,-0.146484375,-0.86669921875,-0.146484375,0.1220703125,-0.1220703125,0.86669921875,0.30517578125,-0.50048828125,-0.0732421875,-0.48828125
1,-0.0732421875,-0.4638671875,-0.1220703125,-0.54931640625,0,-0.57373046875,-0.0244140625,-0.37841796875,0.03662109375,0.6591796875,-0.0244140625,-0.06103515625,-0.13427734375,1.8798828125,-0.2197265625,0.7568359375,0.40283203125,-0.59814453125,-0.25634765625,-0.1953125,0,0.78125,-0.18310546875,-0.69580078125,-0.30517578125,-0.08544921875,0.08544921875,-0.72021484375,-0.0244140625,1.01318359375,-0.08544921875,0.32958984375,-0.20751953125,-0.28076171875,0.146484375,-0.8056640625,-0.0732421875,-0.341796875,-0.18310546875,-0.67138671875,-0.03662109375,-0.537109375,-0.146484375,-0.98876953125,-0.03662109375,-0.6591796875,-0.0244140625,0.3173828125,-0.40283203125,1.171875,0.15869140625,0.45166015625,-0.341796875,-0.09765625,0.0244140625,0.732421875,0.29296875,0.62255859375,-0.09765625,0.45166015625,-0.0244140625,0.42724609375,0.0244140625,0.146484375,0.03662109375,0.20751953125,-0.048828125,1.0498046875,-0.1708984375,0.25634765625,-0.40283203125,0.18310546875,-0.13427734375,2.1484375,-0.048828125,2.1728515625,-0.146484375,1.26953125,-0.1708984375,6.21337890625,-0.1953125,3.50341796875,0.10986328125,1.5625,-0.09765625,0.09765625,0,0.5126953125,0.08544921875,-1.45263671875,0,-0.20751953125,0.1953125,-0.28076171875,0,-1.220703125,0.03662109375,-0.74462890625,-0.30517578125,-0.6591796875,0.15869140625,-0.68359375,-0.03662109375,-0.048828125,0.15869140625,-0.64697265625,-0.10986328125,-1.40380859375,-0.20751953125,-0.98876953125,-0.0244140625,0.45166015625,-0.06103515625,-0.06103515625,-0.06103515625,-0.40283203125,-0.0732421875,-0.29296875,-0.15869140625,-0.2197265625,-0.1220703125,0.13427734375,-0.10986328125,0.84228515625,0.30517578125,-0.48828125,-0.09765625,-0.47607421875
1,-0.08544921875,-0.4638671875,-0.1220703125,-0.54931640625,0.01220703125,-0.5615234375,-0.0244140625,-0.3662109375,0.01220703125,0.86669921875,-0.048828125,0.146484375,-0.1220703125,2.05078125,-0.20751953125,1.0009765625,0.48828125,-0.62255859375,-0.28076171875,-0.20751953125,0,0.78125,-0.1708984375,-0.69580078125,-0.2685546875,-0.10986328125,0.06103515625,-0.74462890625,-0.01220703125,1.03759765625,-0.08544921875,0.3173828125,-0.244140625,-0.28076171875,0.13427734375,-0.8056640625,-0.0732421875,-0.35400390625,-0.1708984375,-0.67138671875,0,-0.7568359375,-0.146484375,-1.4892578125,-0.03662109375,-0.87890625,0,0.01220703125,-0.390625,1.15966796875,0.13427734375,0.4638671875,-0.32958984375,-0.1220703125,0.0244140625,0.74462890625,0.3173828125,0.62255859375,-0.09765625,0.439453125,0,0.42724609375,0.0244140625,0.15869140625,0.0244140625,0.20751953125,-0.048828125,1.03759765625,-0.18310546875,0.244140625,-0.40283203125,0.18310546875,-0.13427734375,2.24609375,-0.0244140625,2.2216796875,-0.1220703125,1.33056640625,-0.1708984375,6.55517578125,-0.18310546875,2.96630859375,0.146484375,1.3427734375,-0.10986328125,-0.0732421875,0.01220703125,0.35400390625,0.08544921875,-1.47705078125,-0.01220703125,-0.18310546875,0.15869140625,-0.29296875,0,-1.2451171875,0.03662109375,-0.7568359375,-0.29296875,-0.634765625,0.1953125,-0.6591796875,-0.0244140625,-0.06103515625,0.15869140625,-0.6591796875,-0.146484375,-1.3916015625,-0.2197265625,-0.98876953125,-0.0244140625,0.439453125,-0.048828125,0.08544921875,-0.06103515625,-0.23193359375,-0.06103515625,-0.146484375,-0.146484375,0.23193359375,-0.13427734375,0.10986328125,-0.13427734375,0.87890625,0.30517578125,-0.48828125,-0.09765625,-0.4638671875
1,-0.1220703125,-0.47607421875,-0.1220703125,-0.537109375,0.01220703125,-0.57373046875,-0.0244140625,-0.3662109375,0.0244140625,0.96435546875,-0.03662109375,0.15869140625,-0.13427734375,2.099609375,-0.18310546875,1.0986328125,0.537109375,-0.62255859375,-0.30517578125,-0.1953125,0.01220703125,0.8056640625,-0.146484375,-0.68359375,-0.23193359375,-0.09765625,0.048828125,-0.732421875,0,1.03759765625,-0.09765625,0.3173828125,-0.244140625,-0.2685546875,0.15869140625,-0.79345703125,-0.0732421875,-0.35400390625,-0.18310546875,-0.68359375,-0.06103515625,-0.91552734375,-0.18310546875,-1.85546875,-0.0732421875,-1.03759765625,-0.0732421875,-0.23193359375,-0.42724609375,1.171875,0.15869140625,0.47607421875,-0.341796875,-0.13427734375,-0.01220703125,0.732421875,0.29296875,0.62255859375,-0.08544921875,0.42724609375,0.03662109375,0.4150390625,0.03662109375,0.15869140625,0.03662109375,0.2197265625,-0.06103515625,1.06201171875,-0.20751953125,0.244140625,-0.390625,0.1708984375,-0.13427734375,2.2705078125,-0.03662109375,2.23388671875,-0.1220703125,1.35498046875,-0.0732421875,6.7138671875,-0.0732421875,2.63671875,0.1708984375,1.220703125,-0.09765625,-0.1953125,-0.01220703125,0.25634765625,0.08544921875,-1.46484375,-0.01220703125,-0.20751953125,0.146484375,-0.29296875,0,-1.23291015625,0.0244140625,-0.7568359375,-0.28076171875,-0.62255859375,0.1953125,-0.6591796875,-0.0244140625,-0.06103515625,0.1708984375,-0.68359375,-0.1708984375,-1.40380859375,-0.1953125,-0.9765625,-0.01220703125,0.42724609375,-0.03662109375,0.13427734375,-0.06103515625,-0.18310546875,-0.0732421875,-0.0732421875,-0.15869140625,0.439453125,-0.1220703125,0.0732421875,-0.15869140625,0.89111328125,0.32958984375,-0.47607421875,-0.13427734375,-0.45166015625
1,-0.13427734375,-0.47607421875,-0.13427734375,-0.50048828125,0.0244140625,-0.57373046875,-0.0244140625,-0.32958984375,0.0244140625,0.93994140625,-0.03662109375,0.048828125,-0.13427734375,2.0263671875,-0.15869140625,1.0986328125,0.6103515625,-0.634765625,-0.32958984375,-0.20751953125,0.0244140625,0.8056640625,-0.146484375,-0.68359375,-0.1953125,-0.08544921875,0.048828125,-0.74462890625,0,1.025390625,-0.10986328125,0.30517578125,-0.23193359375,-0.25634765625,0.146484375,-0.8056640625,-0.1220703125,-0.3662109375,-0.2197265625,-0.68359375,-0.06103515625,-1.01318359375,-0.20751953125,-2.08740234375,-0.03662109375,-1.11083984375,-0.08544921875,-0.37841796875,-0.439453125,1.15966796875,0.15869140625,0.50048828125,-0.341796875,-0.15869140625,-0.01220703125,0.74462890625,0.28076171875,0.62255859375,-0.0732421875,0.439453125,0.06103515625,0.4150390625,0.0244140625,0.1708984375,0.06103515625,0.244140625,-0.0732421875,1.06201171875,-0.2197265625,0.23193359375,-0.37841796875,0.18310546875,-0.1220703125,2.20947265625,0.01220703125,2.197265625,-0.13427734375,1.2939453125,-0.09765625,6.55517578125,-0.10986328125,2.5146484375,0.1953125,1.20849609375,-0.09765625,-0.23193359375,-0.01220703125,0.25634765625,0.06103515625,-1.47705078125,-0.0244140625,-0.2197265625,0.146484375,-0.2685546875,0,-1.2451171875,0.03662109375,-0.74462890625,-0.28076171875,-0.64697265625,0.2197265625,-0.6591796875,0.01220703125,-0.0732421875,0.146484375,-0.68359375,-0.1708984375,-1.3916015625,-0.20751953125,-0.98876953125,-0.0244140625,0.439453125,-0.06103515625,0.09765625,-0.06103515625,-0.23193359375,-0.08544921875,-0.10986328125,-0.1708984375,0.3173828125,-0.10986328125,0.06103515625,-0.146484375,0.9033203125,0.32958984375,-0.4638671875,-0.1220703125,-0.45166015625
1,-0.15869140625,-0.48828125,-0.13427734375,-0.48828125,0.0244140625,-0.5859375,-0.01220703125,-0.30517578125,0.03662109375,0.79345703125,-0.03662109375,-0.146484375,-0.146484375,1.904296875,-0.13427734375,1.0009765625,0.67138671875,-0.634765625,-0.35400390625,-0.2197265625,0.03662109375,0.830078125,-0.13427734375,-0.67138671875,-0.1220703125,-0.10986328125,0.048828125,-0.74462890625,0.0244140625,1.025390625,-0.10986328125,0.3173828125,-0.2197265625,-0.25634765625,0.146484375,-0.79345703125,-0.15869140625,-0.3662109375,-0.1953125,-0.68359375,-0.0244140625,-1.03759765625,-0.1708984375,-2.13623046875,-0.0244140625,-1.13525390625,-0.06103515625,-0.42724609375,-0.45166015625,1.18408203125,0.1708984375,0.50048828125,-0.341796875,-0.1708984375,-0.01220703125,0.72021484375,0.244140625,0.62255859375,-0.06103515625,0.439453125,0.09765625,0.42724609375,0.048828125,0.15869140625,0.0732421875,0.28076171875,-0.08544921875,1.08642578125,-0.2197265625,0.2197265625,-0.3662109375,0.2197265625,-0.13427734375,2.03857421875,0.01220703125,2.06298828125,-0.09765625,1.13525390625,-0.01220703125,6.005859375,-0.13427734375,2.62451171875,0.1953125,1.26953125,-0.1220703125,-0.2197265625,-0.01220703125,0.3173828125,0.0732421875,-1.4892578125,-0.03662109375,-0.20751953125,0.146484375,-0.25634765625,0,-1.23291015625,0.0244140625,-0.732421875,-0.25634765625,-0.67138671875,0.25634765625,-0.6591796875,0.03662109375,-0.0732421875,0.146484375,-0.69580078125,-0.1708984375,-1.40380859375,-0.1953125,-0.98876953125,0,0.439453125,-0.06103515625,-0.0244140625,-0.06103515625,-0.341796875,-0.0732421875,-0.18310546875,-0.18310546875,0.03662109375,-0.10986328125,0.048828125,-0.1708984375,0.91552734375,0.341796875,-0.45166015625,-0.1220703125,-0.45166015625
1,-0.1953125,-0.48828125,-0.1220703125,-0.48828125,0.048828125,-0.59814453125,-0.0244140625,-0.3173828125,0.0244140625,0.6103515625,-0.03662109375,-0.390625,-0.13427734375,1.7578125,-0.1220703125,0.84228515625,0.7080078125,-0.6103515625,-0.40283203125,-0.20751953125,0.03662109375,0.79345703125,-0.1220703125,-0.6591796875,-0.09765625,-0.10986328125,0.048828125,-0.74462890625,0.01220703125,1.01318359375,-0.1220703125,0.29296875,-0.1953125,-0.23193359375,0.13427734375,-0.81787109375,-0.1708984375,-0.390625,-0.244140625,-0.68359375,-0.01220703125,-1.01318359375,-0.10986328125,-2.0263671875,-0.01220703125,-1.06201171875,-0.06103515625,-0.390625,-0.439453125,1.171875,0.1953125,0.5126953125,-0.341796875,-0.20751953125,-0.0244140625,0.72021484375,0.23193359375,0.6103515625,-0.06103515625,0.439453125,0.1220703125,0.42724609375,0.06103515625,0.146484375,0.09765625,0.30517578125,-0.09765625,1.06201171875,-0.23193359375,0.23193359375,-0.35400390625,0.23193359375,-0.09765625,1.74560546875,0.0244140625,1.86767578125,-0.09765625,0.9033203125,0.01220703125,5.1025390625,-0.13427734375,2.89306640625,0.20751953125,1.416015625,-0.13427734375,-0.15869140625,-0.01220703125,0.42724609375,0.08544921875,-1.47705078125,-0.048828125,-0.20751953125,0.15869140625,-0.23193359375,-0.0244140625,-1.2451171875,0.01220703125,-0.74462890625,-0.25634765625,-0.6591796875,0.244140625,-0.67138671875,0.0244140625,-0.06103515625,0.1708984375,-0.69580078125,-0.15869140625,-1.40380859375,-0.20751953125,-1.0009765625,-0.03662109375,0.45166015625,-0.048828125,-0.146484375,-0.048828125,-0.5126953125,-0.08544921875,-0.3173828125,-0.1708984375,-0.3662109375,-0.09765625,0.01220703125,-0.146484375,0.91552734375,0.32958984375,-0.439453125,-0.10986328125,-0.45166015625
1,-0.1953125,-0.5126953125,-0.10986328125,-0.48828125,0.08544921875,-0.6103515625,-0.0244140625,-0.30517578125,0.0244140625,0.439453125,-0.03662109375,-0.6103515625,-0.146484375,1.611328125,-0.10986328125,0.6591796875,0.74462890625,-0.62255859375,-0.4638671875,-0.2197265625,0.048828125,0.8056640625,-0.13427734375,-0.6591796875,-0.0732421875,-0.1220703125,0.048828125,-0.76904296875,0.01220703125,0.98876953125,-0.10986328125,0.29296875,-0.2197265625,-0.25634765625,0.15869140625,-0.79345703125,-0.1708984375,-0.40283203125,-0.25634765625,-0.69580078125,-0.0244140625,-0.9033203125,-0.09765625,-1.79443359375,0.01220703125,-0.96435546875,-0.0732421875,-0.244140625,-0.4150390625,1.13525390625,0.20751953125,0.5126953125,-0.35400390625,-0.20751953125,-0.048828125,0.72021484375,0.2197265625,0.5859375,-0.048828125,0.45166015625,0.1708984375,0.439453125,0.03662109375,0.13427734375,0.09765625,0.3173828125,-0.09765625,1.07421875,-0.23193359375,0.2685546875,-0.32958984375,0.23193359375,-0.10986328125,1.37939453125,0.06103515625,1.611328125,-0.08544921875,0.62255859375,0,3.9306640625,-0.1220703125,3.173828125,0.2197265625,1.5380859375,-0.13427734375,-0.06103515625,-0.0244140625,0.52490234375,0.0732421875,-1.47705078125,-0.0732421875,-0.2197265625,0.15869140625,-0.25634765625,-0.048828125,-1.220703125,0.0244140625,-0.74462890625,-0.244140625,-0.6591796875,0.2685546875,-0.67138671875,0.01220703125,-0.0732421875,0.146484375,-0.69580078125,-0.15869140625,-1.3916015625,-0.20751953125,-1.01318359375,-0.06103515625,0.45166015625,-0.0732421875,-0.2685546875,-0.06103515625,-0.6591796875,-0.0732421875,-0.45166015625,-0.1708984375,-0.78125,-0.08544921875,0.0244140625,-0.13427734375,0.91552734375,0.30517578125,-0.4150390625,-0.1220703125,-0.47607421875
1,-0.20751953125,-0.48828125,-0.1220703125,-0.52490234375,0.09765625,-0.59814453125,-0.0244140625,-0.3173828125,0.01220703125,0.28076171875,-0.03662109375,-0.76904296875,-0.146484375,1.4892578125,-0.10986328125,0.5126953125,0.78125,-0.59814453125,-0.48828125,-0.20751953125,0.0732421875,0.79345703125,-0.13427734375,-0.6591796875,-0.048828125,-0.1220703125,0.0732421875,-0.7568359375,0.01220703125,0.9765625,-0.08544921875,0.28076171875,-0.20751953125,-0.25634765625,0.1708984375,-0.8056640625,-0.20751953125,-0.37841796875,-0.2685546875,-0.68359375,-0.03662109375,-0.7568359375,-0.10986328125,-1.46484375,0,-0.81787109375,-0.08544921875,-0.048828125,-0.4150390625,1.1474609375,0.20751953125,0.50048828125,-0.341796875,-0.18310546875,-0.0244140625,0.72021484375,0.20751953125,0.62255859375,-0.06103515625,0.439453125,0.18310546875,0.439453125,0.01220703125,0.13427734375,0.09765625,0.32958984375,-0.10986328125,1.08642578125,-0.23193359375,0.28076171875,-0.29296875,0.23193359375,-0.08544921875,1.025390625,0.09765625,1.30615234375,-0.0732421875,0.3173828125,0.048828125,2.67333984375,-0.10986328125,3.38134765625,0.18310546875,1.6357421875,-0.10986328125,0.0244140625,-0.0244140625,0.62255859375,0.08544921875,-1.47705078125,-0.08544921875,-0.20751953125,0.1953125,-0.25634765625,-0.03662109375,-1.23291015625,0.0244140625,-0.74462890625,-0.23193359375,-0.67138671875,0.2685546875,-0.68359375,0,-0.09765625,0.146484375,-0.67138671875,-0.15869140625,-1.3916015625,-0.20751953125,-1.0009765625,-0.06103515625,0.45166015625,-0.0732421875,-0.35400390625,-0.048828125,-0.76904296875,-0.0732421875,-0.5615234375,-0.1953125,-1.11083984375,-0.10986328125,0.01220703125,-0.146484375,0.87890625,0.29296875,-0.4150390625,-0.1220703125,-0.48828125
1,-0.23193359375,-0.47607421875,-0.1220703125,-0.52490234375,0.10986328125,-0.6103515625,-0.03662109375,-0.32958984375,0.03662109375,0.18310546875,0,-0.81787109375,-0.1220703125,1.4404296875,-0.0732421875,0.4150390625,0.7080078125,-0.57373046875,-0.48828125,-0.2197265625,0.0732421875,0.78125,-0.1220703125,-0.67138671875,0.01220703125,-0.10986328125,0.09765625,-0.74462890625,0.03662109375,0.98876953125,-0.09765625,0.28076171875,-0.20751953125,-0.25634765625,0.15869140625,-0.8056640625,-0.23193359375,-0.37841796875,-0.2685546875,-0.68359375,-0.03662109375,-0.57373046875,-0.13427734375,-1.13525390625,0.01220703125,-0.68359375,-0.09765625,0.1708984375,-0.37841796875,1.171875,0.23193359375,0.50048828125,-0.35400390625,-0.15869140625,-0.03662109375,0.732421875,0.15869140625,0.5859375,-0.048828125,0.439453125,0.2197265625,0.4638671875,-0.01220703125,0.146484375,0.10986328125,0.29296875,-0.09765625,1.08642578125,-0.2197265625,0.2685546875,-0.28076171875,0.244140625,-0.09765625,0.6591796875,0.1220703125,1.01318359375,-0.10986328125,0.0244140625,0.01220703125,1.52587890625,-0.06103515625,3.41796875,0.15869140625,1.66015625,-0.10986328125,0.06103515625,-0.03662109375,0.64697265625,0.09765625,-1.46484375,-0.09765625,-0.2197265625,0.18310546875,-0.29296875,-0.03662109375,-1.220703125,0,-0.74462890625,-0.2197265625,-0.67138671875,0.2685546875,-0.7080078125,0.0244140625,-0.09765625,0.1220703125,-0.6591796875,-0.15869140625,-1.3916015625,-0.1953125,-1.01318359375,-0.0732421875,0.45166015625,-0.06103515625,-0.37841796875,-0.0244140625,-0.81787109375,-0.08544921875,-0.634765625,-0.18310546875,-1.2451171875,-0.10986328125,0.01220703125,-0.1220703125,0.84228515625,0.3173828125,-0.42724609375,-0.13427734375,-0.48828125
1,-0.244140625,-0.47607421875,-0.1220703125,-0.537109375,0.10986328125,-0.5859375,-0.0244140625,-0.35400390625,0.01220703125,0.1708984375,0.048828125,-0.8056640625,-0.15869140625,1.42822265625,-0.09765625,0.390625,0.69580078125,-0.59814453125,-0.50048828125,-0.20751953125,0.09765625,0.8056640625,-0.13427734375,-0.67138671875,0.03662109375,-0.10986328125,0.10986328125,-0.732421875,0.01220703125,0.9765625,-0.08544921875,0.28076171875,-0.1953125,-0.30517578125,0.15869140625,-0.79345703125,-0.2197265625,-0.3662109375,-0.25634765625,-0.68359375,-0.0244140625,-0.4150390625,-0.13427734375,-0.84228515625,0.01220703125,-0.54931640625,-0.08544921875,0.3662109375,-0.37841796875,1.171875,0.23193359375,0.48828125,-0.37841796875,-0.1708984375,-0.048828125,0.72021484375,0.13427734375,0.6103515625,-0.03662109375,0.42724609375,0.2685546875,0.439453125,-0.0244140625,0.1220703125,0.13427734375,0.2685546875,-0.08544921875,1.06201171875,-0.25634765625,0.25634765625,-0.2685546875,0.23193359375,-0.10986328125,0.3662109375,0.1220703125,0.8056640625,-0.10986328125,-0.1708984375,0,0.68359375,-0.01220703125,3.271484375,0.13427734375,1.5625,-0.08544921875,0.03662109375,-0.01220703125,0.5859375,0.09765625,-1.46484375,-0.10986328125,-0.20751953125,0.18310546875,-0.30517578125,-0.03662109375,-1.20849609375,0.01220703125,-0.732421875,-0.2197265625,-0.6591796875,0.2685546875,-0.7568359375,0.0244140625,-0.10986328125,0.1220703125,-0.6591796875,-0.15869140625,-1.3671875,-0.1953125,-1.01318359375,-0.10986328125,0.45166015625,-0.0732421875,-0.35400390625,-0.0244140625,-0.76904296875,-0.06103515625,-0.62255859375,-0.20751953125,-1.23291015625,-0.08544921875,0.06103515625,-0.10986328125,0.84228515625,0.29296875,-0.45166015625,-0.13427734375,-0.50048828125
1,-0.2685546875,-0.50048828125,-0.10986328125,-0.52490234375,0.1220703125,-0.57373046875,-0.048828125,-0.3662109375,0.01220703125,0.20751953125,0.01220703125,-0.72021484375,-0.15869140625,1.46484375,-0.08544921875,0.439453125,0.64697265625,-0.59814453125,-0.50048828125,-0.2197265625,0.10986328125,0.8056640625,-0.13427734375,-0.67138671875,0.0732421875,-0.1220703125,0.1220703125,-0.7080078125,0.0244140625,0.98876953125,-0.06103515625,0.29296875,-0.18310546875,-0.29296875,0.13427734375,-0.8056640625,-0.2685546875,-0.3662109375,-0.28076171875,-0.68359375,-0.03662109375,-0.32958984375,-0.08544921875,-0.6103515625,0.01220703125,-0.47607421875,-0.09765625,0.52490234375,-0.37841796875,1.1474609375,0.244140625,0.47607421875,-0.37841796875,-0.146484375,-0.03662109375,0.72021484375,0.0732421875,0.62255859375,-0.01220703125,0.439453125,0.30517578125,0.42724609375,-0.03662109375,0.13427734375,0.10986328125,0.25634765625,-0.0732421875,1.03759765625,-0.25634765625,0.25634765625,-0.244140625,0.20751953125,-0.09765625,0.244140625,0.146484375,0.72021484375,-0.10986328125,-0.23193359375,0.03662109375,0.32958984375,0.048828125,2.84423828125,0.1220703125,1.37939453125,-0.09765625,-0.0732421875,-0.03662109375,0.42724609375,0.09765625,-1.45263671875,-0.1220703125,-0.1953125,0.1708984375,-0.29296875,-0.0244140625,-1.20849609375,0,-0.732421875,-0.1953125,-0.62255859375,0.25634765625,-0.732421875,0.0244140625,-0.09765625,0.13427734375,-0.64697265625,-0.146484375,-1.3671875,-0.18310546875,-1.0009765625,-0.1220703125,0.45166015625,-0.06103515625,-0.244140625,0,-0.67138671875,-0.0732421875,-0.5859375,-0.1953125,-1.01318359375,-0.09765625,0.09765625,-0.1220703125,0.8056640625,0.25634765625,-0.50048828125,-0.146484375,-0.50048828125
1,-0.2685546875,-0.50048828125,-0.1220703125,-0.52490234375,0.13427734375,-0.6103515625,-0.03662109375,-0.3662109375,0.048828125,0.2685546875,0.03662109375,-0.57373046875,-0.1220703125,1.50146484375,-0.0244140625,0.48828125,0.537109375,-0.59814453125,-0.50048828125,-0.2197265625,0.09765625,0.8056640625,-0.13427734375,-0.67138671875,0.10986328125,-0.09765625,0.1220703125,-0.732421875,0.0244140625,0.9765625,-0.06103515625,0.28076171875,-0.18310546875,-0.29296875,0.13427734375,-0.81787109375,-0.2685546875,-0.35400390625,-0.29296875,-0.69580078125,-0.048828125,-0.28076171875,-0.01220703125,-0.537109375,0.0244140625,-0.45166015625,-0.08544921875,0.5859375,-0.32958984375,1.15966796875,0.25634765625,0.4638671875,-0.390625,-0.146484375,-0.06103515625,0.732421875,0.0244140625,0.62255859375,-0.03662109375,0.439453125,0.32958984375,0.40283203125,-0.0244140625,0.1220703125,0.10986328125,0.1953125,-0.048828125,1.025390625,-0.2685546875,0.25634765625,-0.23193359375,0.1953125,-0.08544921875,0.3173828125,0.13427734375,0.732421875,-0.146484375,-0.1708984375,-0.0732421875,0.52490234375,0.06103515625,2.1728515625,0.09765625,1.07421875,-0.10986328125,-0.244140625,-0.03662109375,0.1953125,0.0732421875,-1.4404296875,-0.1220703125,-0.20751953125,0.15869140625,-0.29296875,0,-1.1962890625,0,-0.732421875,-0.1708984375,-0.634765625,0.20751953125,-0.74462890625,0.0244140625,-0.08544921875,0.10986328125,-0.6591796875,-0.13427734375,-1.3671875,-0.1708984375,-0.98876953125,-0.146484375,0.45166015625,-0.06103515625,-0.146484375,0,-0.5615234375,-0.08544921875,-0.5126953125,-0.18310546875,-0.732421875,-0.08544921875,0.09765625,-0.1220703125,0.8056640625,0.23193359375,-0.5126953125,-0.13427734375,-0.48828125
1,-0.28076171875,-0.48828125,-0.1220703125,-0.52490234375,0.15869140625,-0.5859375,-0.048828125,-0.35400390625,0.0244140625,0.32958984375,0.0244140625,-0.48828125,-0.15869140625,1.55029296875,-0.0732421875,0.537109375,0.45166015625,-0.62255859375,-0.537109375,-0.2197265625,0.08544921875,0.78125,-0.1220703125,-0.67138671875,0.1220703125,-0.09765625,0.13427734375,-0.732421875,0.01220703125,0.96435546875,-0.0732421875,0.29296875,-0.18310546875,-0.30517578125,0.1220703125,-0.81787109375,-0.28076171875,-0.3662109375,-0.32958984375,-0.69580078125,-0.0732421875,-0.29296875,-0.06103515625,-0.59814453125,0.01220703125,-0.50048828125,-0.09765625,0.5615234375,-0.30517578125,1.1962890625,0.25634765625,0.48828125,-0.390625,-0.15869140625,-0.0732421875,0.74462890625,-0.01220703125,0.634765625,-0.03662109375,0.45166015625,0.32958984375,0.4150390625,-0.048828125,0.146484375,0.10986328125,0.18310546875,-0.01220703125,1.0498046875,-0.2685546875,0.25634765625,-0.20751953125,0.18310546875,-0.1220703125,0.537109375,0.13427734375,0.96435546875,-0.15869140625,0.0732421875,0,1.28173828125,0.10986328125,1.318359375,0.09765625,0.732421875,-0.09765625,-0.48828125,-0.03662109375,-0.08544921875,0.048828125,-1.42822265625,-0.13427734375,-0.2197265625,0.146484375,-0.25634765625,0.0244140625,-1.20849609375,0,-0.732421875,-0.1708984375,-0.634765625,0.18310546875,-0.732421875,0.01220703125,-0.08544921875,0.1220703125,-0.68359375,-0.13427734375,-1.37939453125,-0.1708984375,-0.9521484375,-0.146484375,0.45166015625,-0.06103515625,-0.0732421875,0,-0.439453125,-0.08544921875,-0.42724609375,-0.18310546875,-0.45166015625,-0.08544921875,0.10986328125,-0.1220703125,0.79345703125,0.1953125,-0.537109375,-0.10986328125,-0.50048828125
1,-0.28076171875,-0.5126953125,-0.10986328125,-0.5126953125,0.146484375,-0.5859375,-0.048828125,-0.341796875,-0.0244140625,0.3662109375,-0.10986328125,-0.45166015625,-0.1953125,1.55029296875,-0.146484375,0.537109375,0.341796875,-0.634765625,-0.5615234375,-0.1953125,0.08544921875,0.79345703125,-0.1220703125,-0.68359375,0.15869140625,-0.09765625,0.1220703125,-0.72021484375,-0.01220703125,0.9765625,-0.0732421875,0.30517578125,-0.18310546875,-0.28076171875,0.10986328125,-0.8056640625,-0.28076171875,-0.390625,-0.29296875,-0.69580078125,-0.01220703125,-0.37841796875,-0.03662109375,-0.78125,0.03662109375,-0.5615234375,-0.048828125,0.50048828125,-0.29296875,1.18408203125,0.25634765625,0.47607421875,-0.40283203125,-0.1708984375,-0.06103515625,0.7568359375,-0.048828125,0.64697265625,-0.0244140625,0.439453125,0.341796875,0.439453125,-0.0732421875,0.13427734375,0.10986328125,0.1708984375,0.0244140625,1.025390625,-0.29296875,0.25634765625,-0.18310546875,0.1708984375,-0.1220703125,0.96435546875,0.1220703125,1.23291015625,-0.1708984375,0.4150390625,0.09765625,2.5390625,0.1220703125,0.40283203125,0.06103515625,0.35400390625,-0.09765625,-0.732421875,-0.03662109375,-0.3662109375,0.048828125,-1.45263671875,-0.13427734375,-0.2197265625,0.1220703125,-0.244140625,-0.01220703125,-1.220703125,0.01220703125,-0.732421875,-0.15869140625,-0.6103515625,0.146484375,-0.732421875,0,-0.06103515625,0.09765625,-0.69580078125,-0.1220703125,-1.3916015625,-0.146484375,-0.96435546875,-0.15869140625,0.45166015625,-0.06103515625,-0.0244140625,0.01220703125,-0.37841796875,-0.0732421875,-0.341796875,-0.1708984375,-0.23193359375,-0.0732421875,0.10986328125,-0.10986328125,0.830078125,0.1708984375,-0.5126953125,-0.08544921875,-0.50048828125
1,-0.30517578125,-0.50048828125,-0.13427734375,-0.5126953125,0.146484375,-0.59814453125,-0.048828125,-0.35400390625,0.048828125,0.32958984375,-0.0244140625,-0.47607421875,-0.15869140625,1.4892578125,-0.06103515625,0.4638671875,0.23193359375,-0.6591796875,-0.5615234375,-0.18310546875,0.06103515625,0.81787109375,-0.13427734375,-0.67138671875,0.18310546875,-0.08544921875,0.1708984375,-0.72021484375,0,0.98876953125,-0.06103515625,0.30517578125,-0.18310546875,-0.2685546875,0.08544921875,-0.8056640625,-0.29296875,-0.40283203125,-0.28076171875,-0.69580078125,-0.08544921875,-0.48828125,-0.1220703125,-1.0009765625,0,-0.6591796875,-0.13427734375,0.37841796875,-0.30517578125,1.171875,0.25634765625,0.47607421875,-0.40283203125,-0.1708984375,-0.048828125,0.74462890625,-0.08544921875,0.64697265625,-0.01220703125,0.439453125,0.3662109375,0.42724609375,-0.06103515625,0.13427734375,0.10986328125,0.1953125,0.03662109375,1.0498046875,-0.28076171875,0.25634765625,-0.18310546875,0.1708984375,-0.13427734375,1.47705078125,0.13427734375,1.611328125,-0.18310546875,0.830078125,0.03662109375,4.1015625,0.18310546875,-0.4150390625,0.0732421875,0.0244140625,-0.06103515625,-0.96435546875,-0.03662109375,-0.62255859375,0.06103515625,-1.46484375,-0.13427734375,-0.2197265625,0.13427734375,-0.244140625,0.01220703125,-1.2451171875,0.03662109375,-0.7568359375,-0.146484375,-0.62255859375,0.146484375,-0.7080078125,-0.01220703125,-0.03662109375,0.13427734375,-0.69580078125,-0.1220703125,-1.3916015625,-0.15869140625,-0.9521484375,-0.146484375,0.439453125,-0.06103515625,-0.0244140625,0.01220703125,-0.37841796875,-0.06103515625,-0.30517578125,-0.1708984375,-0.10986328125,-0.0732421875,0.10986328125,-0.0732421875,0.8544921875,0.1220703125,-0.50048828125,-0.08544921875,-0.48828125
1,-0.30517578125,-0.5126953125,-0.13427734375,-0.5126953125,0.146484375,-0.6103515625,-0.048828125,-0.35400390625,0.0244140625,0.244140625,-0.0244140625,-0.5615234375,-0.18310546875,1.4404296875,-0.08544921875,0.341796875,0.146484375,-0.64697265625,-0.5859375,-0.1953125,0.06103515625,0.79345703125,-0.10986328125,-0.68359375,0.18310546875,-0.08544921875,0.1708984375,-0.74462890625,-0.048828125,0.96435546875,-0.0732421875,0.32958984375,-0.1953125,-0.28076171875,0.09765625,-0.8056640625,-0.3173828125,-0.42724609375,-0.29296875,-0.7080078125,-0.08544921875,-0.59814453125,-0.15869140625,-1.23291015625,0.01220703125,-0.72021484375,-0.13427734375,0.244140625,-0.29296875,1.18408203125,0.244140625,0.5126953125,-0.4150390625,-0.15869140625,-0.0732421875,0.732421875,-0.13427734375,0.64697265625,-0.0244140625,0.439453125,0.37841796875,0.439453125,-0.048828125,0.15869140625,0.10986328125,0.20751953125,0.09765625,1.03759765625,-0.28076171875,0.28076171875,-0.18310546875,0.18310546875,-0.1708984375,2.0751953125,0.06103515625,2.03857421875,-0.2197265625,1.30615234375,0,5.7861328125,0.18310546875,-1.06201171875,0.0732421875,-0.20751953125,-0.0732421875,-1.1474609375,-0.03662109375,-0.81787109375,0.03662109375,-1.4892578125,-0.15869140625,-0.2197265625,0.1220703125,-0.25634765625,-0.01220703125,-1.25732421875,0.0244140625,-0.7568359375,-0.13427734375,-0.64697265625,0.1220703125,-0.68359375,-0.048828125,-0.048828125,0.09765625,-0.72021484375,-0.146484375,-1.416015625,-0.146484375,-0.9521484375,-0.1708984375,0.42724609375,-0.0732421875,-0.06103515625,0.01220703125,-0.4150390625,-0.06103515625,-0.28076171875,-0.15869140625,-0.18310546875,-0.09765625,0.06103515625,-0.0732421875,0.89111328125,0.09765625,-0.4638671875,-0.06103515625,-0.45166015625
1,-0.3173828125,-0.5126953125,-0.13427734375,-0.50048828125,0.146484375,-0.6103515625,-0.048828125,-0.35400390625,0,0.1220703125,-0.10986328125,-0.7080078125,-0.1708984375,1.318359375,-0.09765625,0.18310546875,0.03662109375,-0.67138671875,-0.57373046875,-0.2197265625,0.0244140625,0.8056640625,-0.10986328125,-0.68359375,0.18310546875,-0.10986328125,0.1708984375,-0.74462890625,-0.06103515625,0.96435546875,-0.0732421875,0.3173828125,-0.18310546875,-0.25634765625,0.0732421875,-0.8056640625,-0.32958984375,-0.42724609375,-0.28076171875,-0.69580078125,-0.0244140625,-0.69580078125,-0.08544921875,-1.42822265625,0.06103515625,-0.76904296875,-0.1220703125,0.1708984375,-0.30517578125,1.18408203125,0.25634765625,0.48828125,-0.40283203125,-0.1708984375,-0.08544921875,0.732421875,-0.13427734375,0.64697265625,-0.01220703125,0.439453125,0.3662109375,0.45166015625,-0.0244140625,0.15869140625,0.10986328125,0.244140625,0.10986328125,1.06201171875,-0.2685546875,0.28076171875,-0.18310546875,0.18310546875,-0.18310546875,2.63671875,0.06103515625,2.4658203125,-0.2197265625,1.77001953125,0.13427734375,7.421875,0.244140625,-1.3671875,0.0732421875,-0.32958984375,-0.0732421875,-1.25732421875,-0.048828125,-0.927734375,0.048828125,-1.47705078125,-0.146484375,-0.20751953125,0.146484375,-0.2685546875,-0.01220703125,-1.26953125,0.01220703125,-0.74462890625,-0.13427734375,-0.64697265625,0.13427734375,-0.67138671875,-0.06103515625,-0.048828125,0.09765625,-0.7080078125,-0.146484375,-1.40380859375,-0.15869140625,-0.96435546875,-0.18310546875,0.42724609375,-0.09765625,-0.10986328125,0.0244140625,-0.50048828125,-0.0732421875,-0.3173828125,-0.15869140625,-0.341796875,-0.08544921875,0.06103515625,-0.048828125,0.87890625,0.03662109375,-0.42724609375,-0.048828125,-0.45166015625
1,-0.30517578125,-0.50048828125,-0.13427734375,-0.52490234375,0.1220703125,-0.6103515625,-0.048828125,-0.341796875,0.01220703125,-0.01220703125,-0.048828125,-0.86669921875,-0.1708984375,1.20849609375,-0.0732421875,0.0244140625,-0.0244140625,-0.68359375,-0.57373046875,-0.1953125,-0.01220703125,0.8056640625,-0.10986328125,-0.67138671875,0.1953125,-0.10986328125,0.1953125,-0.7568359375,-0.08544921875,0.9765625,-0.08544921875,0.3173828125,-0.18310546875,-0.2685546875,0.048828125,-0.79345703125,-0.341796875,-0.42724609375,-0.28076171875,-0.68359375,-0.0732421875,-0.7080078125,-0.15869140625,-1.50146484375,0.01220703125,-0.78125,-0.1708984375,0.1220703125,-0.29296875,1.18408203125,0.25634765625,0.5126953125,-0.40283203125,-0.18310546875,-0.08544921875,0.72021484375,-0.1708984375,0.62255859375,-0.03662109375,0.45166015625,0.341796875,0.4638671875,-0.01220703125,0.15869140625,0.09765625,0.2685546875,0.13427734375,1.07421875,-0.25634765625,0.30517578125,-0.18310546875,0.20751953125,-0.1708984375,3.11279296875,0.048828125,2.83203125,-0.23193359375,2.13623046875,0.20751953125,8.82568359375,0.1708984375,-1.3671875,0.048828125,-0.3173828125,-0.06103515625,-1.2451171875,-0.03662109375,-0.89111328125,0.06103515625,-1.46484375,-0.15869140625,-0.20751953125,0.146484375,-0.28076171875,-0.01220703125,-1.2939453125,0.0244140625,-0.72021484375,-0.1220703125,-0.634765625,0.10986328125,-0.67138671875,-0.08544921875,-0.03662109375,0.0732421875,-0.69580078125,-0.146484375,-1.4404296875,-0.1220703125,-0.96435546875,-0.18310546875,0.439453125,-0.10986328125,-0.20751953125,0.03662109375,-0.6103515625,-0.0732421875,-0.37841796875,-0.13427734375,-0.57373046875,-0.08544921875,0.03662109375,-0.06103515625,0.89111328125,0,-0.37841796875,-0.03662109375,-0.439453125
1,-0.3173828125,-0.47607421875,-0.13427734375,-0.5126953125,0.10986328125,-0.5859375,-0.048828125,-0.341796875,0,-0.09765625,-0.09765625,-0.96435546875,-0.1953125,1.123046875,-0.1220703125,-0.09765625,-0.09765625,-0.68359375,-0.5859375,-0.1953125,-0.06103515625,0.79345703125,-0.09765625,-0.6591796875,0.20751953125,-0.13427734375,0.20751953125,-0.78125,-0.1220703125,0.98876953125,-0.08544921875,0.30517578125,-0.1953125,-0.25634765625,0.048828125,-0.79345703125,-0.341796875,-0.42724609375,-0.25634765625,-0.69580078125,-0.08544921875,-0.634765625,-0.146484375,-1.4404296875,0.0244140625,-0.74462890625,-0.13427734375,0.20751953125,-0.25634765625,1.1962890625,0.2685546875,0.50048828125,-0.390625,-0.20751953125,-0.09765625,0.7080078125,-0.1708984375,0.62255859375,-0.0244140625,0.4638671875,0.30517578125,0.45166015625,-0.01220703125,0.146484375,0.09765625,0.29296875,0.18310546875,1.07421875,-0.20751953125,0.30517578125,-0.15869140625,0.20751953125,-0.1708984375,3.50341796875,0,3.13720703125,-0.244140625,2.42919921875,0.20751953125,9.8876953125,0.20751953125,-0.9765625,0.048828125,-0.146484375,-0.09765625,-1.1474609375,-0.048828125,-0.7568359375,0.048828125,-1.47705078125,-0.15869140625,-0.1953125,0.146484375,-0.30517578125,-0.01220703125,-1.28173828125,0.01220703125,-0.732421875,-0.1220703125,-0.64697265625,0.10986328125,-0.67138671875,-0.09765625,-0.03662109375,0.09765625,-0.68359375,-0.13427734375,-1.4404296875,-0.1220703125,-0.96435546875,-0.1953125,0.42724609375,-0.10986328125,-0.28076171875,0.03662109375,-0.7080078125,-0.0732421875,-0.45166015625,-0.146484375,-0.8056640625,-0.08544921875,0.01220703125,-0.048828125,0.89111328125,-0.03662109375,-0.4150390625,0,-0.439453125
1,-0.3173828125,-0.50048828125,-0.13427734375,-0.52490234375,0.09765625,-0.57373046875,-0.048828125,-0.32958984375,-0.01220703125,-0.18310546875,-0.10986328125,-1.01318359375,-0.18310546875,1.0986328125,-0.10986328125,-0.146484375,-0.15869140625,-0.67138671875,-0.57373046875,-0.2197265625,-0.08544921875,0.8056640625,-0.09765625,-0.67138671875,0.1953125,-0.146484375,0.2197265625,-0.74462890625,-0.146484375,0.98876953125,-0.08544921875,0.29296875,-0.18310546875,-0.2685546875,0.0732421875,-0.8056640625,-0.341796875,-0.40283203125,-0.244140625,-0.68359375,-0.048828125,-0.5126953125,-0.09765625,-1.28173828125,0.048828125,-0.62255859375,-0.13427734375,0.3173828125,-0.25634765625,1.171875,0.25634765625,0.47607421875,-0.37841796875,-0.1708984375,-0.09765625,0.7080078125,-0.1708984375,0.59814453125,-0.0244140625,0.439453125,0.28076171875,0.4638671875,-0.01220703125,0.146484375,0.09765625,0.29296875,0.20751953125,1.08642578125,-0.1953125,0.2685546875,-0.146484375,0.23193359375,-0.1220703125,3.74755859375,0,3.30810546875,-0.23193359375,2.62451171875,0.20751953125,10.5712890625,0.28076171875,-0.29296875,0.048828125,0.146484375,-0.08544921875,-0.93994140625,-0.03662109375,-0.537109375,0.0732421875,-1.45263671875,-0.1708984375,-0.20751953125,0.15869140625,-0.30517578125,-0.03662109375,-1.25732421875,0,-0.74462890625,-0.1220703125,-0.64697265625,0.08544921875,-0.68359375,-0.146484375,-0.03662109375,0.0732421875,-0.6591796875,-0.15869140625,-1.4404296875,-0.10986328125,-0.98876953125,-0.18310546875,0.439453125,-0.1220703125,-0.32958984375,0.0244140625,-0.74462890625,-0.0732421875,-0.537109375,-0.13427734375,-0.96435546875,-0.09765625,0,-0.03662109375,0.87890625,-0.06103515625,-0.42724609375,0.06103515625,-0.439453125
1,-0.30517578125,-0.47607421875,-0.1220703125,-0.52490234375,0.0732421875,-0.5859375,-0.048828125,-0.32958984375,-0.06103515625,-0.18310546875,-0.2197265625,-0.96435546875,-0.20751953125,1.0986328125,-0.1708984375,-0.13427734375,-0.244140625,-0.64697265625,-0.54931640625,-0.2197265625,-0.13427734375,0.8056640625,-0.10986328125,-0.68359375,0.1953125,-0.13427734375,0.244140625,-0.74462890625,-0.15869140625,0.9765625,-0.06103515625,0.28076171875,-0.20751953125,-0.25634765625,0.06103515625,-0.830078125,-0.341796875,-0.37841796875,-0.244140625,-0.6591796875,-0.08544921875,-0.341796875,-0.15869140625,-1.01318359375,0.0244140625,-0.4638671875,-0.1708984375,0.5126953125,-0.25634765625,1.18408203125,0.244140625,0.4638671875,-0.37841796875,-0.15869140625,-0.08544921875,0.7080078125,-0.15869140625,0.59814453125,-0.01220703125,0.45166015625,0.244140625,0.439453125,-0.0244140625,0.15869140625,0.09765625,0.30517578125,0.20751953125,1.0986328125,-0.1708984375,0.30517578125,-0.13427734375,0.23193359375,-0.09765625,3.86962890625,-0.03662109375,3.3935546875,-0.25634765625,2.69775390625,0.08544921875,10.8642578125,0.32958984375,0.59814453125,0.06103515625,0.5126953125,-0.06103515625,-0.69580078125,-0.048828125,-0.23193359375,0.0732421875,-1.45263671875,-0.1708984375,-0.1953125,0.146484375,-0.29296875,-0.03662109375,-1.2451171875,0,-0.72021484375,-0.1220703125,-0.64697265625,0.08544921875,-0.68359375,-0.13427734375,-0.048828125,0.0732421875,-0.6591796875,-0.15869140625,-1.416015625,-0.10986328125,-1.0009765625,-0.1953125,0.42724609375,-0.10986328125,-0.32958984375,0.01220703125,-0.76904296875,-0.0732421875,-0.57373046875,-0.13427734375,-1.03759765625,-0.13427734375,0,0,0.830078125,-0.09765625,-0.439453125,0.09765625,-0.45166015625
1,-0.30517578125,-0.48828125,-0.1220703125,-0.5126953125,0.048828125,-0.59814453125,-0.048828125,-0.341796875,0.01220703125,-0.10986328125,-0.1220703125,-0.8544921875,-0.146484375,1.1962890625,-0.1220703125,-0.03662109375,-0.28076171875,-0.64697265625,-0.47607421875,-0.23193359375,-0.1708984375,0.79345703125,-0.09765625,-0.67138671875,0.1953125,-0.13427734375,0.2685546875,-0.72021484375,-0.13427734375,0.9765625,-0.06103515625,0.2685546875,-0.20751953125,-0.25634765625,0.0732421875,-0.81787109375,-0.35400390625,-0.341796875,-0.244140625,-0.6591796875,-0.048828125,-0.15869140625,-0.13427734375,-0.72021484375,0.03662109375,-0.28076171875,-0.15869140625,0.74462890625,-0.2685546875,1.1474609375,0.25634765625,0.4638671875,-0.3662109375,-0.146484375,-0.08544921875,0.7080078125,-0.15869140625,0.62255859375,-0.0244140625,0.42724609375,0.2197265625,0.42724609375,-0.03662109375,0.146484375,0.09765625,0.3173828125,0.23193359375,1.0986328125,-0.13427734375,0.30517578125,-0.1220703125,0.23193359375,-0.0732421875,3.8330078125,-0.0732421875,3.369140625,-0.25634765625,2.67333984375,0.03662109375,10.85205078125,0.28076171875,1.59912109375,0.03662109375,0.9033203125,-0.0732421875,-0.37841796875,-0.0732421875,0.08544921875,0.06103515625,-1.4404296875,-0.1708984375,-0.1953125,0.15869140625,-0.28076171875,-0.0244140625,-1.1962890625,-0.01220703125,-0.72021484375,-0.13427734375,-0.634765625,0.09765625,-0.69580078125,-0.13427734375,-0.048828125,0.06103515625,-0.64697265625,-0.1708984375,-1.416015625,-0.08544921875,-1.0009765625,-0.1953125,0.45166015625,-0.09765625,-0.29296875,0,-0.732421875,-0.0732421875,-0.59814453125,-0.1220703125,-1.0009765625,-0.1220703125,0,0.01220703125,0.81787109375,-0.09765625,-0.47607421875,0.10986328125,-0.4638671875
1,-0.30517578125,-0.4638671875,-0.1220703125,-0.537109375,0.06103515625,-0.634765625,-0.048828125,-0.341796875,0,0.03662109375,-0.13427734375,-0.64697265625,-0.1220703125,1.3427734375,-0.13427734375,0.146484375,-0.32958984375,-0.64697265625,-0.42724609375,-0.1953125,-0.1953125,0.8056640625,-0.09765625,-0.67138671875,0.20751953125,-0.1220703125,0.28076171875,-0.7080078125,-0.13427734375,0.9765625,-0.048828125,0.28076171875,-0.1708984375,-0.25634765625,0.08544921875,-0.830078125,-0.37841796875,-0.32958984375,-0.23193359375,-0.6591796875,-0.048828125,0.0244140625,-0.09765625,-0.4638671875,0.0244140625,-0.13427734375,-0.18310546875,1.0009765625,-0.2685546875,1.1474609375,0.244140625,0.45166015625,-0.35400390625,-0.13427734375,-0.0732421875,0.72021484375,-0.15869140625,0.6103515625,-0.0244140625,0.439453125,0.15869140625,0.40283203125,-0.01220703125,0.13427734375,0.10986328125,0.30517578125,0.244140625,1.0986328125,-0.1220703125,0.3173828125,-0.10986328125,0.25634765625,-0.048828125,3.72314453125,-0.08544921875,3.2958984375,-0.25634765625,2.55126953125,-0.01220703125,10.55908203125,0.32958984375,2.6123046875,0.03662109375,1.30615234375,-0.06103515625,-0.08544921875,-0.0732421875,0.40283203125,0.048828125,-1.42822265625,-0.15869140625,-0.1953125,0.146484375,-0.25634765625,-0.01220703125,-1.18408203125,-0.0244140625,-0.732421875,-0.09765625,-0.6103515625,0.09765625,-0.732421875,-0.146484375,-0.06103515625,0.06103515625,-0.64697265625,-0.15869140625,-1.40380859375,-0.10986328125,-1.01318359375,-0.1953125,0.45166015625,-0.0732421875,-0.2197265625,-0.01220703125,-0.634765625,-0.0732421875,-0.5615234375,-0.146484375,-0.84228515625,-0.09765625,0.0244140625,-0.01220703125,0.8544921875,-0.09765625,-0.50048828125,0.15869140625,-0.45166015625
1,-0.3173828125,-0.47607421875,-0.1220703125,-0.54931640625,0.03662109375,-0.634765625,-0.0244140625,-0.341796875,-0.01220703125,0.2197265625,-0.1708984375,-0.4638671875,-0.1220703125,1.513671875,-0.146484375,0.35400390625,-0.3173828125,-0.634765625,-0.390625,-0.1953125,-0.23193359375,0.8056640625,-0.08544921875,-0.68359375,0.20751953125,-0.10986328125,0.28076171875,-0.69580078125,-0.1220703125,0.9765625,-0.048828125,0.29296875,-0.1708984375,-0.25634765625,0.0732421875,-0.830078125,-0.37841796875,-0.341796875,-0.2197265625,-0.64697265625,-0.0732421875,0.18310546875,-0.1220703125,-0.244140625,0.01220703125,0.0244140625,-0.1953125,1.20849609375,-0.244140625,1.13525390625,0.23193359375,0.42724609375,-0.341796875,-0.13427734375,-0.08544921875,0.7080078125,-0.13427734375,0.62255859375,-0.03662109375,0.45166015625,0.10986328125,0.4150390625,-0.0244140625,0.13427734375,0.08544921875,0.29296875,0.244140625,1.07421875,-0.08544921875,0.3173828125,-0.0732421875,0.244140625,-0.03662109375,3.515625,-0.1220703125,3.13720703125,-0.25634765625,2.40478515625,-0.048828125,10.09521484375,0.28076171875,3.564453125,0.048828125,1.67236328125,-0.06103515625,0.15869140625,-0.06103515625,0.69580078125,0.0244140625,-1.45263671875,-0.146484375,-0.20751953125,0.13427734375,-0.25634765625,-0.03662109375,-1.15966796875,-0.0244140625,-0.72021484375,-0.08544921875,-0.6591796875,0.06103515625,-0.732421875,-0.13427734375,-0.048828125,0.048828125,-0.67138671875,-0.18310546875,-1.3916015625,-0.09765625,-1.0009765625,-0.20751953125,0.4638671875,-0.048828125,-0.15869140625,-0.01220703125,-0.537109375,-0.06103515625,-0.50048828125,-0.09765625,-0.64697265625,-0.10986328125,0.0244140625,-0.01220703125,0.84228515625,-0.1220703125,-0.5126953125,0.18310546875,-0.48828125
1,-0.3173828125,-0.48828125,-0.09765625,-0.537109375,0.01220703125,-0.634765625,-0.03662109375,-0.35400390625,-0.0244140625,0.3662109375,-0.18310546875,-0.29296875,-0.146484375,1.66015625,-0.18310546875,0.537109375,-0.29296875,-0.634765625,-0.341796875,-0.1953125,-0.25634765625,0.830078125,-0.0732421875,-0.68359375,0.23193359375,-0.09765625,0.28076171875,-0.69580078125,-0.13427734375,0.98876953125,-0.048828125,0.28076171875,-0.15869140625,-0.2685546875,0.08544921875,-0.81787109375,-0.37841796875,-0.341796875,-0.1953125,-0.634765625,-0.08544921875,0.29296875,-0.08544921875,-0.10986328125,0,0.09765625,-0.1953125,1.3671875,-0.2197265625,1.123046875,0.2197265625,0.439453125,-0.3173828125,-0.13427734375,-0.06103515625,0.74462890625,-0.10986328125,0.64697265625,-0.048828125,0.45166015625,0.03662109375,0.40283203125,-0.03662109375,0.1220703125,0.08544921875,0.25634765625,0.2685546875,1.06201171875,-0.0732421875,0.29296875,-0.06103515625,0.2197265625,-0.01220703125,3.271484375,-0.15869140625,2.94189453125,-0.2685546875,2.24609375,-0.1220703125,9.521484375,0.244140625,4.35791015625,0.06103515625,1.9775390625,-0.048828125,0.40283203125,-0.09765625,0.927734375,0.03662109375,-1.47705078125,-0.13427734375,-0.23193359375,0.1220703125,-0.23193359375,-0.01220703125,-1.18408203125,-0.0244140625,-0.732421875,-0.06103515625,-0.64697265625,0.0244140625,-0.7080078125,-0.1708984375,-0.0732421875,0.03662109375,-0.67138671875,-0.146484375,-1.37939453125,-0.09765625,-1.0009765625,-0.18310546875,0.45166015625,-0.048828125,-0.10986328125,-0.01220703125,-0.4638671875,-0.0732421875,-0.42724609375,-0.13427734375,-0.439453125,-0.10986328125,0.048828125,-0.01220703125,0.84228515625,-0.146484375,-0.5126953125,0.244140625,-0.50048828125
1,-0.29296875,-0.5126953125,-0.10986328125,-0.52490234375,-0.01220703125,-0.634765625,-0.0244140625,-0.3662109375,0.0244140625,0.50048828125,-0.09765625,-0.18310546875,-0.08544921875,1.7578125,-0.13427734375,0.68359375,-0.30517578125,-0.634765625,-0.29296875,-0.1953125,-0.244140625,0.830078125,-0.048828125,-0.67138671875,0.25634765625,-0.09765625,0.28076171875,-0.7080078125,-0.146484375,1.0009765625,-0.03662109375,0.30517578125,-0.146484375,-0.25634765625,0.1220703125,-0.81787109375,-0.3662109375,-0.35400390625,-0.18310546875,-0.6591796875,-0.0732421875,0.3173828125,-0.0732421875,-0.1220703125,0,0.146484375,-0.20751953125,1.46484375,-0.18310546875,1.123046875,0.20751953125,0.4638671875,-0.32958984375,-0.146484375,-0.06103515625,0.732421875,-0.08544921875,0.6591796875,-0.048828125,0.45166015625,-0.01220703125,0.40283203125,-0.0244140625,0.146484375,0.09765625,0.25634765625,0.2685546875,1.0498046875,-0.0244140625,0.28076171875,-0.0244140625,0.2197265625,-0.0244140625,3.02734375,-0.1708984375,2.7587890625,-0.244140625,2.03857421875,-0.15869140625,8.89892578125,0.20751953125,4.99267578125,0.06103515625,2.197265625,-0.06103515625,0.537109375,-0.08544921875,1.0986328125,0,-1.4892578125,-0.13427734375,-0.23193359375,0.1220703125,-0.244140625,-0.01220703125,-1.1962890625,-0.01220703125,-0.732421875,-0.048828125,-0.64697265625,0.0244140625,-0.72021484375,-0.1953125,-0.048828125,0.0244140625,-0.68359375,-0.146484375,-1.3916015625,-0.08544921875,-0.9765625,-0.15869140625,0.47607421875,-0.03662109375,-0.0732421875,-0.01220703125,-0.42724609375,-0.06103515625,-0.390625,-0.0732421875,-0.28076171875,-0.08544921875,0.03662109375,0,0.86669921875,-0.1708984375,-0.5126953125,0.29296875,-0.50048828125
1,-0.29296875,-0.52490234375,-0.08544921875,-0.52490234375,-0.0244140625,-0.62255859375,-0.03662109375,-0.3662109375,0.01220703125,0.537109375,-0.13427734375,-0.1708984375,-0.08544921875,1.79443359375,-0.146484375,0.72021484375,-0.2685546875,-0.62255859375,-0.25634765625,-0.18310546875,-0.23193359375,0.81787109375,-0.01220703125,-0.68359375,0.25634765625,-0.10986328125,0.29296875,-0.72021484375,-0.10986328125,0.98876953125,-0.03662109375,0.30517578125,-0.15869140625,-0.2685546875,0.10986328125,-0.8056640625,-0.390625,-0.390625,-0.1708984375,-0.6591796875,-0.06103515625,0.30517578125,-0.0732421875,-0.20751953125,-0.0244140625,0.13427734375,-0.2197265625,1.45263671875,-0.15869140625,1.123046875,0.1953125,0.4638671875,-0.29296875,-0.15869140625,-0.06103515625,0.732421875,-0.0732421875,0.6591796875,-0.06103515625,0.4638671875,-0.03662109375,0.40283203125,-0.0244140625,0.13427734375,0.09765625,0.23193359375,0.28076171875,1.06201171875,-0.0244140625,0.244140625,0,0.23193359375,-0.0244140625,2.783203125,-0.23193359375,2.6123046875,-0.23193359375,1.84326171875,-0.23193359375,8.26416015625,0.1953125,5.419921875,0.048828125,2.35595703125,-0.048828125,0.64697265625,-0.10986328125,1.23291015625,0,-1.50146484375,-0.146484375,-0.244140625,0.10986328125,-0.244140625,-0.0244140625,-1.23291015625,-0.0244140625,-0.7568359375,-0.048828125,-0.64697265625,0.01220703125,-0.7080078125,-0.2197265625,-0.048828125,0,-0.7080078125,-0.15869140625,-1.3916015625,-0.08544921875,-0.96435546875,-0.146484375,0.47607421875,-0.03662109375,-0.048828125,-0.01220703125,-0.37841796875,-0.0732421875,-0.3662109375,-0.08544921875,-0.2197265625,-0.09765625,0.048828125,-0.01220703125,0.9033203125,-0.20751953125,-0.50048828125,0.3173828125,-0.48828125
1,-0.29296875,-0.52490234375,-0.0732421875,-0.5126953125,-0.0244140625,-0.62255859375,-0.0244140625,-0.3662109375,0,0.48828125,-0.13427734375,-0.25634765625,-0.08544921875,1.69677734375,-0.18310546875,0.67138671875,-0.2197265625,-0.62255859375,-0.20751953125,-0.1708984375,-0.1953125,0.84228515625,-0.0244140625,-0.68359375,0.2685546875,-0.1220703125,0.30517578125,-0.72021484375,-0.09765625,1.0009765625,-0.0244140625,0.30517578125,-0.146484375,-0.25634765625,0.13427734375,-0.79345703125,-0.40283203125,-0.42724609375,-0.146484375,-0.67138671875,-0.06103515625,0.23193359375,-0.08544921875,-0.35400390625,-0.03662109375,0.09765625,-0.20751953125,1.3916015625,-0.1220703125,1.171875,0.1708984375,0.48828125,-0.2685546875,-0.1708984375,-0.06103515625,0.72021484375,-0.06103515625,0.67138671875,-0.0732421875,0.45166015625,-0.048828125,0.439453125,-0.01220703125,0.146484375,0.08544921875,0.2197265625,0.25634765625,1.0498046875,0,0.25634765625,0.03662109375,0.244140625,-0.0244140625,2.55126953125,-0.244140625,2.392578125,-0.2197265625,1.66015625,-0.25634765625,7.6416015625,0.18310546875,5.6884765625,0.03662109375,2.47802734375,-0.0244140625,0.67138671875,-0.10986328125,1.2939453125,0,-1.50146484375,-0.15869140625,-0.244140625,0.09765625,-0.2685546875,-0.03662109375,-1.2451171875,-0.01220703125,-0.76904296875,-0.03662109375,-0.67138671875,-0.01220703125,-0.68359375,-0.2197265625,-0.03662109375,0.01220703125,-0.7080078125,-0.146484375,-1.3671875,-0.08544921875,-0.9765625,-0.13427734375,0.4638671875,-0.03662109375,-0.06103515625,-0.01220703125,-0.40283203125,-0.0732421875,-0.341796875,-0.0732421875,-0.25634765625,-0.09765625,0.0244140625,-0.0244140625,0.91552734375,-0.23193359375,-0.4638671875,0.3662109375,-0.47607421875
1,-0.29296875,-0.537109375,-0.08544921875,-0.5126953125,-0.01220703125,-0.59814453125,-0.03662109375,-0.32958984375,-0.01220703125,0.341796875,-0.0732421875,-0.45166015625,-0.09765625,1.5625,-0.1953125,0.50048828125,-0.146484375,-0.64697265625,-0.18310546875,-0.18310546875,-0.146484375,0.81787109375,-0.01220703125,-0.69580078125,0.2685546875,-0.10986328125,0.28076171875,-0.732421875,-0.09765625,1.0009765625,-0.03662109375,0.32958984375,-0.13427734375,-0.25634765625,0.1220703125,-0.81787109375,-0.40283203125,-0.45166015625,-0.1220703125,-0.68359375,-0.0732421875,0.1220703125,-0.08544921875,-0.537109375,-0.048828125,0.0244140625,-0.2197265625,1.318359375,-0.09765625,1.20849609375,0.146484375,0.47607421875,-0.25634765625,-0.1953125,-0.048828125,0.74462890625,-0.03662109375,0.6591796875,-0.0732421875,0.4638671875,-0.06103515625,0.4638671875,0,0.15869140625,0.09765625,0.25634765625,0.25634765625,1.0498046875,0.01220703125,0.25634765625,0.048828125,0.244140625,-0.0244140625,2.33154296875,-0.25634765625,2.2216796875,-0.18310546875,1.47705078125,-0.30517578125,7.04345703125,0.1708984375,5.82275390625,0.06103515625,2.52685546875,-0.0244140625,0.69580078125,-0.10986328125,1.35498046875,0.01220703125,-1.50146484375,-0.146484375,-0.23193359375,0.10986328125,-0.25634765625,-0.0244140625,-1.25732421875,-0.01220703125,-0.76904296875,-0.01220703125,-0.67138671875,-0.0244140625,-0.68359375,-0.20751953125,-0.03662109375,0,-0.69580078125,-0.15869140625,-1.3916015625,-0.08544921875,-0.98876953125,-0.10986328125,0.4638671875,-0.03662109375,-0.09765625,0,-0.48828125,-0.06103515625,-0.390625,-0.08544921875,-0.3662109375,-0.08544921875,0.01220703125,0,0.927734375,-0.23193359375,-0.390625,0.3662109375,-0.4638671875
1,-0.2685546875,-0.52490234375,-0.09765625,-0.50048828125,-0.01220703125,-0.6103515625,-0.048828125,-0.32958984375,0.0244140625,0.13427734375,0,-0.69580078125,-0.08544921875,1.3671875,-0.1953125,0.25634765625,-0.0244140625,-0.64697265625,-0.18310546875,-0.1953125,-0.10986328125,0.81787109375,0.01220703125,-0.68359375,0.30517578125,-0.13427734375,0.2685546875,-0.732421875,-0.10986328125,1.0009765625,-0.03662109375,0.29296875,-0.146484375,-0.2685546875,0.10986328125,-0.79345703125,-0.390625,-0.4638671875,-0.08544921875,-0.68359375,-0.0732421875,0.03662109375,-0.0732421875,-0.68359375,-0.048828125,-0.06103515625,-0.23193359375,1.20849609375,-0.03662109375,1.20849609375,0.146484375,0.48828125,-0.2685546875,-0.20751953125,-0.0732421875,0.732421875,-0.03662109375,0.6591796875,-0.08544921875,0.4638671875,-0.06103515625,0.4638671875,0.01220703125,0.146484375,0.10986328125,0.2685546875,0.2197265625,1.06201171875,0.0244140625,0.244140625,0.0732421875,0.25634765625,-0.048828125,2.1484375,-0.28076171875,2.1484375,-0.146484375,1.2939453125,-0.3662109375,6.45751953125,0.15869140625,5.7861328125,0.03662109375,2.5146484375,-0.048828125,0.67138671875,-0.1220703125,1.33056640625,0,-1.4892578125,-0.15869140625,-0.25634765625,0.10986328125,-0.25634765625,-0.048828125,-1.2939453125,0.01220703125,-0.79345703125,0,-0.68359375,-0.048828125,-0.67138671875,-0.20751953125,-0.048828125,-0.0244140625,-0.69580078125,-0.13427734375,-1.40380859375,-0.08544921875,-0.98876953125,-0.09765625,0.45166015625,-0.03662109375,-0.15869140625,0.0244140625,-0.5615234375,-0.048828125,-0.390625,-0.0732421875,-0.537109375,-0.08544921875,0,-0.0244140625,0.927734375,-0.244140625,-0.40283203125,0.35400390625,-0.45166015625
1,-0.25634765625,-0.5126953125,-0.09765625,-0.5126953125,-0.01220703125,-0.59814453125,-0.03662109375,-0.341796875,0.0244140625,-0.06103515625,0.0244140625,-0.89111328125,-0.0732421875,1.1474609375,-0.18310546875,-0.01220703125,0.0244140625,-0.6591796875,-0.18310546875,-0.1953125,-0.06103515625,0.81787109375,0,-0.68359375,0.341796875,-0.146484375,0.2685546875,-0.7568359375,-0.1220703125,0.98876953125,-0.06103515625,0.2685546875,-0.146484375,-0.28076171875,0.09765625,-0.8056640625,-0.40283203125,-0.45166015625,-0.06103515625,-0.6591796875,-0.06103515625,-0.03662109375,-0.06103515625,-0.81787109375,-0.048828125,-0.1220703125,-0.20751953125,1.123046875,0.0244140625,1.1962890625,0.1220703125,0.50048828125,-0.25634765625,-0.1953125,-0.06103515625,0.72021484375,-0.0244140625,0.6591796875,-0.09765625,0.45166015625,-0.08544921875,0.47607421875,0.0244140625,0.146484375,0.08544921875,0.29296875,0.1953125,1.07421875,0.03662109375,0.2685546875,0.08544921875,0.244140625,-0.06103515625,1.9287109375,-0.30517578125,2.01416015625,-0.10986328125,1.1474609375,-0.45166015625,5.908203125,0.146484375,5.60302734375,0.03662109375,2.45361328125,-0.048828125,0.62255859375,-0.10986328125,1.26953125,0.01220703125,-1.47705078125,-0.146484375,-0.23193359375,0.08544921875,-0.29296875,-0.03662109375,-1.28173828125,0.03662109375,-0.78125,0.01220703125,-0.6591796875,-0.06103515625,-0.67138671875,-0.20751953125,-0.03662109375,-0.0244140625,-0.68359375,-0.13427734375,-1.416015625,-0.08544921875,-0.9765625,-0.0732421875,0.439453125,-0.01220703125,-0.1953125,0.0244140625,-0.634765625,-0.0732421875,-0.439453125,-0.0732421875,-0.69580078125,-0.09765625,-0.0244140625,-0.03662109375,0.91552734375,-0.23193359375,-0.390625,0.3173828125,-0.439453125
1,-0.25634765625,-0.48828125,-0.08544921875,-0.52490234375,0,-0.5859375,-0.03662109375,-0.3173828125,-0.01220703125,-0.244140625,0.01220703125,-1.0498046875,-0.08544921875,1.01318359375,-0.1953125,-0.2197265625,0.10986328125,-0.634765625,-0.18310546875,-0.18310546875,-0.01220703125,0.81787109375,0.0244140625,-0.68359375,0.341796875,-0.13427734375,0.2685546875,-0.76904296875,-0.146484375,0.9765625,-0.06103515625,0.28076171875,-0.146484375,-0.2685546875,0.10986328125,-0.8056640625,-0.37841796875,-0.45166015625,-0.0244140625,-0.68359375,-0.048828125,-0.08544921875,0.0244140625,-0.8544921875,-0.048828125,-0.1708984375,-0.2197265625,1.03759765625,0.08544921875,1.1962890625,0.09765625,0.48828125,-0.25634765625,-0.1953125,-0.0732421875,0.72021484375,-0.01220703125,0.62255859375,-0.08544921875,0.4638671875,-0.0732421875,0.4638671875,0.01220703125,0.15869140625,0.08544921875,0.29296875,0.1708984375,1.08642578125,0.048828125,0.29296875,0.08544921875,0.2685546875,-0.0732421875,1.72119140625,-0.32958984375,1.85546875,-0.03662109375,0.9765625,-0.48828125,5.322265625,0.1220703125,5.26123046875,0.03662109375,2.34375,-0.06103515625,0.537109375,-0.13427734375,1.18408203125,0.01220703125,-1.46484375,-0.13427734375,-0.2197265625,0.08544921875,-0.3173828125,-0.048828125,-1.26953125,0.03662109375,-0.78125,-0.0244140625,-0.67138671875,-0.08544921875,-0.67138671875,-0.23193359375,-0.03662109375,-0.03662109375,-0.6591796875,-0.1220703125,-1.40380859375,-0.0732421875,-1.0009765625,-0.08544921875,0.42724609375,0.01220703125,-0.244140625,0,-0.68359375,-0.0732421875,-0.47607421875,-0.08544921875,-0.79345703125,-0.10986328125,-0.0244140625,-0.06103515625,0.9033203125,-0.2197265625,-0.42724609375,0.25634765625,-0.42724609375
1,-0.25634765625,-0.48828125,-0.08544921875,-0.52490234375,0,-0.5859375,-0.03662109375,-0.3173828125,0,-0.30517578125,0.03662109375,-1.03759765625,-0.0732421875,0.96435546875,-0.1708984375,-0.32958984375,0.15869140625,-0.6103515625,-0.20751953125,-0.1708984375,0.0244140625,0.830078125,0.01220703125,-0.67138671875,0.341796875,-0.1220703125,0.244140625,-0.7568359375,-0.13427734375,0.9765625,-0.0732421875,0.2685546875,-0.15869140625,-0.244140625,0.1220703125,-0.8056640625,-0.3662109375,-0.42724609375,0.0244140625,-0.67138671875,-0.06103515625,-0.10986328125,0.08544921875,-0.86669921875,-0.048828125,-0.1953125,-0.20751953125,1.0009765625,0.10986328125,1.171875,0.0732421875,0.5126953125,-0.25634765625,-0.1953125,-0.0732421875,0.69580078125,-0.0244140625,0.6103515625,-0.09765625,0.439453125,-0.048828125,0.4638671875,0,0.13427734375,0.0732421875,0.28076171875,0.13427734375,1.06201171875,0.048828125,0.3173828125,0.10986328125,0.25634765625,-0.08544921875,1.50146484375,-0.32958984375,1.708984375,0,0.8056640625,-0.537109375,4.7119140625,0.1220703125,4.77294921875,0.01220703125,2.1484375,-0.048828125,0.4150390625,-0.13427734375,1.01318359375,-0.0244140625,-1.45263671875,-0.146484375,-0.1953125,0.08544921875,-0.30517578125,-0.03662109375,-1.2451171875,0.048828125,-0.78125,-0.01220703125,-0.64697265625,-0.10986328125,-0.69580078125,-0.23193359375,-0.06103515625,-0.048828125,-0.6591796875,-0.10986328125,-1.3916015625,-0.10986328125,-1.0009765625,-0.0732421875,0.4150390625,0.01220703125,-0.25634765625,0,-0.68359375,-0.0732421875,-0.50048828125,-0.0732421875,-0.84228515625,-0.1220703125,0,-0.09765625,0.86669921875,-0.18310546875,-0.45166015625,0.23193359375,-0.42724609375
1,-0.25634765625,-0.4638671875,-0.0732421875,-0.52490234375,0,-0.59814453125,-0.048828125,-0.35400390625,-0.01220703125,-0.2685546875,0.0244140625,-0.86669921875,-0.0732421875,1.03759765625,-0.18310546875,-0.28076171875,0.1953125,-0.57373046875,-0.20751953125,-0.1708984375,0.0732421875,0.830078125,0,-0.6591796875,0.341796875,-0.10986328125,0.23193359375,-0.7568359375,-0.13427734375,0.96435546875,-0.08544921875,0.25634765625,-0.1708984375,-0.25634765625,0.1220703125,-0.81787109375,-0.35400390625,-0.439453125,0.048828125,-0.68359375,-0.06103515625,-0.10986328125,0.03662109375,-0.8056640625,-0.0732421875,-0.2197265625,-0.18310546875,0.98876953125,0.146484375,1.171875,0.06103515625,0.48828125,-0.28076171875,-0.20751953125,-0.0732421875,0.7080078125,-0.0244140625,0.6103515625,-0.08544921875,0.439453125,-0.03662109375,0.4638671875,-0.01220703125,0.146484375,0.08544921875,0.2685546875,0.10986328125,1.07421875,0.048828125,0.30517578125,0.13427734375,0.244140625,-0.10986328125,1.220703125,-0.3662109375,1.5625,0.0244140625,0.59814453125,-0.5615234375,4.052734375,0.1220703125,4.1259765625,-0.03662109375,1.8798828125,-0.03662109375,0.25634765625,-0.15869140625,0.79345703125,-0.0244140625,-1.4404296875,-0.1220703125,-0.18310546875,0.09765625,-0.3173828125,-0.03662109375,-1.220703125,0.03662109375,-0.7568359375,0,-0.6591796875,-0.10986328125,-0.72021484375,-0.1953125,-0.06103515625,-0.06103515625,-0.67138671875,-0.10986328125,-1.3671875,-0.09765625,-0.98876953125,-0.0732421875,0.4150390625,0.01220703125,-0.244140625,0.0244140625,-0.6591796875,-0.0732421875,-0.52490234375,-0.08544921875,-0.830078125,-0.10986328125,0.0244140625,-0.10986328125,0.86669921875,-0.1708984375,-0.48828125,0.1953125,-0.42724609375
1,-0.244140625,-0.48828125,-0.0732421875,-0.537109375,0.01220703125,-0.6103515625,-0.048828125,-0.35400390625,-0.0244140625,-0.0732421875,-0.048828125,-0.48828125,-0.09765625,1.2451171875,-0.2197265625,-0.03662109375,0.244140625,-0.52490234375,-0.20751953125,-0.18310546875,0.1220703125,0.81787109375,0.01220703125,-0.67138671875,0.341796875,-0.08544921875,0.20751953125,-0.74462890625,-0.13427734375,0.9765625,-0.09765625,0.28076171875,-0.15869140625,-0.25634765625,0.10986328125,-0.81787109375,-0.35400390625,-0.4150390625,0.0732421875,-0.67138671875,-0.03662109375,-0.08544921875,0.08544921875,-0.732421875,-0.03662109375,-0.2197265625,-0.13427734375,0.98876953125,0.1708984375,1.1474609375,0.048828125,0.47607421875,-0.28076171875,-0.1953125,-0.0732421875,0.69580078125,-0.03662109375,0.62255859375,-0.0732421875,0.439453125,-0.01220703125,0.4638671875,-0.01220703125,0.13427734375,0.0732421875,0.25634765625,0.0732421875,1.08642578125,0.03662109375,0.32958984375,0.146484375,0.23193359375,-0.10986328125,0.93994140625,-0.3662109375,1.35498046875,0.06103515625,0.40283203125,-0.5859375,3.3935546875,0.13427734375,3.30810546875,-0.03662109375,1.5380859375,-0.048828125,0.048828125,-0.15869140625,0.50048828125,-0.03662109375,-1.42822265625,-0.10986328125,-0.1953125,0.06103515625,-0.3173828125,-0.0244140625,-1.23291015625,0.06103515625,-0.7568359375,0.01220703125,-0.62255859375,-0.146484375,-0.732421875,-0.18310546875,-0.0732421875,-0.048828125,-0.67138671875,-0.10986328125,-1.37939453125,-0.1220703125,-1.0009765625,-0.0732421875,0.4150390625,0.0244140625,-0.2197265625,0,-0.634765625,-0.0732421875,-0.52490234375,-0.09765625,-0.74462890625,-0.10986328125,0.0732421875,-0.13427734375,0.84228515625,-0.146484375,-0.52490234375,0.146484375,-0.439453125
1,-0.23193359375,-0.48828125,-0.0732421875,-0.537109375,0.01220703125,-0.57373046875,-0.06103515625,-0.341796875,-0.0244140625,0.3173828125,-0.03662109375,0.08544921875,-0.10986328125,1.611328125,-0.20751953125,0.439453125,0.3173828125,-0.47607421875,-0.1953125,-0.15869140625,0.146484375,0.830078125,-0.0244140625,-0.64697265625,0.35400390625,-0.09765625,0.20751953125,-0.732421875,-0.146484375,0.9765625,-0.09765625,0.28076171875,-0.146484375,-0.23193359375,0.10986328125,-0.81787109375,-0.35400390625,-0.37841796875,0.1220703125,-0.67138671875,-0.09765625,-0.048828125,0.0244140625,-0.67138671875,-0.08544921875,-0.20751953125,-0.1953125,1.0009765625,0.2197265625,1.1474609375,0.03662109375,0.48828125,-0.2685546875,-0.18310546875,-0.06103515625,0.72021484375,-0.048828125,0.634765625,-0.06103515625,0.439453125,0,0.4638671875,0,0.13427734375,0.06103515625,0.23193359375,0.048828125,1.08642578125,0.0244140625,0.32958984375,0.1708984375,0.2197265625,-0.09765625,0.6591796875,-0.32958984375,1.171875,0.08544921875,0.1953125,-0.57373046875,2.67333984375,0.146484375,2.40478515625,-0.0732421875,1.13525390625,-0.048828125,-0.18310546875,-0.15869140625,0.1953125,-0.06103515625,-1.40380859375,-0.08544921875,-0.1953125,0.08544921875,-0.29296875,0,-1.1962890625,0.0732421875,-0.74462890625,0.0244140625,-0.62255859375,-0.15869140625,-0.74462890625,-0.18310546875,-0.08544921875,-0.06103515625,-0.67138671875,-0.06103515625,-1.37939453125,-0.10986328125,-1.01318359375,-0.06103515625,0.42724609375,0.01220703125,-0.1708984375,0,-0.57373046875,-0.0732421875,-0.5126953125,-0.09765625,-0.6103515625,-0.09765625,0.09765625,-0.1708984375,0.81787109375,-0.13427734375,-0.52490234375,0.09765625,-0.45166015625
1,-0.23193359375,-0.5126953125,-0.06103515625,-0.52490234375,0.01220703125,-0.57373046875,-0.06103515625,-0.32958984375,-0.03662109375,0.84228515625,-0.1220703125,0.84228515625,-0.1220703125,2.11181640625,-0.1953125,1.07421875,0.35400390625,-0.42724609375,-0.1953125,-0.15869140625,0.1708984375,0.830078125,-0.0244140625,-0.6591796875,0.3173828125,-0.08544921875,0.18310546875,-0.72021484375,-0.13427734375,0.9765625,-0.10986328125,0.28076171875,-0.15869140625,-0.244140625,0.10986328125,-0.8056640625,-0.35400390625,-0.40283203125,0.146484375,-0.67138671875,-0.09765625,-0.03662109375,0.06103515625,-0.62255859375,-0.0732421875,-0.23193359375,-0.13427734375,0.9765625,0.25634765625,1.1474609375,0.0244140625,0.47607421875,-0.2685546875,-0.20751953125,-0.06103515625,0.7080078125,-0.048828125,0.64697265625,-0.06103515625,0.42724609375,0.01220703125,0.4638671875,-0.0244140625,0.146484375,0.048828125,0.20751953125,0.01220703125,1.06201171875,0.0244140625,0.29296875,0.18310546875,0.2197265625,-0.08544921875,0.35400390625,-0.29296875,0.93994140625,0.10986328125,-0.01220703125,-0.57373046875,1.953125,0.15869140625,1.3916015625,-0.0732421875,0.67138671875,-0.08544921875,-0.4638671875,-0.18310546875,-0.15869140625,-0.0732421875,-1.40380859375,-0.08544921875,-0.20751953125,0.08544921875,-0.2685546875,0,-1.1962890625,0.08544921875,-0.7568359375,0.048828125,-0.634765625,-0.2197265625,-0.732421875,-0.1953125,-0.08544921875,-0.06103515625,-0.68359375,-0.06103515625,-1.3671875,-0.146484375,-0.98876953125,-0.06103515625,0.439453125,-0.01220703125,-0.15869140625,0.01220703125,-0.50048828125,-0.06103515625,-0.47607421875,-0.10986328125,-0.48828125,-0.08544921875,0.10986328125,-0.1953125,0.81787109375,-0.13427734375,-0.52490234375,0.06103515625,-0.48828125
1,-0.20751953125,-0.50048828125,-0.06103515625,-0.5126953125,0.0244140625,-0.5859375,-0.048828125,-0.35400390625,-0.06103515625,1.50146484375,-0.1220703125,1.77001953125,-0.146484375,2.7099609375,-0.23193359375,1.86767578125,0.4150390625,-0.37841796875,-0.1708984375,-0.1708984375,0.15869140625,0.8056640625,-0.048828125,-0.6591796875,0.3173828125,-0.08544921875,0.146484375,-0.7080078125,-0.13427734375,0.96435546875,-0.09765625,0.28076171875,-0.1708984375,-0.25634765625,0.10986328125,-0.830078125,-0.341796875,-0.40283203125,0.1953125,-0.69580078125,-0.0732421875,-0.048828125,0.15869140625,-0.64697265625,-0.0732421875,-0.244140625,-0.1220703125,0.91552734375,0.30517578125,1.1474609375,0.01220703125,0.50048828125,-0.25634765625,-0.2197265625,-0.03662109375,0.7080078125,-0.0732421875,0.6591796875,-0.03662109375,0.439453125,-0.01220703125,0.4638671875,0,0.146484375,0.06103515625,0.23193359375,0.01220703125,1.0498046875,0.01220703125,0.30517578125,0.18310546875,0.1953125,-0.06103515625,0.0732421875,-0.244140625,0.7080078125,0.13427734375,-0.20751953125,-0.57373046875,1.23291015625,0.15869140625,0.37841796875,-0.10986328125,0.2197265625,-0.0732421875,-0.74462890625,-0.18310546875,-0.47607421875,-0.0732421875,-1.416015625,-0.0732421875,-0.1953125,0.06103515625,-0.244140625,0.01220703125,-1.18408203125,0.08544921875,-0.7568359375,0.03662109375,-0.64697265625,-0.23193359375,-0.69580078125,-0.20751953125,-0.08544921875,-0.0732421875,-0.68359375,-0.0732421875,-1.37939453125,-0.1708984375,-0.9765625,-0.03662109375,0.439453125,-0.03662109375,-0.08544921875,0.01220703125,-0.439453125,-0.06103515625,-0.439453125,-0.10986328125,-0.390625,-0.10986328125,0.09765625,-0.20751953125,0.81787109375,-0.13427734375,-0.50048828125,-0.01220703125,-0.50048828125
1,-0.1953125,-0.5126953125,-0.06103515625,-0.50048828125,0.0244140625,-0.59814453125,-0.0732421875,-0.35400390625,-0.0732421875,2.2216796875,-0.08544921875,2.77099609375,-0.1708984375,3.3935546875,-0.23193359375,2.734375,0.47607421875,-0.32958984375,-0.18310546875,-0.18310546875,0.1708984375,0.81787109375,-0.06103515625,-0.67138671875,0.25634765625,-0.10986328125,0.15869140625,-0.7080078125,-0.13427734375,0.9521484375,-0.10986328125,0.30517578125,-0.18310546875,-0.2685546875,0.1220703125,-0.81787109375,-0.32958984375,-0.4150390625,0.20751953125,-0.67138671875,-0.13427734375,-0.08544921875,0.09765625,-0.69580078125,-0.13427734375,-0.2685546875,-0.1708984375,0.86669921875,0.32958984375,1.171875,-0.01220703125,0.47607421875,-0.25634765625,-0.2197265625,-0.01220703125,0.72021484375,-0.0732421875,0.68359375,-0.01220703125,0.45166015625,-0.01220703125,0.4638671875,-0.01220703125,0.146484375,0.03662109375,0.244140625,0,1.06201171875,0,0.28076171875,0.1708984375,0.20751953125,-0.048828125,-0.18310546875,-0.20751953125,0.54931640625,0.146484375,-0.390625,-0.54931640625,0.6103515625,0.15869140625,-0.5615234375,-0.10986328125,-0.23193359375,-0.09765625,-1.01318359375,-0.1953125,-0.8056640625,-0.08544921875,-1.42822265625,-0.0732421875,-0.23193359375,0.03662109375,-0.23193359375,-0.01220703125,-1.18408203125,0.08544921875,-0.74462890625,0.0732421875,-0.634765625,-0.2685546875,-0.69580078125,-0.2197265625,-0.08544921875,-0.0732421875,-0.68359375,-0.0732421875,-1.3916015625,-0.1708984375,-0.9765625,-0.03662109375,0.42724609375,-0.03662109375,-0.0732421875,0,-0.45166015625,-0.0732421875,-0.40283203125,-0.10986328125,-0.341796875,-0.09765625,0.08544921875,-0.2197265625,0.81787109375,-0.10986328125,-0.47607421875,-0.048828125,-0.50048828125
1,-0.18310546875,-0.5126953125,-0.048828125,-0.5126953125,0.03662109375,-0.5859375,-0.06103515625,-0.37841796875,-0.0732421875,2.94189453125,-0.03662109375,3.84521484375,-0.15869140625,4.052734375,-0.1953125,3.62548828125,0.54931640625,-0.29296875,-0.1953125,-0.1708984375,0.13427734375,0.8056640625,-0.0732421875,-0.67138671875,0.2685546875,-0.1220703125,0.1220703125,-0.72021484375,-0.09765625,0.9765625,-0.09765625,0.30517578125,-0.18310546875,-0.244140625,0.13427734375,-0.8056640625,-0.341796875,-0.439453125,0.244140625,-0.68359375,-0.0732421875,-0.146484375,0.15869140625,-0.76904296875,-0.10986328125,-0.28076171875,-0.1220703125,0.78125,0.341796875,1.18408203125,-0.0244140625,0.48828125,-0.2685546875,-0.2197265625,0,0.7080078125,-0.1220703125,0.67138671875,0,0.45166015625,0.01220703125,0.47607421875,0.01220703125,0.146484375,0.03662109375,0.25634765625,-0.0244140625,1.06201171875,-0.01220703125,0.28076171875,0.15869140625,0.20751953125,-0.06103515625,-0.341796875,-0.15869140625,0.45166015625,0.1708984375,-0.5126953125,-0.52490234375,0.09765625,0.146484375,-1.37939453125,-0.146484375,-0.59814453125,-0.0732421875,-1.23291015625,-0.20751953125,-1.06201171875,-0.08544921875,-1.42822265625,-0.08544921875,-0.23193359375,0.03662109375,-0.244140625,-0.0244140625,-1.220703125,0.0732421875,-0.76904296875,0.0732421875,-0.634765625,-0.29296875,-0.6591796875,-0.2197265625,-0.06103515625,-0.06103515625,-0.6591796875,-0.08544921875,-1.3916015625,-0.1953125,-0.9765625,-0.0244140625,0.439453125,-0.048828125,-0.09765625,0,-0.45166015625,-0.0732421875,-0.42724609375,-0.1220703125,-0.390625,-0.09765625,0.048828125,-0.23193359375,0.8544921875,-0.1220703125,-0.47607421875,-0.1220703125,-0.5126953125
1,-0.18310546875,-0.50048828125,-0.048828125,-0.5126953125,0,-0.59814453125,-0.0732421875,-0.37841796875,-0.08544921875,3.64990234375,-0.1220703125,4.8828125,-0.18310546875,4.7119140625,-0.23193359375,4.4677734375,0.5615234375,-0.2685546875,-0.2197265625,-0.18310546875,0.146484375,0.8056640625,-0.0732421875,-0.69580078125,0.20751953125,-0.146484375,0.08544921875,-0.7080078125,-0.10986328125,0.9521484375,-0.09765625,0.30517578125,-0.18310546875,-0.23193359375,0.13427734375,-0.79345703125,-0.3173828125,-0.4638671875,0.29296875,-0.68359375,-0.09765625,-0.20751953125,0.146484375,-0.84228515625,-0.1708984375,-0.3173828125,-0.10986328125,0.7080078125,0.3662109375,1.18408203125,-0.03662109375,0.48828125,-0.23193359375,-0.2197265625,0.03662109375,0.72021484375,-0.13427734375,0.67138671875,0.03662109375,0.45166015625,0,0.47607421875,0.03662109375,0.13427734375,0.01220703125,0.2685546875,-0.048828125,1.06201171875,-0.0244140625,0.2685546875,0.15869140625,0.1953125,-0.0244140625,-0.45166015625,-0.1220703125,0.3662109375,0.18310546875,-0.5615234375,-0.52490234375,-0.25634765625,0.13427734375,-1.96533203125,-0.146484375,-0.86669921875,-0.09765625,-1.3916015625,-0.1708984375,-1.2451171875,-0.09765625,-1.42822265625,-0.1220703125,-0.23193359375,0.0244140625,-0.244140625,-0.048828125,-1.2451171875,0.048828125,-0.7568359375,0.06103515625,-0.64697265625,-0.29296875,-0.64697265625,-0.2197265625,-0.06103515625,-0.048828125,-0.6591796875,-0.09765625,-1.3916015625,-0.20751953125,-0.96435546875,-0.01220703125,0.439453125,-0.08544921875,-0.146484375,0,-0.48828125,-0.0732421875,-0.42724609375,-0.13427734375,-0.4638671875,-0.09765625,0.048828125,-0.2197265625,0.84228515625,-0.09765625,-0.439453125,-0.146484375,-0.48828125
1,-0.1708984375,-0.48828125,-0.03662109375,-0.5126953125,0.0244140625,-0.59814453125,-0.048828125,-0.35400390625,-0.06103515625,4.296875,-0.09765625,5.859375,-0.15869140625,5.2978515625,-0.18310546875,5.224609375,0.6103515625,-0.2685546875,-0.1953125,-0.18310546875,0.09765625,0.79345703125,-0.08544921875,-0.7080078125,0.18310546875,-0.146484375,0.06103515625,-0.732421875,-0.09765625,0.96435546875,-0.06103515625,0.30517578125,-0.1708984375,-0.23193359375,0.1220703125,-0.76904296875,-0.32958984375,-0.45166015625,0.3173828125,-0.67138671875,-0.09765625,-0.20751953125,0.15869140625,-0.89111328125,-0.18310546875,-0.32958984375,-0.13427734375,0.67138671875,0.3662109375,1.18408203125,-0.06103515625,0.50048828125,-0.1953125,-0.20751953125,0.0732421875,0.69580078125,-0.1708984375,0.6591796875,0.0244140625,0.4638671875,0,0.4638671875,0.06103515625,0.13427734375,0.0244140625,0.28076171875,-0.0732421875,1.07421875,-0.0244140625,0.25634765625,0.146484375,0.2197265625,-0.0244140625,-0.4638671875,-0.06103515625,0.35400390625,0.1708984375,-0.5859375,-0.47607421875,-0.390625,0.09765625,-2.3681640625,-0.15869140625,-1.03759765625,-0.10986328125,-1.46484375,-0.18310546875,-1.33056640625,-0.09765625,-1.45263671875,-0.1220703125,-0.23193359375,0.0244140625,-0.25634765625,-0.048828125,-1.26953125,0.048828125,-0.76904296875,0.0732421875,-0.634765625,-0.3173828125,-0.634765625,-0.23193359375,-0.048828125,-0.06103515625,-0.6591796875,-0.0732421875,-1.40380859375,-0.2197265625,-0.98876953125,-0.01220703125,0.42724609375,-0.08544921875,-0.15869140625,-0.01220703125,-0.52490234375,-0.08544921875,-0.439453125,-0.146484375,-0.5615234375,-0.10986328125,0.0244140625,-0.244140625,0.84228515625,-0.09765625,-0.439453125,-0.20751953125,-0.47607421875
1,-0.146484375,-0.48828125,0,-0.52490234375,0,-0.59814453125,-0.03662109375,-0.341796875,-0.08544921875,4.8095703125,-0.1220703125,6.689453125,-0.15869140625,5.74951171875,-0.1953125,5.8349609375,0.64697265625,-0.25634765625,-0.20751953125,-0.1708984375,0.048828125,0.78125,-0.06103515625,-0.69580078125,0.146484375,-0.15869140625,0.01220703125,-0.732421875,-0.1220703125,0.96435546875,-0.0732421875,0.29296875,-0.13427734375,-0.2197265625,0.1220703125,-0.7568359375,-0.341796875,-0.45166015625,0.3662109375,-0.6591796875,-0.13427734375,-0.2197265625,0.13427734375,-0.89111328125,-0.2197265625,-0.3173828125,-0.1953125,0.67138671875,0.42724609375,1.18408203125,-0.06103515625,0.48828125,-0.20751953125,-0.18310546875,0.09765625,0.7080078125,-0.20751953125,0.6591796875,0.03662109375,0.439453125,-0.0244140625,0.4638671875,0.0732421875,0.15869140625,0.01220703125,0.3173828125,-0.0732421875,1.07421875,-0.03662109375,0.28076171875,0.13427734375,0.23193359375,-0.0244140625,-0.390625,0,0.42724609375,0.1953125,-0.537109375,-0.40283203125,-0.29296875,0.03662109375,-2.490234375,-0.1953125,-1.0986328125,-0.1708984375,-1.47705078125,-0.18310546875,-1.33056640625,-0.10986328125,-1.45263671875,-0.146484375,-0.23193359375,0.048828125,-0.28076171875,-0.048828125,-1.2939453125,0.048828125,-0.7568359375,0.06103515625,-0.64697265625,-0.32958984375,-0.634765625,-0.25634765625,-0.03662109375,-0.06103515625,-0.6591796875,-0.0732421875,-1.416015625,-0.23193359375,-1.0009765625,0,0.439453125,-0.10986328125,-0.1953125,-0.03662109375,-0.59814453125,-0.06103515625,-0.45166015625,-0.146484375,-0.69580078125,-0.09765625,-0.0244140625,-0.244140625,0.830078125,-0.08544921875,-0.42724609375,-0.23193359375,-0.47607421875
1,-0.13427734375,-0.48828125,-0.01220703125,-0.52490234375,0,-0.5859375,-0.048828125,-0.341796875,-0.09765625,5.17578125,-0.0732421875,7.31201171875,-0.1708984375,6.06689453125,-0.20751953125,6.2744140625,0.68359375,-0.28076171875,-0.1953125,-0.15869140625,0,0.8056640625,-0.06103515625,-0.69580078125,0.10986328125,-0.146484375,-0.0244140625,-0.74462890625,-0.1220703125,0.9765625,-0.048828125,0.2685546875,-0.13427734375,-0.244140625,0.1220703125,-0.76904296875,-0.341796875,-0.42724609375,0.37841796875,-0.64697265625,-0.09765625,-0.18310546875,0.1708984375,-0.8544921875,-0.20751953125,-0.29296875,-0.146484375,0.732421875,0.45166015625,1.1962890625,-0.0732421875,0.47607421875,-0.1953125,-0.18310546875,0.1220703125,0.72021484375,-0.25634765625,0.64697265625,0.0244140625,0.42724609375,-0.03662109375,0.47607421875,0.06103515625,0.13427734375,0.0244140625,0.32958984375,-0.09765625,1.07421875,-0.03662109375,0.29296875,0.10986328125,0.244140625,-0.03662109375,-0.2197265625,0.03662109375,0.52490234375,0.1953125,-0.439453125,-0.47607421875,-0.06103515625,0.03662109375,-2.3681640625,-0.1708984375,-1.06201171875,-0.15869140625,-1.4404296875,-0.1708984375,-1.25732421875,-0.09765625,-1.47705078125,-0.15869140625,-0.23193359375,0.06103515625,-0.28076171875,-0.048828125,-1.30615234375,0.0244140625,-0.74462890625,0.06103515625,-0.67138671875,-0.3173828125,-0.64697265625,-0.29296875,-0.06103515625,-0.048828125,-0.6591796875,-0.08544921875,-1.416015625,-0.23193359375,-1.0009765625,0.01220703125,0.42724609375,-0.10986328125,-0.23193359375,-0.048828125,-0.6103515625,-0.06103515625,-0.47607421875,-0.13427734375,-0.79345703125,-0.09765625,-0.06103515625,-0.25634765625,0.81787109375,-0.06103515625,-0.42724609375,-0.28076171875,-0.4638671875
1,-0.10986328125,-0.50048828125,0,-0.5126953125,-0.01220703125,-0.5859375,-0.0244140625,-0.32958984375,-0.06103515625,5.38330078125,-0.08544921875,7.71484375,-0.1220703125,6.25,-0.1708984375,6.494140625,0.7080078125,-0.3173828125,-0.18310546875,-0.15869140625,-0.06103515625,0.79345703125,-0.03662109375,-0.68359375,0.06103515625,-0.15869140625,-0.048828125,-0.7568359375,-0.13427734375,0.9521484375,-0.06103515625,0.28076171875,-0.1220703125,-0.244140625,0.15869140625,-0.74462890625,-0.341796875,-0.390625,0.4150390625,-0.6591796875,-0.1220703125,-0.10986328125,0.2685546875,-0.72021484375,-0.1953125,-0.23193359375,-0.1708984375,0.8544921875,0.4638671875,1.18408203125,-0.08544921875,0.4638671875,-0.1708984375,-0.13427734375,0.146484375,0.69580078125,-0.28076171875,0.634765625,0.048828125,0.42724609375,-0.03662109375,0.47607421875,0.048828125,0.13427734375,0.0244140625,0.341796875,-0.1220703125,1.07421875,-0.03662109375,0.28076171875,0.09765625,0.25634765625,-0.01220703125,-0.06103515625,0.08544921875,0.64697265625,0.23193359375,-0.32958984375,-0.45166015625,0.341796875,0.0244140625,-2.08740234375,-0.18310546875,-0.9033203125,-0.13427734375,-1.33056640625,-0.13427734375,-1.1474609375,-0.0732421875,-1.46484375,-0.146484375,-0.23193359375,0.06103515625,-0.28076171875,-0.048828125,-1.28173828125,0.0244140625,-0.74462890625,0.06103515625,-0.67138671875,-0.32958984375,-0.68359375,-0.30517578125,-0.03662109375,-0.048828125,-0.6591796875,-0.08544921875,-1.37939453125,-0.2197265625,-0.9765625,0.0244140625,0.42724609375,-0.10986328125,-0.23193359375,-0.048828125,-0.6591796875,-0.0732421875,-0.5126953125,-0.13427734375,-0.8056640625,-0.08544921875,-0.0732421875,-0.23193359375,0.830078125,-0.0732421875,-0.4638671875,-0.30517578125,-0.4638671875
1,-0.09765625,-0.50048828125,0,-0.52490234375,-0.01220703125,-0.59814453125,-0.01220703125,-0.341796875,-0.0732421875,5.40771484375,-0.1708984375,7.861328125,-0.13427734375,6.25,-0.15869140625,6.53076171875,0.69580078125,-0.37841796875,-0.20751953125,-0.15869140625,-0.10986328125,0.8056640625,-0.0244140625,-0.68359375,-0.01220703125,-0.146484375,-0.0732421875,-0.7568359375,-0.146484375,0.93994140625,-0.048828125,0.2685546875,-0.09765625,-0.23193359375,0.15869140625,-0.732421875,-0.32958984375,-0.341796875,0.37841796875,-0.634765625,-0.146484375,0.01220703125,0.23193359375,-0.5859375,-0.20751953125,-0.15869140625,-0.1953125,1.0009765625,0.4638671875,1.171875,-0.0732421875,0.4638671875,-0.1708984375,-0.1220703125,0.18310546875,0.732421875,-0.29296875,0.634765625,0.0732421875,0.4150390625,-0.03662109375,0.4638671875,0.06103515625,0.146484375,0,0.30517578125,-0.13427734375,1.08642578125,-0.03662109375,0.28076171875,0.06103515625,0.25634765625,-0.0244140625,0.15869140625,0.09765625,0.79345703125,0.2197265625,-0.1953125,-0.45166015625,0.8056640625,0.01220703125,-1.74560546875,-0.18310546875,-0.7568359375,-0.1220703125,-1.18408203125,-0.13427734375,-1.0009765625,-0.08544921875,-1.46484375,-0.146484375,-0.2197265625,0.06103515625,-0.29296875,-0.03662109375,-1.28173828125,0.01220703125,-0.732421875,0.03662109375,-0.6591796875,-0.341796875,-0.67138671875,-0.3173828125,-0.03662109375,-0.048828125,-0.67138671875,-0.0732421875,-1.37939453125,-0.20751953125,-0.9765625,0.03662109375,0.42724609375,-0.10986328125,-0.20751953125,-0.06103515625,-0.64697265625,-0.0732421875,-0.537109375,-0.1220703125,-0.78125,-0.0732421875,-0.06103515625,-0.244140625,0.84228515625,-0.03662109375,-0.50048828125,-0.32958984375,-0.45166015625
1,-0.09765625,-0.48828125,0.01220703125,-0.50048828125,-0.01220703125,-0.59814453125,-0.0244140625,-0.3173828125,-0.0732421875,5.2978515625,-0.2197265625,7.70263671875,-0.13427734375,6.11572265625,-0.146484375,6.3720703125,0.634765625,-0.42724609375,-0.20751953125,-0.13427734375,-0.146484375,0.830078125,0,-0.6591796875,-0.09765625,-0.13427734375,-0.09765625,-0.7568359375,-0.15869140625,0.93994140625,-0.048828125,0.2685546875,-0.08544921875,-0.244140625,0.18310546875,-0.7568359375,-0.32958984375,-0.341796875,0.42724609375,-0.6591796875,-0.1220703125,0.09765625,0.28076171875,-0.45166015625,-0.1953125,-0.0732421875,-0.18310546875,1.15966796875,0.439453125,1.171875,-0.06103515625,0.4638671875,-0.15869140625,-0.13427734375,0.2197265625,0.7080078125,-0.32958984375,0.64697265625,0.0732421875,0.42724609375,-0.0244140625,0.47607421875,0.06103515625,0.15869140625,0.01220703125,0.3173828125,-0.146484375,1.08642578125,-0.0244140625,0.2685546875,0.0732421875,0.25634765625,-0.09765625,0.3173828125,0.10986328125,0.91552734375,0.1953125,-0.08544921875,-0.48828125,1.25732421875,0.03662109375,-1.3671875,-0.15869140625,-0.5859375,-0.10986328125,-1.08642578125,-0.13427734375,-0.87890625,-0.0732421875,-1.4892578125,-0.13427734375,-0.2197265625,0.08544921875,-0.29296875,-0.03662109375,-1.2451171875,-0.01220703125,-0.732421875,0.0244140625,-0.6591796875,-0.341796875,-0.68359375,-0.30517578125,-0.048828125,-0.03662109375,-0.6591796875,-0.08544921875,-1.3671875,-0.1953125,-0.9765625,0.03662109375,0.439453125,-0.1220703125,-0.15869140625,-0.06103515625,-0.6103515625,-0.0732421875,-0.5126953125,-0.10986328125,-0.7080078125,-0.08544921875,-0.03662109375,-0.23193359375,0.8544921875,-0.048828125,-0.5126953125,-0.35400390625,-0.47607421875
1,-0.09765625,-0.50048828125,0.03662109375,-0.5126953125,-0.01220703125,-0.59814453125,-0.01220703125,-0.32958984375,-0.0732421875,5.04150390625,-0.25634765625,7.31201171875,-0.146484375,5.87158203125,-0.146484375,6.06689453125,0.68359375,-0.4638671875,-0.18310546875,-0.15869140625,-0.18310546875,0.84228515625,0.0244140625,-0.67138671875,-0.18310546875,-0.1220703125,-0.1220703125,-0.7568359375,-0.15869140625,0.9521484375,-0.048828125,0.2685546875,-0.06103515625,-0.28076171875,0.1708984375,-0.76904296875,-0.341796875,-0.3662109375,0.439453125,-0.67138671875,-0.13427734375,0.1708984375,0.18310546875,-0.3662109375,-0.15869140625,-0.03662109375,-0.18310546875,1.2939453125,0.4638671875,1.15966796875,-0.048828125,0.48828125,-0.15869140625,-0.146484375,0.23193359375,0.72021484375,-0.341796875,0.64697265625,0.0732421875,0.42724609375,-0.03662109375,0.4638671875,0.0732421875,0.146484375,-0.01220703125,0.28076171875,-0.15869140625,1.0986328125,-0.01220703125,0.2685546875,0.03662109375,0.2197265625,-0.048828125,0.439453125,0.15869140625,0.9765625,0.244140625,0,-0.42724609375,1.57470703125,0.01220703125,-1.08642578125,-0.1708984375,-0.45166015625,-0.10986328125,-1.01318359375,-0.146484375,-0.79345703125,-0.06103515625,-1.47705078125,-0.10986328125,-0.1953125,0.08544921875,-0.28076171875,-0.01220703125,-1.220703125,-0.0244140625,-0.72021484375,0.03662109375,-0.6591796875,-0.341796875,-0.69580078125,-0.29296875,-0.0732421875,-0.0244140625,-0.67138671875,-0.09765625,-1.37939453125,-0.18310546875,-1.0009765625,0.03662109375,0.439453125,-0.09765625,-0.13427734375,-0.0732421875,-0.57373046875,-0.06103515625,-0.48828125,-0.10986328125,-0.62255859375,-0.09765625,0.01220703125,-0.1953125,0.86669921875,-0.06103515625,-0.5126953125,-0.3662109375,-0.4638671875
1,-0.08544921875,-0.50048828125,0.03662109375,-0.50048828125,-0.01220703125,-0.57373046875,-0.01220703125,-0.35400390625,-0.06103515625,4.6875,-0.25634765625,6.689453125,-0.1220703125,5.52978515625,-0.13427734375,5.60302734375,0.59814453125,-0.48828125,-0.1708984375,-0.146484375,-0.23193359375,0.84228515625,0.03662109375,-0.64697265625,-0.244140625,-0.10986328125,-0.13427734375,-0.7568359375,-0.15869140625,0.96435546875,-0.06103515625,0.25634765625,-0.0244140625,-0.29296875,0.15869140625,-0.8056640625,-0.32958984375,-0.40283203125,0.5126953125,-0.68359375,-0.146484375,0.1953125,0.146484375,-0.3173828125,-0.15869140625,0.0244140625,-0.20751953125,1.3427734375,0.45166015625,1.171875,-0.03662109375,0.50048828125,-0.146484375,-0.146484375,0.2197265625,0.732421875,-0.32958984375,0.64697265625,0.06103515625,0.439453125,-0.03662109375,0.47607421875,0.09765625,0.15869140625,-0.01220703125,0.244140625,-0.15869140625,1.0986328125,-0.01220703125,0.25634765625,0.03662109375,0.23193359375,-0.048828125,0.48828125,0.15869140625,1.025390625,0.2197265625,0.048828125,-0.4150390625,1.77001953125,0.03662109375,-0.87890625,-0.18310546875,-0.3662109375,-0.09765625,-0.9765625,-0.15869140625,-0.7568359375,-0.08544921875,-1.4892578125,-0.08544921875,-0.20751953125,0.0732421875,-0.244140625,0,-1.20849609375,-0.03662109375,-0.74462890625,0.01220703125,-0.634765625,-0.341796875,-0.7080078125,-0.29296875,-0.048828125,-0.0244140625,-0.6591796875,-0.09765625,-1.37939453125,-0.18310546875,-1.0009765625,0.048828125,0.45166015625,-0.10986328125,-0.10986328125,-0.06103515625,-0.537109375,-0.0732421875,-0.45166015625,-0.09765625,-0.52490234375,-0.08544921875,0.06103515625,-0.15869140625,0.86669921875,-0.06103515625,-0.5126953125,-0.390625,-0.4638671875
1,-0.06103515625,-0.48828125,0.048828125,-0.50048828125,-0.0244140625,-0.57373046875,-0.0244140625,-0.35400390625,-0.08544921875,4.2724609375,-0.18310546875,5.99365234375,-0.13427734375,5.13916015625,-0.13427734375,5.1025390625,0.5859375,-0.50048828125,-0.1708984375,-0.1708984375,-0.2685546875,0.8544921875,0.048828125,-0.64697265625,-0.3173828125,-0.10986328125,-0.146484375,-0.74462890625,-0.1708984375,0.96435546875,-0.0732421875,0.29296875,-0.03662109375,-0.29296875,0.15869140625,-0.81787109375,-0.32958984375,-0.4150390625,0.50048828125,-0.7080078125,-0.1708984375,0.1708984375,0.146484375,-0.35400390625,-0.15869140625,0.01220703125,-0.2197265625,1.3427734375,0.4638671875,1.18408203125,-0.0244140625,0.47607421875,-0.15869140625,-0.1708984375,0.23193359375,0.732421875,-0.3173828125,0.62255859375,0.0732421875,0.439453125,-0.048828125,0.4638671875,0.09765625,0.15869140625,-0.01220703125,0.244140625,-0.146484375,1.0986328125,0.01220703125,0.25634765625,0.01220703125,0.23193359375,-0.1220703125,0.4638671875,0.13427734375,1.03759765625,0.1953125,0.048828125,-0.439453125,1.77001953125,0.0732421875,-0.81787109375,-0.18310546875,-0.341796875,-0.09765625,-0.98876953125,-0.146484375,-0.76904296875,-0.0732421875,-1.50146484375,-0.06103515625,-0.20751953125,0.048828125,-0.2685546875,0.01220703125,-1.220703125,-0.048828125,-0.7568359375,0,-0.64697265625,-0.30517578125,-0.69580078125,-0.28076171875,-0.048828125,-0.0244140625,-0.67138671875,-0.08544921875,-1.37939453125,-0.1708984375,-0.98876953125,0.048828125,0.439453125,-0.10986328125,-0.09765625,-0.048828125,-0.50048828125,-0.08544921875,-0.439453125,-0.10986328125,-0.4638671875,-0.09765625,0.09765625,-0.146484375,0.86669921875,-0.08544921875,-0.47607421875,-0.390625,-0.47607421875
1,-0.0732421875,-0.48828125,0.048828125,-0.5126953125,-0.0244140625,-0.5615234375,0,-0.37841796875,-0.048828125,3.857421875,-0.1953125,5.23681640625,-0.1220703125,4.736328125,-0.10986328125,4.58984375,0.5126953125,-0.5126953125,-0.15869140625,-0.18310546875,-0.30517578125,0.8544921875,0.048828125,-0.634765625,-0.37841796875,-0.10986328125,-0.15869140625,-0.732421875,-0.1708984375,0.9765625,-0.0732421875,0.2685546875,-0.0244140625,-0.32958984375,0.1708984375,-0.81787109375,-0.32958984375,-0.45166015625,0.5126953125,-0.72021484375,-0.1708984375,0.09765625,0.244140625,-0.42724609375,-0.146484375,-0.0244140625,-0.2197265625,1.25732421875,0.45166015625,1.171875,-0.048828125,0.48828125,-0.146484375,-0.1953125,0.244140625,0.69580078125,-0.3173828125,0.62255859375,0.0732421875,0.45166015625,-0.0732421875,0.45166015625,0.10986328125,0.1220703125,0.01220703125,0.2197265625,-0.15869140625,1.08642578125,0.01220703125,0.2685546875,0,0.23193359375,-0.0732421875,0.4150390625,0.18310546875,1.0009765625,0.23193359375,0,-0.32958984375,1.6357421875,0.10986328125,-0.87890625,-0.1953125,-0.3662109375,-0.10986328125,-1.01318359375,-0.1708984375,-0.81787109375,-0.0732421875,-1.4892578125,-0.048828125,-0.2197265625,0.048828125,-0.2685546875,-0.01220703125,-1.20849609375,-0.03662109375,-0.7568359375,-0.01220703125,-0.67138671875,-0.3173828125,-0.69580078125,-0.28076171875,-0.0732421875,0,-0.67138671875,-0.09765625,-1.37939453125,-0.1708984375,-1.0009765625,0.0732421875,0.45166015625,-0.10986328125,-0.09765625,-0.048828125,-0.4638671875,-0.06103515625,-0.390625,-0.10986328125,-0.4150390625,-0.0732421875,0.10986328125,-0.09765625,0.89111328125,-0.08544921875,-0.45166015625,-0.390625,-0.47607421875
1,-0.06103515625,-0.47607421875,0.048828125,-0.50048828125,-0.01220703125,-0.57373046875,0,-0.35400390625,-0.06103515625,3.47900390625,-0.20751953125,4.5654296875,-0.1220703125,4.3701171875,-0.09765625,4.13818359375,0.42724609375,-0.48828125,-0.1708984375,-0.1953125,-0.29296875,0.8544921875,0.0732421875,-0.64697265625,-0.439453125,-0.13427734375,-0.1708984375,-0.732421875,-0.15869140625,0.9765625,-0.0732421875,0.2685546875,-0.01220703125,-0.3173828125,0.15869140625,-0.81787109375,-0.3173828125,-0.47607421875,0.54931640625,-0.7080078125,-0.146484375,-0.0244140625,0.3173828125,-0.5615234375,-0.146484375,-0.10986328125,-0.1953125,1.13525390625,0.42724609375,1.171875,-0.06103515625,0.50048828125,-0.146484375,-0.20751953125,0.244140625,0.72021484375,-0.2685546875,0.634765625,0.0732421875,0.48828125,-0.06103515625,0.48828125,0.1220703125,0.146484375,0,0.2197265625,-0.1708984375,1.07421875,0.03662109375,0.25634765625,0.01220703125,0.2197265625,-0.13427734375,0.3662109375,0.146484375,0.9521484375,0.2197265625,-0.03662109375,-0.3173828125,1.37939453125,0.146484375,-1.0498046875,-0.1953125,-0.4638671875,-0.08544921875,-1.08642578125,-0.18310546875,-0.87890625,-0.0732421875,-1.47705078125,-0.06103515625,-0.23193359375,0.048828125,-0.29296875,-0.03662109375,-1.220703125,-0.0732421875,-0.76904296875,-0.0244140625,-0.64697265625,-0.29296875,-0.68359375,-0.2685546875,-0.048828125,-0.01220703125,-0.6591796875,-0.08544921875,-1.37939453125,-0.15869140625,-1.0009765625,0.08544921875,0.4638671875,-0.08544921875,-0.10986328125,-0.048828125,-0.47607421875,-0.08544921875,-0.40283203125,-0.1220703125,-0.439453125,-0.09765625,0.0732421875,-0.06103515625,0.8544921875,-0.09765625,-0.42724609375,-0.37841796875,-0.439453125
1,-0.0732421875,-0.48828125,0.048828125,-0.50048828125,-0.01220703125,-0.5615234375,-0.0244140625,-0.35400390625,-0.06103515625,3.173828125,-0.244140625,4.0283203125,-0.1220703125,4.1015625,-0.09765625,3.77197265625,0.40283203125,-0.4638671875,-0.18310546875,-0.1953125,-0.30517578125,0.86669921875,0.0732421875,-0.6591796875,-0.5126953125,-0.1220703125,-0.18310546875,-0.72021484375,-0.13427734375,0.9765625,-0.048828125,0.28076171875,-0.0244140625,-0.32958984375,0.15869140625,-0.81787109375,-0.30517578125,-0.48828125,0.52490234375,-0.7080078125,-0.15869140625,-0.13427734375,0.29296875,-0.6591796875,-0.146484375,-0.20751953125,-0.1953125,0.96435546875,0.390625,1.18408203125,-0.06103515625,0.50048828125,-0.13427734375,-0.2197265625,0.23193359375,0.7080078125,-0.244140625,0.634765625,0.0732421875,0.47607421875,-0.0732421875,0.48828125,0.10986328125,0.1220703125,0.0244140625,0.20751953125,-0.15869140625,1.08642578125,0.03662109375,0.2685546875,-0.01220703125,0.2197265625,-0.10986328125,0.32958984375,0.146484375,0.93994140625,0.244140625,-0.0732421875,-0.28076171875,1.11083984375,0.13427734375,-1.2451171875,-0.1953125,-0.52490234375,-0.0732421875,-1.15966796875,-0.1708984375,-0.9765625,-0.0732421875,-1.4892578125,-0.06103515625,-0.244140625,0.06103515625,-0.29296875,-0.03662109375,-1.2451171875,-0.0732421875,-0.7568359375,-0.0244140625,-0.64697265625,-0.30517578125,-0.67138671875,-0.244140625,-0.048828125,-0.01220703125,-0.64697265625,-0.09765625,-1.37939453125,-0.18310546875,-1.01318359375,0.08544921875,0.4638671875,-0.08544921875,-0.15869140625,-0.03662109375,-0.47607421875,-0.0732421875,-0.37841796875,-0.1220703125,-0.5126953125,-0.10986328125,0.048828125,-0.0244140625,0.86669921875,-0.09765625,-0.4150390625,-0.32958984375,-0.439453125
1,-0.048828125,-0.48828125,0.03662109375,-0.50048828125,0,-0.6103515625,-0.01220703125,-0.341796875,-0.048828125,2.978515625,-0.2197265625,3.662109375,-0.1220703125,3.90625,-0.09765625,3.52783203125,0.35400390625,-0.4150390625,-0.146484375,-0.1708984375,-0.30517578125,0.86669921875,0.06103515625,-0.64697265625,-0.5126953125,-0.146484375,-0.20751953125,-0.72021484375,-0.1220703125,0.9765625,-0.048828125,0.30517578125,-0.0244140625,-0.3173828125,0.13427734375,-0.84228515625,-0.30517578125,-0.48828125,0.5615234375,-0.68359375,-0.13427734375,-0.25634765625,0.30517578125,-0.68359375,-0.10986328125,-0.244140625,-0.18310546875,0.830078125,0.37841796875,1.171875,-0.06103515625,0.50048828125,-0.1220703125,-0.20751953125,0.2197265625,0.732421875,-0.244140625,0.634765625,0.08544921875,0.47607421875,-0.08544921875,0.47607421875,0.1220703125,0.15869140625,0.03662109375,0.20751953125,-0.1708984375,1.08642578125,0.06103515625,0.28076171875,-0.01220703125,0.23193359375,-0.06103515625,0.30517578125,0.15869140625,0.91552734375,0.2685546875,-0.09765625,-0.1953125,0.91552734375,0.146484375,-1.416015625,-0.18310546875,-0.6103515625,-0.0732421875,-1.2451171875,-0.15869140625,-1.025390625,-0.06103515625,-1.45263671875,-0.06103515625,-0.23193359375,0.06103515625,-0.2685546875,-0.06103515625,-1.25732421875,-0.08544921875,-0.78125,-0.048828125,-0.6591796875,-0.28076171875,-0.6591796875,-0.1953125,-0.048828125,-0.0244140625,-0.634765625,-0.09765625,-1.37939453125,-0.18310546875,-0.9765625,0.08544921875,0.4638671875,-0.06103515625,-0.1708984375,-0.048828125,-0.5126953125,-0.06103515625,-0.4150390625,-0.1220703125,-0.5859375,-0.10986328125,0.0244140625,-0.01220703125,0.84228515625,-0.08544921875,-0.40283203125,-0.28076171875,-0.42724609375
1,-0.048828125,-0.4638671875,0.048828125,-0.48828125,-0.01220703125,-0.59814453125,-0.03662109375,-0.341796875,-0.06103515625,2.83203125,-0.2197265625,3.45458984375,-0.146484375,3.77197265625,-0.09765625,3.35693359375,0.3173828125,-0.40283203125,-0.146484375,-0.1708984375,-0.30517578125,0.8544921875,0.06103515625,-0.67138671875,-0.54931640625,-0.15869140625,-0.23193359375,-0.732421875,-0.10986328125,0.96435546875,-0.048828125,0.30517578125,-0.01220703125,-0.3173828125,0.146484375,-0.8056640625,-0.28076171875,-0.50048828125,0.54931640625,-0.7080078125,-0.1220703125,-0.29296875,0.2685546875,-0.6103515625,-0.1220703125,-0.29296875,-0.1953125,0.79345703125,0.341796875,1.18408203125,-0.0732421875,0.48828125,-0.1220703125,-0.20751953125,0.20751953125,0.72021484375,-0.1953125,0.6103515625,0.08544921875,0.47607421875,-0.1220703125,0.45166015625,0.146484375,0.146484375,0.048828125,0.20751953125,-0.15869140625,1.08642578125,0.06103515625,0.29296875,-0.01220703125,0.25634765625,-0.08544921875,0.3662109375,0.10986328125,0.927734375,0.20751953125,-0.048828125,-0.1953125,0.79345703125,0.10986328125,-1.5625,-0.20751953125,-0.67138671875,-0.08544921875,-1.25732421875,-0.20751953125,-1.06201171875,-0.06103515625,-1.45263671875,-0.048828125,-0.23193359375,0.06103515625,-0.25634765625,-0.0732421875,-1.2451171875,-0.08544921875,-0.76904296875,-0.048828125,-0.67138671875,-0.28076171875,-0.634765625,-0.18310546875,-0.0244140625,-0.01220703125,-0.634765625,-0.0732421875,-1.3671875,-0.18310546875,-0.9765625,0.08544921875,0.4638671875,-0.0732421875,-0.18310546875,-0.06103515625,-0.537109375,-0.08544921875,-0.4150390625,-0.10986328125,-0.64697265625,-0.10986328125,-0.01220703125,0.03662109375,0.830078125,-0.08544921875,-0.42724609375,-0.2197265625,-0.439453125
1,-0.06103515625,-0.45166015625,0.06103515625,-0.4638671875,0.01220703125,-0.59814453125,-0.06103515625,-0.32958984375,-0.03662109375,2.7587890625,-0.23193359375,3.3447265625,-0.13427734375,3.6865234375,-0.08544921875,3.22265625,0.28076171875,-0.40283203125,-0.13427734375,-0.18310546875,-0.3173828125,0.84228515625,0.0732421875,-0.69580078125,-0.537109375,-0.1708984375,-0.244140625,-0.74462890625,-0.10986328125,0.9521484375,-0.06103515625,0.29296875,-0.0244140625,-0.30517578125,0.13427734375,-0.81787109375,-0.28076171875,-0.48828125,0.54931640625,-0.68359375,-0.1220703125,-0.244140625,0.30517578125,-0.37841796875,-0.1220703125,-0.244140625,-0.1953125,0.830078125,0.30517578125,1.15966796875,-0.08544921875,0.48828125,-0.09765625,-0.15869140625,0.1953125,0.72021484375,-0.18310546875,0.64697265625,0.08544921875,0.45166015625,-0.146484375,0.47607421875,0.1220703125,0.18310546875,0.06103515625,0.23193359375,-0.15869140625,1.07421875,0.06103515625,0.29296875,-0.01220703125,0.2685546875,-0.0732421875,0.48828125,0.09765625,1.025390625,0.244140625,0.01220703125,-0.1708984375,0.81787109375,0.10986328125,-1.6357421875,-0.18310546875,-0.69580078125,-0.08544921875,-1.2451171875,-0.1953125,-1.06201171875,-0.06103515625,-1.46484375,-0.0732421875,-0.23193359375,0.0732421875,-0.28076171875,-0.08544921875,-1.26953125,-0.09765625,-0.76904296875,-0.06103515625,-0.69580078125,-0.30517578125,-0.64697265625,-0.1708984375,-0.0244140625,-0.0244140625,-0.64697265625,-0.09765625,-1.3671875,-0.18310546875,-0.9765625,0.08544921875,0.4638671875,-0.048828125,-0.20751953125,-0.048828125,-0.54931640625,-0.08544921875,-0.45166015625,-0.10986328125,-0.72021484375,-0.10986328125,-0.01220703125,0.06103515625,0.830078125,-0.08544921875,-0.439453125,-0.1953125,-0.42724609375
1,-0.0244140625,-0.4638671875,0.048828125,-0.50048828125,0.01220703125,-0.5859375,-0.048828125,-0.32958984375,-0.06103515625,2.7099609375,-0.1708984375,3.271484375,-0.146484375,3.64990234375,-0.09765625,3.11279296875,0.20751953125,-0.4150390625,-0.10986328125,-0.18310546875,-0.28076171875,0.84228515625,0.06103515625,-0.68359375,-0.537109375,-0.1708984375,-0.23193359375,-0.74462890625,-0.1220703125,0.98876953125,-0.06103515625,0.30517578125,-0.0244140625,-0.28076171875,0.1220703125,-0.8056640625,-0.244140625,-0.439453125,0.5615234375,-0.67138671875,-0.10986328125,-0.0732421875,0.28076171875,0.0244140625,-0.1220703125,-0.10986328125,-0.18310546875,1.025390625,0.244140625,1.171875,-0.08544921875,0.4638671875,-0.09765625,-0.13427734375,0.15869140625,0.72021484375,-0.18310546875,0.62255859375,0.1220703125,0.439453125,-0.18310546875,0.47607421875,0.1220703125,0.1708984375,0.06103515625,0.244140625,-0.15869140625,1.06201171875,0.0732421875,0.32958984375,-0.01220703125,0.25634765625,-0.048828125,0.67138671875,0.048828125,1.13525390625,0.244140625,0.1220703125,-0.10986328125,0.96435546875,0.1220703125,-1.611328125,-0.15869140625,-0.64697265625,-0.048828125,-1.20849609375,-0.1708984375,-1.025390625,-0.0732421875,-1.46484375,-0.08544921875,-0.2197265625,0.08544921875,-0.2685546875,-0.09765625,-1.2939453125,-0.10986328125,-0.76904296875,-0.0732421875,-0.69580078125,-0.30517578125,-0.6591796875,-0.146484375,-0.0244140625,-0.0244140625,-0.64697265625,-0.08544921875,-1.3671875,-0.1708984375,-0.98876953125,0.0732421875,0.45166015625,-0.048828125,-0.2197265625,-0.03662109375,-0.5615234375,-0.06103515625,-0.50048828125,-0.09765625,-0.7568359375,-0.13427734375,-0.01220703125,0.0732421875,0.830078125,-0.09765625,-0.45166015625,-0.10986328125,-0.439453125
1,-0.03662109375,-0.48828125,0.0732421875,-0.52490234375,0.0244140625,-0.57373046875,-0.0732421875,-0.32958984375,-0.08544921875,2.587890625,-0.08544921875,3.13720703125,-0.15869140625,3.57666015625,-0.09765625,2.99072265625,0.18310546875,-0.42724609375,-0.10986328125,-0.1953125,-0.2685546875,0.84228515625,0.06103515625,-0.67138671875,-0.50048828125,-0.15869140625,-0.23193359375,-0.74462890625,-0.08544921875,0.96435546875,-0.06103515625,0.3173828125,-0.0244140625,-0.29296875,0.09765625,-0.78125,-0.2197265625,-0.42724609375,0.537109375,-0.69580078125,-0.13427734375,0.18310546875,0.25634765625,0.5859375,-0.10986328125,0.10986328125,-0.2197265625,1.33056640625,0.1708984375,1.1474609375,-0.09765625,0.48828125,-0.0732421875,-0.1220703125,0.146484375,0.72021484375,-0.1708984375,0.64697265625,0.13427734375,0.45166015625,-0.1953125,0.4638671875,0.10986328125,0.1953125,0.0732421875,0.25634765625,-0.15869140625,1.07421875,0.06103515625,0.3173828125,-0.01220703125,0.2685546875,-0.03662109375,0.84228515625,0.048828125,1.23291015625,0.2685546875,0.244140625,-0.0732421875,1.23291015625,0.0732421875,-1.52587890625,-0.18310546875,-0.57373046875,-0.048828125,-1.1474609375,-0.2197265625,-0.96435546875,-0.06103515625,-1.4404296875,-0.0732421875,-0.20751953125,0.06103515625,-0.25634765625,-0.10986328125,-1.2939453125,-0.10986328125,-0.76904296875,-0.06103515625,-0.7080078125,-0.29296875,-0.68359375,-0.18310546875,-0.048828125,-0.0244140625,-0.67138671875,-0.08544921875,-1.35498046875,-0.15869140625,-1.01318359375,0.06103515625,0.439453125,-0.048828125,-0.20751953125,-0.048828125,-0.5615234375,-0.06103515625,-0.50048828125,-0.09765625,-0.72021484375,-0.10986328125,-0.01220703125,0.10986328125,0.81787109375,-0.13427734375,-0.47607421875,-0.048828125,-0.45166015625
1,-0.048828125,-0.50048828125,0.06103515625,-0.537109375,0.0244140625,-0.59814453125,-0.0732421875,-0.341796875,-0.03662109375,2.4169921875,0,2.880859375,-0.13427734375,3.43017578125,-0.0732421875,2.783203125,0.15869140625,-0.4638671875,-0.08544921875,-0.20751953125,-0.23193359375,0.830078125,0.048828125,-0.67138671875,-0.4638671875,-0.13427734375,-0.25634765625,-0.74462890625,-0.0732421875,0.96435546875,-0.06103515625,0.3173828125,-0.03662109375,-0.2685546875,0.10986328125,-0.79345703125,-0.20751953125,-0.4150390625,0.537109375,-0.67138671875,-0.10986328125,0.537109375,0.1953125,1.2451171875,-0.09765625,0.390625,-0.20751953125,1.77001953125,0.08544921875,1.15966796875,-0.10986328125,0.48828125,-0.0244140625,-0.146484375,0.13427734375,0.72021484375,-0.18310546875,0.62255859375,0.146484375,0.439453125,-0.2197265625,0.47607421875,0.10986328125,0.18310546875,0.0732421875,0.28076171875,-0.13427734375,1.08642578125,0.0732421875,0.30517578125,0,0.23193359375,-0.03662109375,0.98876953125,0.03662109375,1.318359375,0.25634765625,0.37841796875,-0.048828125,1.52587890625,0.08544921875,-1.3671875,-0.15869140625,-0.47607421875,-0.03662109375,-1.0498046875,-0.18310546875,-0.86669921875,-0.06103515625,-1.42822265625,-0.06103515625,-0.1953125,0.03662109375,-0.28076171875,-0.10986328125,-1.28173828125,-0.1220703125,-0.76904296875,-0.06103515625,-0.68359375,-0.30517578125,-0.67138671875,-0.146484375,-0.06103515625,-0.03662109375,-0.68359375,-0.08544921875,-1.35498046875,-0.13427734375,-1.0009765625,0.06103515625,0.42724609375,-0.0732421875,-0.18310546875,-0.048828125,-0.54931640625,-0.0732421875,-0.5126953125,-0.09765625,-0.67138671875,-0.09765625,0.0244140625,0.13427734375,0.76904296875,-0.13427734375,-0.50048828125,0,-0.50048828125
1,-0.0244140625,-0.50048828125,0.0732421875,-0.52490234375,0.048828125,-0.5859375,-0.08544921875,-0.341796875,-0.01220703125,2.1484375,0,2.4658203125,-0.15869140625,3.1982421875,-0.08544921875,2.490234375,0.09765625,-0.52490234375,-0.048828125,-0.20751953125,-0.1953125,0.8544921875,0.048828125,-0.64697265625,-0.40283203125,-0.1220703125,-0.2685546875,-0.74462890625,-0.03662109375,0.96435546875,-0.06103515625,0.3173828125,0,-0.28076171875,0.08544921875,-0.78125,-0.1953125,-0.4150390625,0.5615234375,-0.68359375,-0.1220703125,0.9521484375,0.03662109375,2.03857421875,-0.13427734375,0.732421875,-0.244140625,2.294921875,-0.0244140625,1.171875,-0.13427734375,0.47607421875,0.01220703125,-0.146484375,0.09765625,0.7080078125,-0.18310546875,0.62255859375,0.15869140625,0.4150390625,-0.244140625,0.4638671875,0.09765625,0.146484375,0.08544921875,0.29296875,-0.1220703125,1.08642578125,0.06103515625,0.29296875,-0.01220703125,0.244140625,-0.01220703125,1.0986328125,0.0244140625,1.3916015625,0.25634765625,0.45166015625,-0.01220703125,1.77001953125,0.08544921875,-1.220703125,-0.18310546875,-0.37841796875,-0.03662109375,-1.0009765625,-0.18310546875,-0.78125,-0.06103515625,-1.42822265625,-0.0732421875,-0.1708984375,0.03662109375,-0.244140625,-0.09765625,-1.28173828125,-0.1220703125,-0.74462890625,-0.048828125,-0.68359375,-0.29296875,-0.67138671875,-0.13427734375,-0.0732421875,-0.01220703125,-0.68359375,-0.10986328125,-1.3671875,-0.1220703125,-0.98876953125,0.048828125,0.42724609375,-0.0732421875,-0.18310546875,-0.03662109375,-0.52490234375,-0.0732421875,-0.52490234375,-0.09765625,-0.5859375,-0.1220703125,0.0244140625,0.10986328125,0.76904296875,-0.15869140625,-0.537109375,0.06103515625,-0.5126953125
1,-0.0244140625,-0.5126953125,0.0732421875,-0.52490234375,0.06103515625,-0.57373046875,-0.0732421875,-0.35400390625,-0.0244140625,1.7822265625,0.0244140625,1.89208984375,-0.1708984375,2.89306640625,-0.08544921875,2.099609375,0.0244140625,-0.57373046875,-0.01220703125,-0.18310546875,-0.1953125,0.87890625,0.03662109375,-0.6591796875,-0.341796875,-0.10986328125,-0.2685546875,-0.74462890625,-0.0244140625,0.96435546875,-0.0732421875,0.3173828125,-0.01220703125,-0.28076171875,0.0732421875,-0.76904296875,-0.18310546875,-0.40283203125,0.52490234375,-0.68359375,-0.146484375,1.416015625,0.1220703125,2.84423828125,-0.10986328125,1.15966796875,-0.244140625,2.880859375,-0.10986328125,1.15966796875,-0.1708984375,0.48828125,0.048828125,-0.1953125,0.06103515625,0.7080078125,-0.1953125,0.62255859375,0.18310546875,0.439453125,-0.244140625,0.4638671875,0.08544921875,0.1220703125,0.08544921875,0.3173828125,-0.08544921875,1.0986328125,0.048828125,0.29296875,0,0.23193359375,-0.01220703125,1.1474609375,0.01220703125,1.3671875,0.25634765625,0.48828125,0.0244140625,1.904296875,0.0732421875,-1.06201171875,-0.18310546875,-0.28076171875,-0.0244140625,-0.93994140625,-0.18310546875,-0.7080078125,-0.08544921875,-1.416015625,-0.03662109375,-0.18310546875,0.03662109375,-0.2685546875,-0.08544921875,-1.25732421875,-0.1220703125,-0.74462890625,-0.03662109375,-0.6591796875,-0.28076171875,-0.6591796875,-0.10986328125,-0.048828125,-0.0244140625,-0.69580078125,-0.09765625,-1.3671875,-0.08544921875,-0.9765625,0.03662109375,0.45166015625,-0.06103515625,-0.13427734375,-0.0244140625,-0.48828125,-0.0732421875,-0.48828125,-0.10986328125,-0.50048828125,-0.09765625,0.048828125,0.1220703125,0.79345703125,-0.1708984375,-0.5126953125,0.08544921875,-0.54931640625
1,-0.01220703125,-0.5126953125,0.048828125,-0.52490234375,0.03662109375,-0.54931640625,-0.08544921875,-0.341796875,0,1.3671875,0.06103515625,1.20849609375,-0.15869140625,2.52685546875,-0.09765625,1.64794921875,-0.048828125,-0.6103515625,0.03662109375,-0.23193359375,-0.1708984375,0.8544921875,0.03662109375,-0.6591796875,-0.29296875,-0.10986328125,-0.2685546875,-0.74462890625,-0.01220703125,0.9765625,-0.0732421875,0.30517578125,-0.01220703125,-0.28076171875,0.06103515625,-0.78125,-0.1953125,-0.42724609375,0.537109375,-0.68359375,-0.13427734375,1.85546875,0.15869140625,3.67431640625,-0.08544921875,1.5380859375,-0.244140625,3.47900390625,-0.2197265625,1.15966796875,-0.20751953125,0.48828125,0.06103515625,-0.1953125,0.03662109375,0.72021484375,-0.1953125,0.62255859375,0.1953125,0.42724609375,-0.2685546875,0.439453125,0.0732421875,0.10986328125,0.08544921875,0.30517578125,-0.048828125,1.08642578125,0.03662109375,0.2685546875,-0.01220703125,0.23193359375,-0.01220703125,1.08642578125,0,1.35498046875,0.244140625,0.4638671875,0.03662109375,1.94091796875,0.10986328125,-0.93994140625,-0.18310546875,-0.1708984375,0,-0.89111328125,-0.15869140625,-0.634765625,-0.10986328125,-1.416015625,-0.048828125,-0.1708984375,0.01220703125,-0.244140625,-0.06103515625,-1.20849609375,-0.146484375,-0.74462890625,-0.0244140625,-0.6591796875,-0.25634765625,-0.67138671875,-0.1220703125,-0.048828125,-0.0244140625,-0.69580078125,-0.09765625,-1.37939453125,-0.0732421875,-1.0009765625,0.0244140625,0.42724609375,-0.08544921875,-0.146484375,-0.03662109375,-0.4638671875,-0.0732421875,-0.439453125,-0.10986328125,-0.45166015625,-0.09765625,0.0732421875,0.13427734375,0.81787109375,-0.1708984375,-0.48828125,0.146484375,-0.537109375
1,-0.01220703125,-0.50048828125,0.0732421875,-0.5126953125,0.06103515625,-0.54931640625,-0.08544921875,-0.341796875,-0.01220703125,0.9765625,0.0244140625,0.5126953125,-0.18310546875,2.16064453125,-0.10986328125,1.220703125,-0.0732421875,-0.6591796875,0.09765625,-0.2197265625,-0.18310546875,0.86669921875,0.03662109375,-0.6591796875,-0.23193359375,-0.10986328125,-0.30517578125,-0.74462890625,0,0.98876953125,-0.08544921875,0.29296875,-0.01220703125,-0.25634765625,0.048828125,-0.78125,-0.15869140625,-0.45166015625,0.52490234375,-0.69580078125,-0.09765625,2.30712890625,0.146484375,4.4921875,-0.06103515625,1.9287109375,-0.2197265625,4.01611328125,-0.32958984375,1.15966796875,-0.2685546875,0.48828125,0.09765625,-0.1953125,0,0.732421875,-0.2197265625,0.62255859375,0.2197265625,0.45166015625,-0.2685546875,0.45166015625,0.08544921875,0.10986328125,0.0732421875,0.30517578125,-0.0244140625,1.08642578125,0.03662109375,0.25634765625,0,0.2197265625,0.01220703125,1.01318359375,-0.0244140625,1.2939453125,0.244140625,0.40283203125,0.0732421875,1.84326171875,0.10986328125,-0.84228515625,-0.20751953125,-0.09765625,-0.01220703125,-0.87890625,-0.18310546875,-0.59814453125,-0.09765625,-1.40380859375,-0.0244140625,-0.18310546875,-0.01220703125,-0.23193359375,-0.0244140625,-1.23291015625,-0.15869140625,-0.732421875,-0.03662109375,-0.67138671875,-0.28076171875,-0.68359375,-0.08544921875,-0.048828125,-0.01220703125,-0.69580078125,-0.08544921875,-1.37939453125,-0.0244140625,-1.0009765625,0.06103515625,0.439453125,-0.0732421875,-0.1220703125,-0.03662109375,-0.4638671875,-0.08544921875,-0.37841796875,-0.10986328125,-0.40283203125,-0.09765625,0.06103515625,0.13427734375,0.830078125,-0.15869140625,-0.47607421875,0.18310546875,-0.537109375
1,-0.01220703125,-0.48828125,0.0732421875,-0.48828125,0.0732421875,-0.5615234375,-0.0732421875,-0.341796875,0.01220703125,0.6591796875,0.0732421875,-0.03662109375,-0.15869140625,1.85546875,-0.09765625,0.86669921875,-0.10986328125,-0.68359375,0.146484375,-0.1953125,-0.1708984375,0.8544921875,0.01220703125,-0.6591796875,-0.15869140625,-0.1220703125,-0.29296875,-0.732421875,-0.01220703125,0.9765625,-0.09765625,0.28076171875,-0.01220703125,-0.2685546875,0.048828125,-0.81787109375,-0.1708984375,-0.45166015625,0.5126953125,-0.72021484375,-0.1220703125,2.72216796875,0.1220703125,5.26123046875,-0.06103515625,2.25830078125,-0.25634765625,4.52880859375,-0.439453125,1.15966796875,-0.29296875,0.48828125,0.09765625,-0.18310546875,-0.0244140625,0.72021484375,-0.244140625,0.62255859375,0.2197265625,0.439453125,-0.2685546875,0.4638671875,0.0732421875,0.10986328125,0.0732421875,0.3173828125,0,1.08642578125,0.0244140625,0.25634765625,-0.01220703125,0.2197265625,0,0.87890625,-0.03662109375,1.20849609375,0.23193359375,0.32958984375,0.1708984375,1.62353515625,0.09765625,-0.81787109375,-0.23193359375,-0.048828125,0,-0.91552734375,-0.20751953125,-0.57373046875,-0.0732421875,-1.416015625,-0.03662109375,-0.20751953125,-0.01220703125,-0.23193359375,-0.03662109375,-1.20849609375,-0.146484375,-0.7080078125,-0.0244140625,-0.6591796875,-0.2685546875,-0.64697265625,-0.0732421875,-0.048828125,0,-0.69580078125,-0.08544921875,-1.3671875,0,-1.0009765625,0.06103515625,0.439453125,-0.09765625,-0.13427734375,-0.03662109375,-0.4638671875,-0.0732421875,-0.3662109375,-0.09765625,-0.45166015625,-0.08544921875,0.03662109375,0.09765625,0.8544921875,-0.1953125,-0.45166015625,0.20751953125,-0.537109375
1,-0.03662109375,-0.48828125,0.06103515625,-0.47607421875,0.0732421875,-0.54931640625,-0.0732421875,-0.35400390625,0,0.50048828125,-0.0244140625,-0.32958984375,-0.18310546875,1.74560546875,-0.1220703125,0.67138671875,-0.1708984375,-0.69580078125,0.18310546875,-0.20751953125,-0.15869140625,0.84228515625,0.01220703125,-0.6591796875,-0.09765625,-0.13427734375,-0.29296875,-0.72021484375,0.0244140625,0.9765625,-0.09765625,0.28076171875,0.0244140625,-0.2685546875,0.03662109375,-0.8056640625,-0.1953125,-0.4150390625,0.50048828125,-0.69580078125,-0.146484375,3.1005859375,0.03662109375,5.96923828125,-0.06103515625,2.5634765625,-0.2685546875,4.99267578125,-0.57373046875,1.171875,-0.35400390625,0.47607421875,0.08544921875,-0.1953125,-0.06103515625,0.72021484375,-0.25634765625,0.62255859375,0.244140625,0.45166015625,-0.244140625,0.47607421875,0.08544921875,0.10986328125,0.0732421875,0.3173828125,0.0244140625,1.0986328125,0.01220703125,0.28076171875,0,0.23193359375,0,0.74462890625,-0.06103515625,1.11083984375,0.2197265625,0.244140625,0.1708984375,1.35498046875,0.09765625,-0.87890625,-0.244140625,-0.01220703125,0.03662109375,-0.93994140625,-0.18310546875,-0.57373046875,-0.0732421875,-1.4404296875,-0.03662109375,-0.20751953125,0.01220703125,-0.25634765625,-0.03662109375,-1.20849609375,-0.1708984375,-0.7080078125,-0.0244140625,-0.634765625,-0.25634765625,-0.64697265625,-0.0244140625,-0.048828125,0,-0.67138671875,-0.09765625,-1.3916015625,0,-1.0009765625,0.0732421875,0.42724609375,-0.09765625,-0.18310546875,-0.03662109375,-0.5126953125,-0.0732421875,-0.32958984375,-0.09765625,-0.50048828125,-0.08544921875,0.048828125,0.0732421875,0.86669921875,-0.1708984375,-0.439453125,0.23193359375,-0.537109375
1,-0.0244140625,-0.47607421875,0.048828125,-0.50048828125,0.048828125,-0.5615234375,-0.0732421875,-0.341796875,0.0244140625,0.57373046875,0.01220703125,-0.244140625,-0.1708984375,1.79443359375,-0.10986328125,0.7568359375,-0.2197265625,-0.67138671875,0.244140625,-0.18310546875,-0.15869140625,0.830078125,0,-0.67138671875,-0.048828125,-0.146484375,-0.3173828125,-0.72021484375,0.06103515625,0.9765625,-0.09765625,0.29296875,0.048828125,-0.2685546875,0.03662109375,-0.79345703125,-0.1953125,-0.4150390625,0.50048828125,-0.67138671875,-0.1220703125,3.3935546875,0.09765625,6.6162109375,-0.06103515625,2.83203125,-0.25634765625,5.35888671875,-0.6591796875,1.15966796875,-0.3662109375,0.48828125,0.09765625,-0.1708984375,-0.09765625,0.732421875,-0.28076171875,0.6103515625,0.25634765625,0.439453125,-0.2197265625,0.4638671875,0.09765625,0.13427734375,0.08544921875,0.32958984375,0.0732421875,1.0986328125,-0.0244140625,0.2685546875,0,0.244140625,0.0244140625,0.6591796875,-0.03662109375,1.08642578125,0.23193359375,0.18310546875,0.1953125,1.123046875,0.10986328125,-0.927734375,-0.25634765625,-0.01220703125,0.03662109375,-0.9521484375,-0.1708984375,-0.5615234375,-0.06103515625,-1.4404296875,-0.03662109375,-0.2197265625,0.0244140625,-0.28076171875,-0.03662109375,-1.1962890625,-0.18310546875,-0.72021484375,-0.01220703125,-0.6591796875,-0.25634765625,-0.62255859375,-0.01220703125,-0.048828125,0.0244140625,-0.67138671875,-0.09765625,-1.37939453125,0.01220703125,-1.025390625,0.06103515625,0.439453125,-0.08544921875,-0.18310546875,-0.048828125,-0.52490234375,-0.0732421875,-0.35400390625,-0.08544921875,-0.5615234375,-0.06103515625,0,0.03662109375,0.86669921875,-0.1953125,-0.439453125,0.2685546875,-0.52490234375
1,-0.0244140625,-0.45166015625,0.03662109375,-0.5126953125,0.048828125,-0.5859375,-0.0732421875,-0.35400390625,0.048828125,0.9033203125,0.03662109375,0.29296875,-0.18310546875,2.08740234375,-0.09765625,1.123046875,-0.2685546875,-0.64697265625,0.28076171875,-0.1953125,-0.15869140625,0.81787109375,0,-0.67138671875,0.0244140625,-0.15869140625,-0.30517578125,-0.732421875,0.0732421875,0.96435546875,-0.0732421875,0.29296875,0.0732421875,-0.2685546875,0.048828125,-0.78125,-0.1953125,-0.37841796875,0.48828125,-0.64697265625,-0.09765625,3.62548828125,0.1220703125,7.14111328125,-0.03662109375,3.0029296875,-0.25634765625,5.6396484375,-0.732421875,1.171875,-0.40283203125,0.47607421875,0.09765625,-0.1708984375,-0.13427734375,0.72021484375,-0.30517578125,0.6103515625,0.25634765625,0.439453125,-0.20751953125,0.4638671875,0.0732421875,0.15869140625,0.09765625,0.30517578125,0.08544921875,1.08642578125,-0.03662109375,0.25634765625,0.01220703125,0.244140625,0.0244140625,0.57373046875,-0.048828125,1.0498046875,0.20751953125,0.1220703125,0.1708984375,0.93994140625,0.10986328125,-1.01318359375,-0.28076171875,0,0.048828125,-0.96435546875,-0.20751953125,-0.5859375,-0.048828125,-1.47705078125,-0.048828125,-0.25634765625,0.01220703125,-0.28076171875,-0.048828125,-1.23291015625,-0.1953125,-0.7080078125,-0.0244140625,-0.64697265625,-0.244140625,-0.634765625,0.0244140625,-0.03662109375,0.0244140625,-0.64697265625,-0.09765625,-1.37939453125,0.0244140625,-1.01318359375,0.06103515625,0.42724609375,-0.08544921875,-0.1953125,-0.03662109375,-0.54931640625,-0.0732421875,-0.3662109375,-0.0732421875,-0.634765625,-0.0732421875,-0.01220703125,0.0244140625,0.89111328125,-0.15869140625,-0.4150390625,0.29296875,-0.48828125
1,-0.0244140625,-0.45166015625,0.0244140625,-0.5126953125,0.048828125,-0.6103515625,-0.0732421875,-0.32958984375,0.048828125,1.46484375,0.048828125,1.23291015625,-0.18310546875,2.62451171875,-0.09765625,1.79443359375,-0.25634765625,-0.5859375,0.341796875,-0.18310546875,-0.15869140625,0.81787109375,0,-0.6591796875,0.09765625,-0.1708984375,-0.32958984375,-0.74462890625,0.048828125,0.96435546875,-0.08544921875,0.29296875,0.08544921875,-0.28076171875,0.048828125,-0.79345703125,-0.1953125,-0.37841796875,0.4638671875,-0.6591796875,-0.0732421875,3.77197265625,0.01220703125,7.568359375,-0.01220703125,3.11279296875,-0.29296875,5.82275390625,-0.78125,1.18408203125,-0.40283203125,0.47607421875,0.08544921875,-0.146484375,-0.1708984375,0.72021484375,-0.32958984375,0.62255859375,0.2685546875,0.4638671875,-0.1953125,0.47607421875,0.0732421875,0.1708984375,0.09765625,0.30517578125,0.09765625,1.08642578125,-0.048828125,0.2685546875,0,0.23193359375,-0.0244140625,0.5615234375,-0.10986328125,1.08642578125,0.15869140625,0.10986328125,0.08544921875,0.81787109375,0.13427734375,-1.07421875,-0.25634765625,-0.0244140625,0.03662109375,-0.96435546875,-0.20751953125,-0.59814453125,-0.0732421875,-1.47705078125,-0.048828125,-0.23193359375,0.03662109375,-0.28076171875,-0.048828125,-1.23291015625,-0.18310546875,-0.72021484375,-0.03662109375,-0.64697265625,-0.23193359375,-0.634765625,0.03662109375,-0.0732421875,0.048828125,-0.64697265625,-0.08544921875,-1.3671875,0.03662109375,-1.01318359375,0.048828125,0.439453125,-0.08544921875,-0.18310546875,-0.048828125,-0.57373046875,-0.08544921875,-0.341796875,-0.0732421875,-0.68359375,-0.048828125,-0.01220703125,0.0244140625,0.9033203125,-0.1708984375,-0.4150390625,0.30517578125,-0.47607421875
1,-0.03662109375,-0.4638671875,0.03662109375,-0.52490234375,0.0732421875,-0.59814453125,-0.0732421875,-0.341796875,0.08544921875,2.25830078125,0.0732421875,2.55126953125,-0.18310546875,3.35693359375,-0.08544921875,2.69775390625,-0.28076171875,-0.5615234375,0.3662109375,-0.18310546875,-0.1708984375,0.8056640625,-0.0244140625,-0.67138671875,0.15869140625,-0.15869140625,-0.3173828125,-0.732421875,0.06103515625,0.96435546875,-0.09765625,0.30517578125,0.08544921875,-0.2685546875,0.048828125,-0.8056640625,-0.1953125,-0.390625,0.45166015625,-0.6591796875,-0.08544921875,3.82080078125,-0.03662109375,7.80029296875,0,3.16162109375,-0.29296875,5.89599609375,-0.830078125,1.171875,-0.37841796875,0.48828125,0.08544921875,-0.13427734375,-0.18310546875,0.72021484375,-0.3662109375,0.634765625,0.2685546875,0.45166015625,-0.18310546875,0.47607421875,0.048828125,0.1953125,0.08544921875,0.29296875,0.10986328125,1.0986328125,-0.06103515625,0.244140625,-0.01220703125,0.23193359375,0.01220703125,0.57373046875,-0.08544921875,1.15966796875,0.1708984375,0.10986328125,0.0732421875,0.84228515625,0.146484375,-1.123046875,-0.25634765625,-0.048828125,0.0244140625,-0.9765625,-0.20751953125,-0.59814453125,-0.048828125,-1.4892578125,-0.048828125,-0.244140625,0.03662109375,-0.29296875,-0.06103515625,-1.20849609375,-0.18310546875,-0.7080078125,-0.048828125,-0.6591796875,-0.23193359375,-0.6591796875,0.06103515625,-0.048828125,0.048828125,-0.62255859375,-0.08544921875,-1.3916015625,0.03662109375,-1.01318359375,0.03662109375,0.45166015625,-0.09765625,-0.1708984375,-0.048828125,-0.57373046875,-0.08544921875,-0.341796875,-0.08544921875,-0.732421875,-0.06103515625,0.01220703125,0,0.9033203125,-0.13427734375,-0.40283203125,0.32958984375,-0.45166015625
1,-0.06103515625,-0.47607421875,0.03662109375,-0.52490234375,0.048828125,-0.57373046875,-0.08544921875,-0.3173828125,0.09765625,3.173828125,0.0732421875,4.0771484375,-0.15869140625,4.23583984375,-0.08544921875,3.79638671875,-0.2685546875,-0.5126953125,0.390625,-0.18310546875,-0.15869140625,0.81787109375,-0.03662109375,-0.6591796875,0.2197265625,-0.1708984375,-0.32958984375,-0.7568359375,0.06103515625,0.9521484375,-0.09765625,0.3173828125,0.08544921875,-0.28076171875,0.0732421875,-0.8056640625,-0.2197265625,-0.40283203125,0.42724609375,-0.68359375,-0.08544921875,3.7841796875,-0.08544921875,7.84912109375,0.01220703125,3.13720703125,-0.30517578125,5.8837890625,-0.81787109375,1.18408203125,-0.37841796875,0.47607421875,0.08544921875,-0.09765625,-0.20751953125,0.732421875,-0.390625,0.64697265625,0.3173828125,0.4638671875,-0.15869140625,0.45166015625,0.048828125,0.2197265625,0.08544921875,0.23193359375,0.146484375,1.08642578125,-0.08544921875,0.25634765625,-0.0244140625,0.2197265625,0.0244140625,0.5859375,-0.10986328125,1.1962890625,0.15869140625,0.1220703125,0.0732421875,0.96435546875,0.13427734375,-1.13525390625,-0.2685546875,-0.03662109375,0.048828125,-0.9521484375,-0.23193359375,-0.6103515625,-0.06103515625,-1.47705078125,-0.03662109375,-0.23193359375,0.03662109375,-0.29296875,-0.06103515625,-1.20849609375,-0.18310546875,-0.72021484375,-0.0244140625,-0.64697265625,-0.23193359375,-0.68359375,0.06103515625,-0.06103515625,0.048828125,-0.634765625,-0.0732421875,-1.3916015625,0.03662109375,-1.0009765625,0.01220703125,0.42724609375,-0.10986328125,-0.15869140625,-0.0244140625,-0.5615234375,-0.0732421875,-0.3662109375,-0.08544921875,-0.69580078125,-0.06103515625,0.01220703125,-0.01220703125,0.9033203125,-0.146484375,-0.42724609375,0.341796875,-0.439453125
1,-0.0732421875,-0.47607421875,0.01220703125,-0.5126953125,0.048828125,-0.54931640625,-0.08544921875,-0.32958984375,0.08544921875,4.1259765625,0,5.62744140625,-0.18310546875,5.126953125,-0.08544921875,4.9072265625,-0.3173828125,-0.45166015625,0.42724609375,-0.20751953125,-0.15869140625,0.830078125,-0.0244140625,-0.6591796875,0.2685546875,-0.15869140625,-0.3173828125,-0.76904296875,0.0732421875,0.9765625,-0.08544921875,0.32958984375,0.08544921875,-0.29296875,0.01220703125,-0.79345703125,-0.2197265625,-0.4150390625,0.40283203125,-0.67138671875,-0.08544921875,3.6376953125,-0.10986328125,7.6904296875,0.01220703125,2.978515625,-0.30517578125,5.76171875,-0.84228515625,1.1962890625,-0.35400390625,0.45166015625,0.0732421875,-0.08544921875,-0.23193359375,0.732421875,-0.42724609375,0.6591796875,0.3173828125,0.439453125,-0.146484375,0.45166015625,0.06103515625,0.20751953125,0.08544921875,0.244140625,0.146484375,1.0986328125,-0.08544921875,0.244140625,-0.03662109375,0.20751953125,-0.01220703125,0.62255859375,-0.13427734375,1.220703125,0.146484375,0.1220703125,0.01220703125,1.13525390625,0.146484375,-1.123046875,-0.244140625,-0.048828125,0.03662109375,-0.9765625,-0.20751953125,-0.634765625,-0.06103515625,-1.46484375,-0.03662109375,-0.20751953125,0.01220703125,-0.2685546875,-0.0732421875,-1.1962890625,-0.18310546875,-0.72021484375,-0.03662109375,-0.64697265625,-0.20751953125,-0.69580078125,0.09765625,-0.0732421875,0.048828125,-0.62255859375,-0.06103515625,-1.3671875,0.06103515625,-1.01318359375,0,0.439453125,-0.10986328125,-0.13427734375,-0.048828125,-0.54931640625,-0.0732421875,-0.37841796875,-0.0732421875,-0.6591796875,-0.0732421875,0.048828125,-0.0244140625,0.89111328125,-0.13427734375,-0.4638671875,0.37841796875,-0.42724609375
1,-0.0732421875,-0.47607421875,0,-0.5126953125,0.048828125,-0.5615234375,-0.0732421875,-0.32958984375,0.10986328125,5.01708984375,-0.03662109375,7.080078125,-0.1708984375,5.94482421875,-0.0732421875,5.96923828125,-0.32958984375,-0.390625,0.45166015625,-0.20751953125,-0.13427734375,0.830078125,-0.01220703125,-0.6591796875,0.341796875,-0.13427734375,-0.32958984375,-0.76904296875,0.09765625,0.9765625,-0.09765625,0.32958984375,0.09765625,-0.30517578125,0.0244140625,-0.8056640625,-0.20751953125,-0.42724609375,0.35400390625,-0.68359375,-0.1220703125,3.4423828125,-0.146484375,7.2998046875,-0.01220703125,2.79541015625,-0.35400390625,5.50537109375,-0.79345703125,1.171875,-0.35400390625,0.4638671875,0.10986328125,-0.08544921875,-0.2685546875,0.74462890625,-0.47607421875,0.67138671875,0.3173828125,0.45166015625,-0.1220703125,0.45166015625,0.03662109375,0.23193359375,0.048828125,0.23193359375,0.15869140625,1.07421875,-0.08544921875,0.244140625,-0.06103515625,0.20751953125,0.0244140625,0.634765625,-0.13427734375,1.220703125,0.15869140625,0.15869140625,0.048828125,1.30615234375,0.18310546875,-1.0986328125,-0.2685546875,-0.03662109375,0.0244140625,-1.0009765625,-0.20751953125,-0.634765625,-0.0732421875,-1.46484375,-0.0244140625,-0.2197265625,0.01220703125,-0.244140625,-0.048828125,-1.171875,-0.18310546875,-0.732421875,-0.03662109375,-0.64697265625,-0.1953125,-0.69580078125,0.08544921875,-0.06103515625,0.06103515625,-0.634765625,-0.048828125,-1.37939453125,0.06103515625,-1.0009765625,-0.0244140625,0.4638671875,-0.08544921875,-0.1220703125,-0.0244140625,-0.5126953125,-0.0732421875,-0.40283203125,-0.09765625,-0.5859375,-0.0732421875,0.10986328125,-0.0732421875,0.87890625,-0.146484375,-0.48828125,0.37841796875,-0.439453125
0,-0.0732421875,-0.4638671875,0,-0.5126953125,0.03662109375,-0.5615234375,-0.06103515625,-0.3173828125,0.13427734375,5.72509765625,-0.08544921875,8.26416015625,-0.15869140625,6.60400390625,-0.09765625,6.84814453125,-0.35400390625,-0.341796875,0.4638671875,-0.20751953125,-0.09765625,0.8544921875,-0.01220703125,-0.67138671875,0.40283203125,-0.13427734375,-0.3173828125,-0.76904296875,0.09765625,0.9765625,-0.09765625,0.32958984375,0.10986328125,-0.3173828125,0.048828125,-0.79345703125,-0.2197265625,-0.439453125,0.3173828125,-0.67138671875,-0.09765625,3.18603515625,-0.048828125,6.77490234375,0.0244140625,2.52685546875,-0.32958984375,5.16357421875,-0.72021484375,1.1962890625,-0.32958984375,0.47607421875,0.13427734375,-0.1220703125,-0.30517578125,0.732421875,-0.50048828125,0.6591796875,0.32958984375,0.45166015625,-0.09765625,0.439453125,0.0244140625,0.20751953125,0.048828125,0.20751953125,0.1708984375,1.0498046875,-0.08544921875,0.25634765625,-0.0732421875,0.18310546875,0.01220703125,0.59814453125,-0.146484375,1.1962890625,0.146484375,0.1220703125,0.01220703125,1.4404296875,0.20751953125,-1.08642578125,-0.28076171875,-0.0732421875,0.03662109375,-0.98876953125,-0.2197265625,-0.6591796875,-0.08544921875,-1.45263671875,-0.01220703125,-0.2197265625,0.0244140625,-0.2197265625,-0.0244140625,-1.171875,-0.1708984375,-0.732421875,-0.0244140625,-0.64697265625,-0.1953125,-0.7080078125,0.10986328125,-0.08544921875,0.048828125,-0.634765625,-0.06103515625,-1.3916015625,0.06103515625,-1.01318359375,-0.048828125,0.4638671875,-0.1220703125,-0.0732421875,-0.0244140625,-0.47607421875,-0.08544921875,-0.439453125,-0.10986328125,-0.52490234375,-0.0732421875,0.1220703125,-0.08544921875,0.87890625,-0.13427734375,-0.47607421875,0.390625,-0.439453125
0,-0.0732421875,-0.4638671875,0.01220703125,-0.5126953125,0.0244140625,-0.54931640625,-0.08544921875,-0.3173828125,0.13427734375,6.2255859375,-0.13427734375,9.033203125,-0.15869140625,7.04345703125,-0.0732421875,7.4462890625,-0.3662109375,-0.30517578125,0.5126953125,-0.2197265625,-0.0732421875,0.8544921875,-0.01220703125,-0.6591796875,0.42724609375,-0.13427734375,-0.30517578125,-0.76904296875,0.09765625,0.9765625,-0.1220703125,0.32958984375,0.1220703125,-0.30517578125,0.0244140625,-0.76904296875,-0.23193359375,-0.45166015625,0.32958984375,-0.68359375,-0.09765625,2.8564453125,-0.1220703125,6.0302734375,-0.01220703125,2.2705078125,-0.3662109375,4.78515625,-0.62255859375,1.171875,-0.32958984375,0.47607421875,0.15869140625,-0.13427734375,-0.3173828125,0.72021484375,-0.5126953125,0.634765625,0.32958984375,0.45166015625,-0.1220703125,0.42724609375,0.01220703125,0.1953125,0.048828125,0.2197265625,0.1708984375,1.07421875,-0.09765625,0.25634765625,-0.10986328125,0.1708984375,-0.01220703125,0.537109375,-0.1708984375,1.11083984375,0.13427734375,0.08544921875,-0.0244140625,1.52587890625,0.1708984375,-1.0986328125,-0.2685546875,-0.0732421875,0.03662109375,-1.01318359375,-0.1953125,-0.68359375,-0.09765625,-1.47705078125,0,-0.2197265625,0.0244140625,-0.20751953125,-0.0244140625,-1.18408203125,-0.1953125,-0.72021484375,-0.01220703125,-0.6591796875,-0.18310546875,-0.7080078125,0.10986328125,-0.09765625,0.06103515625,-0.64697265625,-0.0244140625,-1.40380859375,0.06103515625,-1.025390625,-0.06103515625,0.4638671875,-0.09765625,-0.06103515625,-0.03662109375,-0.47607421875,-0.08544921875,-0.439453125,-0.09765625,-0.45166015625,-0.09765625,0.1220703125,-0.09765625,0.87890625,-0.13427734375,-0.47607421875,0.4150390625,-0.45166015625
0,-0.08544921875,-0.4638671875,0,-0.5126953125,0.0244140625,-0.5615234375,-0.09765625,-0.32958984375,0.1220703125,6.45751953125,-0.146484375,9.36279296875,-0.146484375,7.23876953125,-0.10986328125,7.72705078125,-0.4150390625,-0.2685546875,0.5615234375,-0.20751953125,-0.06103515625,0.8544921875,-0.01220703125,-0.6591796875,0.439453125,-0.13427734375,-0.29296875,-0.76904296875,0.0732421875,0.98876953125,-0.1220703125,0.3173828125,0.10986328125,-0.29296875,0.0244140625,-0.76904296875,-0.244140625,-0.4638671875,0.341796875,-0.6591796875,-0.09765625,2.490234375,-0.1220703125,5.23681640625,-0.0244140625,2.001953125,-0.3662109375,4.345703125,-0.5126953125,1.18408203125,-0.32958984375,0.4638671875,0.1708984375,-0.146484375,-0.30517578125,0.7080078125,-0.537109375,0.634765625,0.341796875,0.439453125,-0.1220703125,0.439453125,0,0.18310546875,0.0244140625,0.23193359375,0.15869140625,1.07421875,-0.08544921875,0.28076171875,-0.13427734375,0.1953125,-0.0244140625,0.47607421875,-0.20751953125,1.01318359375,0.13427734375,0.048828125,-0.06103515625,1.513671875,0.20751953125,-1.13525390625,-0.2685546875,-0.09765625,0.0244140625,-1.025390625,-0.1953125,-0.67138671875,-0.09765625,-1.4404296875,0,-0.2197265625,0.0244140625,-0.2197265625,-0.01220703125,-1.20849609375,-0.1708984375,-0.7568359375,-0.0244140625,-0.6591796875,-0.1953125,-0.68359375,0.1220703125,-0.09765625,0.06103515625,-0.64697265625,0,-1.3916015625,0.048828125,-1.01318359375,-0.06103515625,0.47607421875,-0.0732421875,-0.0732421875,-0.0244140625,-0.4638671875,-0.06103515625,-0.42724609375,-0.09765625,-0.439453125,-0.10986328125,0.1220703125,-0.13427734375,0.87890625,-0.146484375,-0.4638671875,0.390625,-0.439453125
0,-0.10986328125,-0.47607421875,-0.01220703125,-0.52490234375,0.01220703125,-0.5859375,-0.09765625,-0.3173828125,0.10986328125,6.43310546875,-0.15869140625,9.28955078125,-0.146484375,7.18994140625,-0.10986328125,7.67822265625,-0.50048828125,-0.244140625,0.5859375,-0.20751953125,-0.048828125,0.8544921875,0.01220703125,-0.6591796875,0.439453125,-0.13427734375,-0.2685546875,-0.7568359375,0.06103515625,0.98876953125,-0.1220703125,0.30517578125,0.10986328125,-0.28076171875,0,-0.74462890625,-0.2685546875,-0.4638671875,0.32958984375,-0.67138671875,-0.10986328125,2.1484375,-0.15869140625,4.4677734375,-0.0244140625,1.708984375,-0.40283203125,3.89404296875,-0.40283203125,1.171875,-0.341796875,0.48828125,0.1953125,-0.1708984375,-0.32958984375,0.7080078125,-0.54931640625,0.62255859375,0.341796875,0.439453125,-0.10986328125,0.45166015625,0,0.1708984375,0.0244140625,0.244140625,0.13427734375,1.07421875,-0.06103515625,0.29296875,-0.146484375,0.1953125,-0.01220703125,0.45166015625,-0.2197265625,0.9765625,0.146484375,0.03662109375,-0.048828125,1.45263671875,0.15869140625,-1.15966796875,-0.30517578125,-0.146484375,0.01220703125,-1.025390625,-0.2197265625,-0.7080078125,-0.0732421875,-1.46484375,0.0244140625,-0.20751953125,0,-0.2197265625,0,-1.20849609375,-0.1953125,-0.732421875,0.01220703125,-0.64697265625,-0.20751953125,-0.67138671875,0.13427734375,-0.1220703125,0.048828125,-0.6591796875,0.01220703125,-1.42822265625,0.06103515625,-0.98876953125,-0.03662109375,0.45166015625,-0.06103515625,-0.09765625,-0.0244140625,-0.4638671875,-0.0732421875,-0.45166015625,-0.08544921875,-0.4150390625,-0.09765625,0.1220703125,-0.13427734375,0.86669921875,-0.146484375,-0.4638671875,0.40283203125,-0.45166015625
0,-0.10986328125,-0.47607421875,-0.01220703125,-0.52490234375,0.01220703125,-0.59814453125,-0.09765625,-0.341796875,0.1220703125,6.18896484375,-0.1708984375,8.837890625,-0.146484375,6.89697265625,-0.1220703125,7.38525390625,-0.537109375,-0.1953125,0.6103515625,-0.1953125,0,0.8544921875,0,-0.6591796875,0.439453125,-0.146484375,-0.23193359375,-0.74462890625,0.03662109375,0.98876953125,-0.1220703125,0.28076171875,0.13427734375,-0.244140625,0.01220703125,-0.74462890625,-0.28076171875,-0.4638671875,0.32958984375,-0.67138671875,-0.09765625,1.8310546875,-0.146484375,3.759765625,-0.03662109375,1.47705078125,-0.40283203125,3.4912109375,-0.32958984375,1.15966796875,-0.341796875,0.47607421875,0.20751953125,-0.1953125,-0.30517578125,0.732421875,-0.52490234375,0.6103515625,0.341796875,0.439453125,-0.09765625,0.439453125,0.0244140625,0.13427734375,0.01220703125,0.28076171875,0.13427734375,1.0986328125,-0.06103515625,0.28076171875,-0.1708984375,0.20751953125,-0.03662109375,0.45166015625,-0.23193359375,0.9033203125,0.15869140625,0.01220703125,0.09765625,1.3671875,0.1220703125,-1.18408203125,-0.29296875,-0.146484375,0.0244140625,-1.01318359375,-0.18310546875,-0.72021484375,-0.0732421875,-1.45263671875,0.0244140625,-0.23193359375,0.0244140625,-0.25634765625,0,-1.2451171875,-0.1953125,-0.72021484375,-0.01220703125,-0.6591796875,-0.1953125,-0.6591796875,0.18310546875,-0.09765625,0.03662109375,-0.67138671875,0.048828125,-1.416015625,0.048828125,-0.98876953125,-0.048828125,0.45166015625,-0.048828125,-0.1220703125,-0.0244140625,-0.50048828125,-0.0732421875,-0.42724609375,-0.09765625,-0.4638671875,-0.10986328125,0.09765625,-0.1708984375,0.8544921875,-0.146484375,-0.4638671875,0.40283203125,-0.42724609375
0,-0.10986328125,-0.50048828125,-0.01220703125,-0.52490234375,0.01220703125,-0.59814453125,-0.10986328125,-0.32958984375,0.10986328125,5.77392578125,-0.1708984375,8.10546875,-0.146484375,6.4697265625,-0.1220703125,6.87255859375,-0.54931640625,-0.15869140625,0.62255859375,-0.1953125,0.048828125,0.86669921875,0,-0.67138671875,0.4150390625,-0.1708984375,-0.23193359375,-0.732421875,0.03662109375,0.98876953125,-0.10986328125,0.2685546875,0.146484375,-0.244140625,0,-0.74462890625,-0.29296875,-0.439453125,0.2685546875,-0.67138671875,-0.10986328125,1.5625,-0.1708984375,3.173828125,-0.03662109375,1.25732421875,-0.40283203125,3.173828125,-0.20751953125,1.15966796875,-0.341796875,0.48828125,0.25634765625,-0.20751953125,-0.30517578125,0.72021484375,-0.52490234375,0.634765625,0.32958984375,0.42724609375,-0.06103515625,0.45166015625,0.0244140625,0.146484375,0.048828125,0.28076171875,0.09765625,1.08642578125,-0.06103515625,0.28076171875,-0.1708984375,0.23193359375,-0.0244140625,0.47607421875,-0.23193359375,0.9033203125,0.146484375,0.06103515625,0.06103515625,1.25732421875,0.15869140625,-1.1962890625,-0.30517578125,-0.1953125,0.048828125,-1.03759765625,-0.1708984375,-0.74462890625,-0.06103515625,-1.4404296875,0.03662109375,-0.2197265625,0.0244140625,-0.244140625,0.0244140625,-1.23291015625,-0.1953125,-0.732421875,0.01220703125,-0.67138671875,-0.1953125,-0.634765625,0.18310546875,-0.08544921875,0.0244140625,-0.69580078125,0.06103515625,-1.416015625,0.048828125,-1.0009765625,-0.03662109375,0.439453125,-0.03662109375,-0.13427734375,-0.03662109375,-0.52490234375,-0.06103515625,-0.42724609375,-0.08544921875,-0.50048828125,-0.09765625,0.0732421875,-0.1953125,0.87890625,-0.146484375,-0.439453125,0.390625,-0.439453125
0,-0.13427734375,-0.50048828125,-0.0244140625,-0.5126953125,0.0244140625,-0.62255859375,-0.09765625,-0.341796875,0.10986328125,5.2001953125,-0.146484375,7.2265625,-0.1708984375,5.9326171875,-0.146484375,6.201171875,-0.634765625,-0.13427734375,0.634765625,-0.1708984375,0.0732421875,0.830078125,-0.0244140625,-0.6591796875,0.390625,-0.146484375,-0.1953125,-0.72021484375,0.01220703125,0.9765625,-0.08544921875,0.2685546875,0.1708984375,-0.25634765625,-0.01220703125,-0.7568359375,-0.30517578125,-0.40283203125,0.28076171875,-0.67138671875,-0.1220703125,1.3427734375,-0.09765625,2.7099609375,-0.03662109375,1.0986328125,-0.40283203125,2.880859375,-0.08544921875,1.171875,-0.341796875,0.50048828125,0.30517578125,-0.1953125,-0.32958984375,0.72021484375,-0.48828125,0.6591796875,0.32958984375,0.4150390625,-0.06103515625,0.45166015625,0,0.13427734375,0.06103515625,0.30517578125,0.08544921875,1.08642578125,-0.06103515625,0.29296875,-0.18310546875,0.23193359375,-0.03662109375,0.54931640625,-0.23193359375,0.98876953125,0.1708984375,0.09765625,0.048828125,1.18408203125,0.10986328125,-1.1962890625,-0.3173828125,-0.244140625,0.03662109375,-1.03759765625,-0.18310546875,-0.76904296875,-0.06103515625,-1.4404296875,0.03662109375,-0.20751953125,0.01220703125,-0.244140625,-0.01220703125,-1.23291015625,-0.1953125,-0.732421875,0.03662109375,-0.6591796875,-0.20751953125,-0.64697265625,0.20751953125,-0.08544921875,0.03662109375,-0.7080078125,0.0732421875,-1.416015625,0.0244140625,-0.98876953125,-0.03662109375,0.439453125,-0.0244140625,-0.1708984375,-0.048828125,-0.537109375,-0.06103515625,-0.4150390625,-0.0732421875,-0.5615234375,-0.10986328125,0.06103515625,-0.20751953125,0.87890625,-0.13427734375,-0.439453125,0.390625,-0.4150390625
0,-0.1220703125,-0.50048828125,0,-0.52490234375,0,-0.634765625,-0.10986328125,-0.3173828125,0.1220703125,4.62646484375,-0.1708984375,6.2744140625,-0.15869140625,5.37109375,-0.146484375,5.4931640625,-0.6591796875,-0.1220703125,0.64697265625,-0.18310546875,0.10986328125,0.81787109375,-0.0244140625,-0.67138671875,0.37841796875,-0.1708984375,-0.18310546875,-0.72021484375,-0.01220703125,0.96435546875,-0.0732421875,0.28076171875,0.15869140625,-0.2685546875,-0.0244140625,-0.76904296875,-0.32958984375,-0.390625,0.28076171875,-0.68359375,-0.08544921875,1.18408203125,-0.1220703125,2.392578125,-0.06103515625,0.96435546875,-0.4150390625,2.67333984375,0,1.15966796875,-0.37841796875,0.48828125,0.3173828125,-0.1953125,-0.341796875,0.732421875,-0.45166015625,0.7080078125,0.3173828125,0.439453125,-0.048828125,0.45166015625,0.01220703125,0.146484375,0.0732421875,0.32958984375,0.06103515625,1.0986328125,-0.0732421875,0.29296875,-0.20751953125,0.2685546875,-0.03662109375,0.67138671875,-0.20751953125,1.06201171875,0.15869140625,0.1708984375,0,1.1474609375,0.15869140625,-1.171875,-0.29296875,-0.25634765625,0.048828125,-1.025390625,-0.18310546875,-0.76904296875,-0.03662109375,-1.416015625,0.03662109375,-0.20751953125,0.01220703125,-0.2685546875,-0.01220703125,-1.23291015625,-0.20751953125,-0.74462890625,0.03662109375,-0.67138671875,-0.20751953125,-0.634765625,0.244140625,-0.06103515625,0.048828125,-0.69580078125,0.0732421875,-1.40380859375,0.0244140625,-0.9765625,-0.0244140625,0.439453125,-0.0244140625,-0.1708984375,-0.06103515625,-0.5615234375,-0.08544921875,-0.439453125,-0.0732421875,-0.6103515625,-0.1220703125,0.03662109375,-0.2197265625,0.8544921875,-0.1220703125,-0.439453125,0.35400390625,-0.45166015625
0,-0.1220703125,-0.5126953125,0,-0.5126953125,-0.01220703125,-0.62255859375,-0.10986328125,-0.3173828125,0.10986328125,3.99169921875,-0.146484375,5.33447265625,-0.13427734375,4.78515625,-0.146484375,4.7607421875,-0.69580078125,-0.10986328125,0.64697265625,-0.18310546875,0.09765625,0.830078125,-0.03662109375,-0.67138671875,0.341796875,-0.15869140625,-0.15869140625,-0.732421875,-0.048828125,0.96435546875,-0.06103515625,0.28076171875,0.1708984375,-0.28076171875,-0.03662109375,-0.76904296875,-0.3173828125,-0.3662109375,0.28076171875,-0.69580078125,-0.09765625,1.0498046875,-0.06103515625,2.1240234375,-0.06103515625,0.84228515625,-0.439453125,2.5146484375,0.06103515625,1.1474609375,-0.37841796875,0.48828125,0.32958984375,-0.18310546875,-0.3662109375,0.732421875,-0.42724609375,0.74462890625,0.32958984375,0.45166015625,-0.048828125,0.4638671875,0,0.13427734375,0.10986328125,0.3173828125,0.03662109375,1.08642578125,-0.06103515625,0.29296875,-0.2197265625,0.25634765625,-0.048828125,0.7568359375,-0.1708984375,1.123046875,0.146484375,0.20751953125,-0.048828125,1.18408203125,0.1708984375,-1.15966796875,-0.29296875,-0.30517578125,0.048828125,-0.98876953125,-0.18310546875,-0.78125,-0.0244140625,-1.416015625,0.048828125,-0.1953125,0.01220703125,-0.28076171875,-0.01220703125,-1.23291015625,-0.1953125,-0.732421875,0.03662109375,-0.6591796875,-0.2197265625,-0.6591796875,0.25634765625,-0.048828125,0.03662109375,-0.69580078125,0.08544921875,-1.40380859375,0.01220703125,-0.9765625,-0.03662109375,0.42724609375,-0.01220703125,-0.1708984375,-0.06103515625,-0.5615234375,-0.06103515625,-0.45166015625,-0.08544921875,-0.64697265625,-0.13427734375,0.03662109375,-0.2197265625,0.89111328125,-0.10986328125,-0.4638671875,0.341796875,-0.45166015625
0,-0.13427734375,-0.5126953125,0,-0.5126953125,-0.01220703125,-0.59814453125,-0.09765625,-0.3173828125,0.10986328125,3.41796875,-0.146484375,4.443359375,-0.15869140625,4.26025390625,-0.146484375,4.0283203125,-0.74462890625,-0.13427734375,0.6591796875,-0.20751953125,0.10986328125,0.81787109375,-0.0732421875,-0.67138671875,0.3173828125,-0.146484375,-0.1220703125,-0.732421875,-0.09765625,0.96435546875,-0.0732421875,0.29296875,0.13427734375,-0.244140625,-0.048828125,-0.76904296875,-0.30517578125,-0.3662109375,0.244140625,-0.7080078125,-0.08544921875,0.9521484375,0.0244140625,1.8798828125,-0.048828125,0.76904296875,-0.439453125,2.3681640625,0.13427734375,1.15966796875,-0.390625,0.48828125,0.37841796875,-0.1708984375,-0.37841796875,0.732421875,-0.40283203125,0.78125,0.32958984375,0.4638671875,-0.048828125,0.45166015625,-0.01220703125,0.15869140625,0.09765625,0.35400390625,0,1.11083984375,-0.0732421875,0.25634765625,-0.2197265625,0.25634765625,-0.03662109375,0.81787109375,-0.18310546875,1.20849609375,0.146484375,0.23193359375,-0.06103515625,1.220703125,0.13427734375,-1.13525390625,-0.28076171875,-0.30517578125,0.048828125,-0.9765625,-0.20751953125,-0.76904296875,-0.0244140625,-1.42822265625,0.048828125,-0.18310546875,-0.0244140625,-0.29296875,-0.0244140625,-1.20849609375,-0.1953125,-0.732421875,0.03662109375,-0.68359375,-0.20751953125,-0.67138671875,0.2685546875,-0.06103515625,0.048828125,-0.68359375,0.09765625,-1.3916015625,-0.01220703125,-0.96435546875,-0.0244140625,0.439453125,-0.0244140625,-0.15869140625,-0.048828125,-0.54931640625,-0.0732421875,-0.439453125,-0.09765625,-0.634765625,-0.13427734375,0.06103515625,-0.20751953125,0.87890625,-0.08544921875,-0.4638671875,0.3173828125,-0.4638671875
0,-0.13427734375,-0.5126953125,0,-0.52490234375,-0.01220703125,-0.59814453125,-0.10986328125,-0.341796875,0.10986328125,2.83203125,-0.15869140625,3.564453125,-0.13427734375,3.74755859375,-0.146484375,3.33251953125,-0.76904296875,-0.18310546875,0.64697265625,-0.1953125,0.1220703125,0.81787109375,-0.08544921875,-0.68359375,0.30517578125,-0.13427734375,-0.09765625,-0.72021484375,-0.1220703125,0.9521484375,-0.06103515625,0.28076171875,0.146484375,-0.28076171875,-0.06103515625,-0.78125,-0.30517578125,-0.35400390625,0.2197265625,-0.67138671875,-0.09765625,0.830078125,0.08544921875,1.59912109375,-0.0244140625,0.6591796875,-0.45166015625,2.20947265625,0.18310546875,1.1962890625,-0.42724609375,0.45166015625,0.4150390625,-0.13427734375,-0.390625,0.732421875,-0.37841796875,0.8056640625,0.3173828125,0.47607421875,-0.0244140625,0.4638671875,-0.01220703125,0.1708984375,0.1220703125,0.35400390625,-0.0244140625,1.08642578125,-0.0732421875,0.23193359375,-0.2197265625,0.2685546875,-0.06103515625,0.8544921875,-0.15869140625,1.25732421875,0.15869140625,0.244140625,0.03662109375,1.318359375,0.10986328125,-1.06201171875,-0.28076171875,-0.30517578125,0.03662109375,-0.9765625,-0.23193359375,-0.7568359375,-0.01220703125,-1.416015625,0.048828125,-0.18310546875,-0.01220703125,-0.30517578125,-0.01220703125,-1.20849609375,-0.18310546875,-0.7568359375,0.0244140625,-0.68359375,-0.18310546875,-0.68359375,0.2685546875,-0.06103515625,0.048828125,-0.67138671875,0.10986328125,-1.3916015625,-0.0244140625,-0.98876953125,-0.01220703125,0.4150390625,-0.0244140625,-0.15869140625,-0.06103515625,-0.5126953125,-0.06103515625,-0.4150390625,-0.09765625,-0.6103515625,-0.146484375,0.06103515625,-0.20751953125,0.87890625,-0.0732421875,-0.439453125,0.3173828125,-0.48828125
0,-0.13427734375,-0.50048828125,0,-0.5126953125,-0.0244140625,-0.57373046875,-0.10986328125,-0.32958984375,0.09765625,2.25830078125,-0.146484375,2.74658203125,-0.1220703125,3.2470703125,-0.15869140625,2.63671875,-0.7568359375,-0.25634765625,0.634765625,-0.1953125,0.1220703125,0.8544921875,-0.10986328125,-0.68359375,0.2685546875,-0.13427734375,-0.09765625,-0.74462890625,-0.15869140625,0.9521484375,-0.06103515625,0.29296875,0.146484375,-0.25634765625,-0.0732421875,-0.78125,-0.28076171875,-0.3662109375,0.1708984375,-0.68359375,-0.09765625,0.69580078125,0.0732421875,1.2451171875,-0.01220703125,0.5615234375,-0.4638671875,2.03857421875,0.2197265625,1.171875,-0.45166015625,0.45166015625,0.45166015625,-0.1220703125,-0.42724609375,0.72021484375,-0.32958984375,0.8056640625,0.32958984375,0.47607421875,0,0.45166015625,0,0.1708984375,0.146484375,0.35400390625,-0.048828125,1.07421875,-0.08544921875,0.23193359375,-0.23193359375,0.2685546875,-0.06103515625,0.8056640625,-0.13427734375,1.1962890625,0.146484375,0.20751953125,0.10986328125,1.37939453125,0.1220703125,-1.0009765625,-0.244140625,-0.2685546875,0.06103515625,-0.93994140625,-0.20751953125,-0.74462890625,-0.0244140625,-1.42822265625,0.0732421875,-0.1708984375,-0.01220703125,-0.28076171875,-0.01220703125,-1.1962890625,-0.1708984375,-0.7568359375,0.01220703125,-0.68359375,-0.1708984375,-0.69580078125,0.30517578125,-0.048828125,0.0732421875,-0.6591796875,0.10986328125,-1.40380859375,-0.048828125,-0.98876953125,-0.048828125,0.42724609375,-0.0244140625,-0.10986328125,-0.048828125,-0.50048828125,-0.0732421875,-0.40283203125,-0.10986328125,-0.5615234375,-0.15869140625,0.06103515625,-0.1708984375,0.89111328125,-0.06103515625,-0.439453125,0.28076171875,-0.50048828125
0,-0.13427734375,-0.48828125,-0.01220703125,-0.5126953125,-0.0244140625,-0.57373046875,-0.13427734375,-0.32958984375,0.09765625,1.67236328125,-0.146484375,1.904296875,-0.10986328125,2.734375,-0.15869140625,1.953125,-0.7568359375,-0.35400390625,0.64697265625,-0.1953125,0.1220703125,0.87890625,-0.1220703125,-0.6591796875,0.2685546875,-0.10986328125,-0.10986328125,-0.7568359375,-0.146484375,0.96435546875,-0.06103515625,0.3173828125,0.1708984375,-0.25634765625,-0.0732421875,-0.78125,-0.28076171875,-0.3662109375,0.1708984375,-0.67138671875,-0.0732421875,0.537109375,0.1220703125,0.830078125,0.01220703125,0.4150390625,-0.439453125,1.8310546875,0.2685546875,1.171875,-0.4150390625,0.45166015625,0.47607421875,-0.10986328125,-0.4638671875,0.732421875,-0.30517578125,0.8056640625,0.32958984375,0.47607421875,0.0244140625,0.439453125,0,0.18310546875,0.15869140625,0.341796875,-0.0732421875,1.07421875,-0.06103515625,0.2197265625,-0.2197265625,0.25634765625,-0.03662109375,0.69580078125,-0.08544921875,1.13525390625,0.146484375,0.09765625,0.18310546875,1.42822265625,0.23193359375,-0.9521484375,-0.23193359375,-0.23193359375,0.048828125,-0.927734375,-0.20751953125,-0.7080078125,-0.03662109375,-1.40380859375,0.06103515625,-0.146484375,0,-0.28076171875,-0.0244140625,-1.18408203125,-0.18310546875,-0.76904296875,0.01220703125,-0.69580078125,-0.10986328125,-0.69580078125,0.30517578125,-0.0732421875,0.08544921875,-0.64697265625,0.09765625,-1.3916015625,-0.048828125,-0.98876953125,-0.048828125,0.439453125,-0.0244140625,-0.09765625,-0.03662109375,-0.47607421875,-0.0732421875,-0.37841796875,-0.13427734375,-0.5126953125,-0.15869140625,0.0732421875,-0.1953125,0.87890625,-0.03662109375,-0.45166015625,0.28076171875,-0.5126953125
0,-0.1220703125,-0.48828125,-0.0244140625,-0.48828125,-0.01220703125,-0.54931640625,-0.10986328125,-0.32958984375,0.08544921875,1.06201171875,-0.13427734375,1.03759765625,-0.1220703125,2.18505859375,-0.15869140625,1.2451171875,-0.76904296875,-0.439453125,0.64697265625,-0.1953125,0.09765625,0.86669921875,-0.15869140625,-0.68359375,0.28076171875,-0.1220703125,-0.10986328125,-0.7568359375,-0.18310546875,0.9521484375,-0.06103515625,0.32958984375,0.1708984375,-0.23193359375,-0.0732421875,-0.78125,-0.28076171875,-0.40283203125,0.18310546875,-0.67138671875,-0.08544921875,0.390625,0.10986328125,0.390625,0.01220703125,0.28076171875,-0.45166015625,1.59912109375,0.341796875,1.171875,-0.4638671875,0.4638671875,0.52490234375,-0.08544921875,-0.48828125,0.72021484375,-0.2685546875,0.79345703125,0.341796875,0.45166015625,0.048828125,0.42724609375,-0.01220703125,0.1708984375,0.1953125,0.3173828125,-0.09765625,1.06201171875,-0.0732421875,0.2197265625,-0.244140625,0.23193359375,0,0.57373046875,-0.048828125,1.07421875,0.13427734375,0,0.146484375,1.47705078125,0.23193359375,-0.9033203125,-0.2197265625,-0.1708984375,0.03662109375,-0.927734375,-0.2197265625,-0.6591796875,-0.048828125,-1.40380859375,0.048828125,-0.15869140625,-0.01220703125,-0.244140625,-0.0244140625,-1.15966796875,-0.18310546875,-0.7568359375,0.01220703125,-0.68359375,-0.09765625,-0.69580078125,0.32958984375,-0.08544921875,0.08544921875,-0.64697265625,0.08544921875,-1.416015625,-0.0732421875,-0.98876953125,-0.06103515625,0.45166015625,-0.03662109375,-0.0732421875,-0.03662109375,-0.47607421875,-0.08544921875,-0.3662109375,-0.13427734375,-0.4638671875,-0.15869140625,0.048828125,-0.15869140625,0.9033203125,-0.0244140625,-0.42724609375,0.25634765625,-0.48828125
0,-0.13427734375,-0.48828125,-0.0244140625,-0.48828125,-0.0244140625,-0.537109375,-0.10986328125,-0.30517578125,0.08544921875,0.42724609375,-0.1220703125,0.146484375,-0.1220703125,1.62353515625,-0.13427734375,0.52490234375,-0.732421875,-0.5615234375,0.634765625,-0.18310546875,0.08544921875,0.86669921875,-0.146484375,-0.67138671875,0.2685546875,-0.1220703125,-0.10986328125,-0.7568359375,-0.2197265625,0.93994140625,-0.06103515625,0.341796875,0.18310546875,-0.23193359375,-0.0732421875,-0.78125,-0.29296875,-0.42724609375,0.20751953125,-0.64697265625,-0.0732421875,0.28076171875,0.09765625,0.03662109375,0.0244140625,0.13427734375,-0.439453125,1.4404296875,0.390625,1.171875,-0.45166015625,0.45166015625,0.52490234375,-0.06103515625,-0.48828125,0.7080078125,-0.23193359375,0.7568359375,0.3173828125,0.439453125,0.03662109375,0.42724609375,-0.0244140625,0.15869140625,0.1953125,0.3173828125,-0.1220703125,1.08642578125,-0.08544921875,0.2197265625,-0.244140625,0.25634765625,0,0.42724609375,-0.048828125,0.9521484375,0.146484375,-0.0732421875,0.10986328125,1.4892578125,0.29296875,-0.87890625,-0.2197265625,-0.09765625,0.0244140625,-0.927734375,-0.2197265625,-0.634765625,-0.03662109375,-1.40380859375,0.048828125,-0.1708984375,0,-0.2197265625,-0.03662109375,-1.18408203125,-0.18310546875,-0.7568359375,0,-0.67138671875,-0.0732421875,-0.68359375,0.32958984375,-0.09765625,0.10986328125,-0.64697265625,0.06103515625,-1.40380859375,-0.09765625,-0.98876953125,-0.0732421875,0.439453125,-0.048828125,-0.06103515625,-0.03662109375,-0.50048828125,-0.06103515625,-0.3662109375,-0.15869140625,-0.439453125,-0.13427734375,0.048828125,-0.15869140625,0.927734375,0.03662109375,-0.42724609375,0.23193359375,-0.47607421875
0,-0.10986328125,-0.48828125,-0.0244140625,-0.47607421875,-0.01220703125,-0.5615234375,-0.09765625,-0.3173828125,0.08544921875,-0.18310546875,-0.1220703125,-0.74462890625,-0.08544921875,1.06201171875,-0.146484375,-0.18310546875,-0.7080078125,-0.634765625,0.64697265625,-0.20751953125,0.03662109375,0.86669921875,-0.146484375,-0.6591796875,0.28076171875,-0.10986328125,-0.09765625,-0.7568359375,-0.2685546875,0.9521484375,-0.0732421875,0.3173828125,0.15869140625,-0.2197265625,-0.0732421875,-0.76904296875,-0.28076171875,-0.42724609375,0.23193359375,-0.64697265625,-0.09765625,0.25634765625,0.09765625,-0.1220703125,0.03662109375,0.09765625,-0.4638671875,1.3427734375,0.45166015625,1.171875,-0.439453125,0.4638671875,0.537109375,-0.06103515625,-0.47607421875,0.74462890625,-0.18310546875,0.76904296875,0.32958984375,0.439453125,0.048828125,0.439453125,-0.01220703125,0.18310546875,0.1953125,0.25634765625,-0.146484375,1.0498046875,-0.08544921875,0.23193359375,-0.23193359375,0.2685546875,0.0244140625,0.29296875,-0.0244140625,0.9033203125,0.1220703125,-0.15869140625,0.09765625,1.5380859375,0.35400390625,-0.87890625,-0.20751953125,-0.048828125,0.03662109375,-0.93994140625,-0.20751953125,-0.6103515625,-0.048828125,-1.416015625,0.0244140625,-0.18310546875,0,-0.20751953125,-0.0244140625,-1.1962890625,-0.1953125,-0.76904296875,-0.01220703125,-0.68359375,-0.0732421875,-0.68359375,0.32958984375,-0.08544921875,0.09765625,-0.67138671875,0.0732421875,-1.40380859375,-0.1220703125,-0.9765625,-0.08544921875,0.4638671875,-0.048828125,-0.06103515625,-0.0244140625,-0.50048828125,-0.0732421875,-0.341796875,-0.15869140625,-0.45166015625,-0.1220703125,0.03662109375,-0.13427734375,0.96435546875,0.048828125,-0.42724609375,0.1953125,-0.45166015625
0,-0.1220703125,-0.47607421875,-0.048828125,-0.48828125,0.01220703125,-0.57373046875,-0.10986328125,-0.3173828125,0.0732421875,-0.732421875,-0.10986328125,-1.5380859375,-0.06103515625,0.57373046875,-0.13427734375,-0.830078125,-0.69580078125,-0.69580078125,0.6103515625,-0.1953125,0.0244140625,0.8544921875,-0.15869140625,-0.64697265625,0.25634765625,-0.13427734375,-0.0732421875,-0.74462890625,-0.2685546875,0.98876953125,-0.0732421875,0.29296875,0.146484375,-0.23193359375,-0.0732421875,-0.78125,-0.28076171875,-0.4150390625,0.244140625,-0.67138671875,-0.1220703125,0.30517578125,0.10986328125,-0.06103515625,0.03662109375,0.1220703125,-0.4638671875,1.37939453125,0.5126953125,1.20849609375,-0.42724609375,0.47607421875,0.537109375,-0.0732421875,-0.4638671875,0.7568359375,-0.146484375,0.74462890625,0.32958984375,0.42724609375,0.048828125,0.42724609375,0.01220703125,0.15869140625,0.18310546875,0.244140625,-0.1708984375,1.07421875,-0.09765625,0.23193359375,-0.244140625,0.25634765625,0.03662109375,0.28076171875,-0.01220703125,0.9033203125,0.1220703125,-0.1708984375,-0.048828125,1.6845703125,0.439453125,-0.9033203125,-0.20751953125,-0.0244140625,0.048828125,-0.9521484375,-0.20751953125,-0.6103515625,-0.048828125,-1.416015625,0.01220703125,-0.20751953125,0,-0.23193359375,-0.01220703125,-1.171875,-0.2197265625,-0.76904296875,-0.0244140625,-0.67138671875,-0.06103515625,-0.67138671875,0.32958984375,-0.08544921875,0.09765625,-0.68359375,0.048828125,-1.37939453125,-0.13427734375,-0.9765625,-0.08544921875,0.4638671875,-0.06103515625,-0.0732421875,-0.01220703125,-0.5126953125,-0.08544921875,-0.32958984375,-0.1708984375,-0.47607421875,-0.1220703125,0,-0.1220703125,0.93994140625,0.048828125,-0.439453125,0.1953125,-0.42724609375
0,-0.10986328125,-0.47607421875,-0.048828125,-0.47607421875,0.01220703125,-0.54931640625,-0.1220703125,-0.3173828125,0.08544921875,-1.15966796875,-0.1220703125,-2.23388671875,-0.0732421875,0.13427734375,-0.146484375,-1.3671875,-0.6591796875,-0.7568359375,0.59814453125,-0.1953125,0.01220703125,0.830078125,-0.146484375,-0.64697265625,0.25634765625,-0.1220703125,-0.0732421875,-0.732421875,-0.2685546875,0.9765625,-0.048828125,0.30517578125,0.13427734375,-0.244140625,-0.048828125,-0.78125,-0.28076171875,-0.42724609375,0.25634765625,-0.69580078125,-0.09765625,0.47607421875,0.18310546875,0.3173828125,0.06103515625,0.2685546875,-0.42724609375,1.62353515625,0.54931640625,1.1962890625,-0.390625,0.48828125,0.5615234375,-0.1220703125,-0.439453125,0.74462890625,-0.13427734375,0.7080078125,0.30517578125,0.42724609375,0.048828125,0.4150390625,0.03662109375,0.1708984375,0.18310546875,0.2197265625,-0.1953125,1.07421875,-0.13427734375,0.244140625,-0.2197265625,0.244140625,0.0244140625,0.341796875,-0.0244140625,0.9765625,0.10986328125,-0.09765625,-0.1708984375,1.89208984375,0.42724609375,-0.9521484375,-0.1953125,-0.06103515625,0.048828125,-0.9765625,-0.18310546875,-0.62255859375,-0.06103515625,-1.4404296875,0.0244140625,-0.20751953125,0.01220703125,-0.23193359375,-0.0244140625,-1.18408203125,-0.244140625,-0.76904296875,-0.0244140625,-0.6591796875,-0.06103515625,-0.6591796875,0.341796875,-0.08544921875,0.10986328125,-0.69580078125,0.0244140625,-1.3916015625,-0.15869140625,-0.9765625,-0.0732421875,0.4638671875,-0.06103515625,-0.09765625,0,-0.5126953125,-0.0732421875,-0.3662109375,-0.1953125,-0.50048828125,-0.10986328125,0.01220703125,-0.1220703125,0.91552734375,0.06103515625,-0.4638671875,0.20751953125,-0.42724609375
0,-0.09765625,-0.47607421875,-0.048828125,-0.47607421875,0.01220703125,-0.54931640625,-0.10986328125,-0.3173828125,0.01220703125,-1.47705078125,-0.20751953125,-2.67333984375,-0.10986328125,-0.13427734375,-0.1953125,-1.72119140625,-0.6591796875,-0.78125,0.59814453125,-0.1953125,0,0.84228515625,-0.146484375,-0.6591796875,0.244140625,-0.1220703125,-0.09765625,-0.732421875,-0.2685546875,0.9765625,-0.03662109375,0.29296875,0.146484375,-0.244140625,-0.0244140625,-0.78125,-0.29296875,-0.42724609375,0.29296875,-0.7080078125,-0.1220703125,0.84228515625,0.06103515625,1.025390625,0.048828125,0.537109375,-0.439453125,1.98974609375,0.6103515625,1.1962890625,-0.3662109375,0.50048828125,0.54931640625,-0.13427734375,-0.42724609375,0.732421875,-0.1220703125,0.69580078125,0.30517578125,0.42724609375,0.048828125,0.42724609375,0.048828125,0.18310546875,0.18310546875,0.20751953125,-0.2197265625,1.07421875,-0.146484375,0.25634765625,-0.1953125,0.25634765625,0.0244140625,0.537109375,-0.01220703125,1.0986328125,0.09765625,0.06103515625,-0.23193359375,2.25830078125,0.341796875,-0.98876953125,-0.18310546875,-0.09765625,0.048828125,-0.96435546875,-0.1953125,-0.634765625,-0.06103515625,-1.4404296875,0.0244140625,-0.23193359375,0.01220703125,-0.2685546875,-0.0244140625,-1.18408203125,-0.25634765625,-0.7568359375,-0.0244140625,-0.67138671875,-0.048828125,-0.64697265625,0.341796875,-0.08544921875,0.09765625,-0.7080078125,0.01220703125,-1.3916015625,-0.20751953125,-0.9765625,-0.0732421875,0.45166015625,-0.06103515625,-0.1220703125,0.01220703125,-0.537109375,-0.0732421875,-0.40283203125,-0.18310546875,-0.54931640625,-0.09765625,-0.01220703125,-0.09765625,0.89111328125,0.06103515625,-0.4638671875,0.20751953125,-0.42724609375
0,-0.10986328125,-0.47607421875,-0.0732421875,-0.48828125,0.0244140625,-0.5615234375,-0.10986328125,-0.3173828125,0.048828125,-1.611328125,-0.1953125,-2.84423828125,-0.0732421875,-0.25634765625,-0.1708984375,-1.8798828125,-0.62255859375,-0.78125,0.5615234375,-0.1953125,-0.01220703125,0.830078125,-0.146484375,-0.64697265625,0.23193359375,-0.1220703125,-0.1220703125,-0.72021484375,-0.2685546875,0.98876953125,0,0.28076171875,0.146484375,-0.244140625,-0.01220703125,-0.8056640625,-0.30517578125,-0.42724609375,0.30517578125,-0.7080078125,-0.146484375,1.2939453125,0.09765625,2.06298828125,0.06103515625,0.927734375,-0.42724609375,2.57568359375,0.64697265625,1.18408203125,-0.35400390625,0.50048828125,0.52490234375,-0.15869140625,-0.439453125,0.732421875,-0.09765625,0.69580078125,0.29296875,0.42724609375,0.0244140625,0.45166015625,0.0732421875,0.1708984375,0.146484375,0.20751953125,-0.2197265625,1.08642578125,-0.1708984375,0.25634765625,-0.2197265625,0.2197265625,-0.01220703125,0.86669921875,-0.0244140625,1.30615234375,0.09765625,0.30517578125,-0.1953125,2.79541015625,0.37841796875,-1.025390625,-0.1708984375,-0.146484375,0.048828125,-0.9765625,-0.18310546875,-0.67138671875,-0.06103515625,-1.45263671875,0.03662109375,-0.20751953125,0.03662109375,-0.28076171875,0,-1.18408203125,-0.2685546875,-0.7568359375,-0.01220703125,-0.67138671875,-0.06103515625,-0.64697265625,0.35400390625,-0.06103515625,0.1220703125,-0.7080078125,0.01220703125,-1.3671875,-0.23193359375,-0.96435546875,-0.0732421875,0.439453125,-0.06103515625,-0.15869140625,0.03662109375,-0.537109375,-0.0732421875,-0.439453125,-0.18310546875,-0.5859375,-0.10986328125,0.01220703125,-0.08544921875,0.87890625,0.0732421875,-0.47607421875,0.18310546875,-0.439453125
0,-0.08544921875,-0.47607421875,-0.0732421875,-0.48828125,0.03662109375,-0.57373046875,-0.09765625,-0.3173828125,0.06103515625,-1.5625,-0.13427734375,-2.7587890625,-0.06103515625,-0.1953125,-0.1708984375,-1.806640625,-0.62255859375,-0.732421875,0.537109375,-0.18310546875,-0.0244140625,0.79345703125,-0.13427734375,-0.6591796875,0.20751953125,-0.10986328125,-0.1708984375,-0.732421875,-0.29296875,0.98876953125,0,0.29296875,0.15869140625,-0.2685546875,-0.01220703125,-0.8056640625,-0.3173828125,-0.4150390625,0.32958984375,-0.69580078125,-0.13427734375,1.84326171875,0.06103515625,3.3447265625,0.08544921875,1.3916015625,-0.40283203125,3.2958984375,0.69580078125,1.18408203125,-0.3173828125,0.48828125,0.48828125,-0.15869140625,-0.439453125,0.732421875,-0.09765625,0.72021484375,0.28076171875,0.439453125,0,0.47607421875,0.1220703125,0.1708984375,0.146484375,0.23193359375,-0.2197265625,1.08642578125,-0.18310546875,0.2685546875,-0.18310546875,0.23193359375,-0.03662109375,1.25732421875,-0.03662109375,1.5625,0.09765625,0.59814453125,-0.28076171875,3.50341796875,0.390625,-0.96435546875,-0.18310546875,-0.2197265625,0.048828125,-0.9765625,-0.1708984375,-0.69580078125,-0.048828125,-1.4404296875,0.03662109375,-0.1953125,0.03662109375,-0.30517578125,0,-1.18408203125,-0.244140625,-0.7568359375,0,-0.6591796875,-0.0732421875,-0.64697265625,0.341796875,-0.0732421875,0.10986328125,-0.69580078125,0.01220703125,-1.37939453125,-0.25634765625,-0.96435546875,-0.0732421875,0.45166015625,-0.08544921875,-0.15869140625,0.03662109375,-0.52490234375,-0.0732421875,-0.47607421875,-0.18310546875,-0.62255859375,-0.09765625,0.0244140625,-0.08544921875,0.830078125,0.0732421875,-0.47607421875,0.1953125,-0.4638671875
0,-0.08544921875,-0.48828125,-0.0732421875,-0.50048828125,0.048828125,-0.5615234375,-0.10986328125,-0.3173828125,0.06103515625,-1.33056640625,-0.1220703125,-2.42919921875,-0.048828125,0.0244140625,-0.1220703125,-1.55029296875,-0.59814453125,-0.69580078125,0.4638671875,-0.20751953125,-0.06103515625,0.79345703125,-0.1220703125,-0.67138671875,0.23193359375,-0.08544921875,-0.1708984375,-0.7080078125,-0.30517578125,1.0009765625,-0.01220703125,0.25634765625,0.146484375,-0.2685546875,-0.0244140625,-0.79345703125,-0.29296875,-0.37841796875,0.341796875,-0.7080078125,-0.15869140625,2.4658203125,0.08544921875,4.72412109375,0.1220703125,1.89208984375,-0.3662109375,4.0771484375,0.732421875,1.171875,-0.28076171875,0.47607421875,0.439453125,-0.146484375,-0.439453125,0.72021484375,-0.1220703125,0.7568359375,0.28076171875,0.439453125,-0.0244140625,0.48828125,0.13427734375,0.18310546875,0.1220703125,0.2685546875,-0.244140625,1.0986328125,-0.18310546875,0.28076171875,-0.18310546875,0.244140625,-0.048828125,1.69677734375,-0.03662109375,1.81884765625,0.10986328125,0.927734375,-0.1953125,4.33349609375,0.42724609375,-0.81787109375,-0.15869140625,-0.1953125,0.048828125,-0.96435546875,-0.146484375,-0.68359375,-0.048828125,-1.4404296875,0.03662109375,-0.20751953125,0.03662109375,-0.29296875,0,-1.18408203125,-0.244140625,-0.7568359375,0.0244140625,-0.68359375,-0.0732421875,-0.64697265625,0.341796875,-0.0732421875,0.1220703125,-0.68359375,-0.01220703125,-1.37939453125,-0.25634765625,-0.93994140625,-0.048828125,0.439453125,-0.06103515625,-0.15869140625,0.03662109375,-0.537109375,-0.0732421875,-0.50048828125,-0.18310546875,-0.62255859375,-0.09765625,0.048828125,-0.06103515625,0.8056640625,0.06103515625,-0.48828125,0.18310546875,-0.47607421875
0,-0.0732421875,-0.48828125,-0.0732421875,-0.48828125,0.06103515625,-0.57373046875,-0.1220703125,-0.3173828125,0.048828125,-0.98876953125,-0.10986328125,-1.91650390625,-0.03662109375,0.341796875,-0.09765625,-1.15966796875,-0.5615234375,-0.6591796875,0.40283203125,-0.1953125,-0.06103515625,0.8056640625,-0.13427734375,-0.6591796875,0.23193359375,-0.09765625,-0.18310546875,-0.732421875,-0.29296875,0.98876953125,0.01220703125,0.29296875,0.146484375,-0.28076171875,-0.01220703125,-0.81787109375,-0.30517578125,-0.35400390625,0.341796875,-0.69580078125,-0.1708984375,3.076171875,0.0244140625,6.0791015625,0.1220703125,2.392578125,-0.35400390625,4.8583984375,0.732421875,1.13525390625,-0.244140625,0.48828125,0.40283203125,-0.10986328125,-0.4150390625,0.732421875,-0.1220703125,0.74462890625,0.2685546875,0.45166015625,-0.048828125,0.50048828125,0.18310546875,0.1953125,0.1220703125,0.29296875,-0.244140625,1.07421875,-0.20751953125,0.2685546875,-0.1708984375,0.23193359375,-0.03662109375,2.11181640625,-0.03662109375,2.11181640625,0.1220703125,1.26953125,-0.1953125,5.26123046875,0.390625,-0.5126953125,-0.146484375,-0.13427734375,0.0244140625,-0.89111328125,-0.13427734375,-0.634765625,-0.0244140625,-1.42822265625,0.048828125,-0.18310546875,0.03662109375,-0.2685546875,0.01220703125,-1.18408203125,-0.244140625,-0.74462890625,0.0244140625,-0.68359375,-0.0732421875,-0.67138671875,0.32958984375,-0.0732421875,0.09765625,-0.68359375,0.0244140625,-1.3671875,-0.2685546875,-0.9765625,-0.048828125,0.439453125,-0.0732421875,-0.15869140625,0.048828125,-0.5126953125,-0.0732421875,-0.52490234375,-0.1708984375,-0.62255859375,-0.08544921875,0.048828125,-0.03662109375,0.78125,0.0732421875,-0.50048828125,0.1708984375,-0.50048828125
0,-0.06103515625,-0.48828125,-0.0732421875,-0.47607421875,0.08544921875,-0.537109375,-0.13427734375,-0.29296875,0.06103515625,-0.62255859375,-0.09765625,-1.3427734375,-0.048828125,0.68359375,-0.09765625,-0.7080078125,-0.54931640625,-0.62255859375,0.341796875,-0.20751953125,-0.06103515625,0.830078125,-0.13427734375,-0.67138671875,0.244140625,-0.08544921875,-0.1953125,-0.72021484375,-0.2685546875,0.9765625,-0.01220703125,0.28076171875,0.1708984375,-0.29296875,-0.03662109375,-0.79345703125,-0.3173828125,-0.3662109375,0.341796875,-0.7080078125,-0.15869140625,3.57666015625,-0.03662109375,7.2265625,0.146484375,2.83203125,-0.341796875,5.50537109375,0.732421875,1.171875,-0.244140625,0.4638671875,0.341796875,-0.09765625,-0.4150390625,0.732421875,-0.1220703125,0.78125,0.2685546875,0.4638671875,-0.0732421875,0.50048828125,0.20751953125,0.1708984375,0.09765625,0.30517578125,-0.23193359375,1.07421875,-0.1953125,0.25634765625,-0.146484375,0.23193359375,-0.03662109375,2.5146484375,-0.0244140625,2.35595703125,0.146484375,1.55029296875,-0.20751953125,6.18896484375,0.3662109375,-0.09765625,-0.15869140625,-0.0244140625,0.03662109375,-0.830078125,-0.10986328125,-0.537109375,-0.03662109375,-1.40380859375,0.06103515625,-0.1708984375,0.03662109375,-0.25634765625,0.01220703125,-1.15966796875,-0.244140625,-0.7568359375,0.048828125,-0.6591796875,-0.09765625,-0.7080078125,0.30517578125,-0.09765625,0.09765625,-0.67138671875,0.03662109375,-1.37939453125,-0.2685546875,-0.9765625,-0.048828125,0.439453125,-0.0732421875,-0.13427734375,0.048828125,-0.50048828125,-0.0732421875,-0.5126953125,-0.146484375,-0.57373046875,-0.09765625,0.0732421875,-0.06103515625,0.76904296875,0.06103515625,-0.52490234375,0.1708984375,-0.52490234375
0,-0.0732421875,-0.48828125,-0.0732421875,-0.4638671875,0.09765625,-0.54931640625,-0.13427734375,-0.3173828125,0.048828125,-0.30517578125,-0.08544921875,-0.8544921875,-0.03662109375,1.01318359375,-0.08544921875,-0.3173828125,-0.52490234375,-0.6103515625,0.28076171875,-0.2197265625,-0.06103515625,0.8056640625,-0.15869140625,-0.7080078125,0.244140625,-0.09765625,-0.1953125,-0.74462890625,-0.244140625,0.96435546875,0,0.30517578125,0.15869140625,-0.2685546875,-0.048828125,-0.79345703125,-0.32958984375,-0.3662109375,0.32958984375,-0.69580078125,-0.15869140625,3.94287109375,-0.048828125,8.06884765625,0.15869140625,3.173828125,-0.30517578125,6.005859375,0.76904296875,1.1474609375,-0.20751953125,0.47607421875,0.29296875,-0.10986328125,-0.4150390625,0.72021484375,-0.1708984375,0.78125,0.25634765625,0.4638671875,-0.08544921875,0.48828125,0.23193359375,0.1708984375,0.0732421875,0.30517578125,-0.2197265625,1.08642578125,-0.20751953125,0.244140625,-0.13427734375,0.2197265625,-0.06103515625,2.77099609375,-0.048828125,2.55126953125,0.13427734375,1.7822265625,-0.28076171875,7.080078125,0.244140625,0.48828125,-0.1220703125,0.1953125,0.06103515625,-0.69580078125,-0.0732421875,-0.3662109375,-0.01220703125,-1.40380859375,0.0732421875,-0.15869140625,0.048828125,-0.244140625,0.0244140625,-1.15966796875,-0.2197265625,-0.76904296875,0.048828125,-0.67138671875,-0.06103515625,-0.69580078125,0.30517578125,-0.08544921875,0.10986328125,-0.6591796875,0.03662109375,-1.3916015625,-0.28076171875,-0.96435546875,-0.06103515625,0.42724609375,-0.048828125,-0.1220703125,0.048828125,-0.48828125,-0.0732421875,-0.47607421875,-0.13427734375,-0.52490234375,-0.0732421875,0.03662109375,-0.048828125,0.78125,0.03662109375,-0.5126953125,0.1220703125,-0.537109375
0,-0.06103515625,-0.47607421875,-0.06103515625,-0.47607421875,0.10986328125,-0.537109375,-0.13427734375,-0.30517578125,0.0732421875,-0.06103515625,-0.048828125,-0.50048828125,-0.0244140625,1.2451171875,-0.03662109375,-0.0244140625,-0.4638671875,-0.6103515625,0.2197265625,-0.20751953125,-0.06103515625,0.830078125,-0.18310546875,-0.7080078125,0.23193359375,-0.10986328125,-0.20751953125,-0.7568359375,-0.20751953125,0.96435546875,-0.0244140625,0.30517578125,0.18310546875,-0.2685546875,-0.06103515625,-0.76904296875,-0.32958984375,-0.3662109375,0.32958984375,-0.67138671875,-0.146484375,4.13818359375,-0.08544921875,8.5205078125,0.1708984375,3.3447265625,-0.2685546875,6.2744140625,0.72021484375,1.15966796875,-0.23193359375,0.47607421875,0.25634765625,-0.10986328125,-0.4150390625,0.732421875,-0.1708984375,0.7568359375,0.244140625,0.45166015625,-0.1220703125,0.47607421875,0.23193359375,0.146484375,0.048828125,0.32958984375,-0.1953125,1.07421875,-0.20751953125,0.244140625,-0.146484375,0.2197265625,-0.06103515625,3.0029296875,-0.03662109375,2.67333984375,0.146484375,1.953125,-0.35400390625,7.87353515625,0.146484375,1.20849609375,-0.13427734375,0.52490234375,0.048828125,-0.50048828125,-0.08544921875,-0.1708984375,0,-1.40380859375,0.0732421875,-0.18310546875,0.03662109375,-0.244140625,0.01220703125,-1.171875,-0.23193359375,-0.76904296875,0.0732421875,-0.67138671875,-0.048828125,-0.69580078125,0.28076171875,-0.09765625,0.1220703125,-0.64697265625,0.03662109375,-1.40380859375,-0.28076171875,-0.9765625,-0.048828125,0.42724609375,-0.06103515625,-0.10986328125,0.03662109375,-0.439453125,-0.0732421875,-0.4638671875,-0.1220703125,-0.4638671875,-0.08544921875,0.0244140625,-0.03662109375,0.79345703125,0.03662109375,-0.50048828125,0.1220703125,-0.54931640625
0,-0.03662109375,-0.47607421875,-0.06103515625,-0.50048828125,0.10986328125,-0.537109375,-0.1220703125,-0.341796875,0.03662109375,0.03662109375,-0.03662109375,-0.3662109375,-0.0732421875,1.3427734375,-0.0732421875,0.08544921875,-0.439453125,-0.6103515625,0.1953125,-0.23193359375,-0.06103515625,0.830078125,-0.20751953125,-0.7080078125,0.244140625,-0.1220703125,-0.2197265625,-0.76904296875,-0.18310546875,0.96435546875,-0.03662109375,0.29296875,0.18310546875,-0.2685546875,-0.06103515625,-0.7568359375,-0.35400390625,-0.4150390625,0.32958984375,-0.69580078125,-0.146484375,4.13818359375,-0.0732421875,8.544921875,0.20751953125,3.369140625,-0.244140625,6.298828125,0.72021484375,1.171875,-0.2197265625,0.4638671875,0.20751953125,-0.10986328125,-0.42724609375,0.732421875,-0.18310546875,0.74462890625,0.20751953125,0.42724609375,-0.15869140625,0.48828125,0.23193359375,0.146484375,0.048828125,0.35400390625,-0.20751953125,1.0986328125,-0.1953125,0.2197265625,-0.13427734375,0.23193359375,-0.0732421875,3.08837890625,-0.048828125,2.74658203125,0.146484375,2.05078125,-0.35400390625,8.43505859375,0.1953125,2.06298828125,-0.15869140625,0.9033203125,0.01220703125,-0.29296875,-0.08544921875,0.09765625,0,-1.42822265625,0.0732421875,-0.1953125,0.048828125,-0.2197265625,0.03662109375,-1.171875,-0.244140625,-0.78125,0.0732421875,-0.6591796875,-0.03662109375,-0.69580078125,0.25634765625,-0.10986328125,0.1220703125,-0.64697265625,0.03662109375,-1.40380859375,-0.25634765625,-0.9765625,-0.06103515625,0.439453125,-0.048828125,-0.1220703125,0.0244140625,-0.45166015625,-0.06103515625,-0.439453125,-0.10986328125,-0.439453125,-0.0732421875,0.01220703125,-0.06103515625,0.830078125,0.048828125,-0.50048828125,0.08544921875,-0.52490234375
0,-0.0244140625,-0.48828125,-0.0732421875,-0.5126953125,0.13427734375,-0.54931640625,-0.146484375,-0.341796875,0.048828125,0.01220703125,0,-0.45166015625,-0.06103515625,1.2939453125,-0.0732421875,0.0732421875,-0.37841796875,-0.62255859375,0.146484375,-0.20751953125,-0.06103515625,0.81787109375,-0.23193359375,-0.69580078125,0.244140625,-0.1220703125,-0.1953125,-0.7568359375,-0.15869140625,0.9765625,-0.06103515625,0.29296875,0.18310546875,-0.28076171875,-0.0732421875,-0.7568359375,-0.35400390625,-0.4150390625,0.3173828125,-0.68359375,-0.13427734375,3.94287109375,-0.0732421875,8.203125,0.2197265625,3.2470703125,-0.2197265625,6.09130859375,0.72021484375,1.18408203125,-0.2197265625,0.4638671875,0.1220703125,-0.1220703125,-0.390625,0.74462890625,-0.2197265625,0.72021484375,0.1953125,0.42724609375,-0.1708984375,0.48828125,0.244140625,0.146484375,0.048828125,0.32958984375,-0.1953125,1.08642578125,-0.1953125,0.23193359375,-0.13427734375,0.23193359375,-0.048828125,3.06396484375,-0.06103515625,2.7587890625,0.1220703125,2.05078125,-0.29296875,8.72802734375,0.15869140625,3.0029296875,-0.13427734375,1.37939453125,0.0244140625,-0.03662109375,-0.08544921875,0.390625,0,-1.45263671875,0.048828125,-0.23193359375,0.03662109375,-0.244140625,0.0244140625,-1.1962890625,-0.244140625,-0.78125,0.0732421875,-0.634765625,-0.048828125,-0.67138671875,0.20751953125,-0.10986328125,0.1220703125,-0.6591796875,0.0244140625,-1.42822265625,-0.25634765625,-0.9765625,-0.09765625,0.42724609375,-0.03662109375,-0.10986328125,0.01220703125,-0.47607421875,-0.0732421875,-0.390625,-0.08544921875,-0.42724609375,-0.0732421875,0.0244140625,-0.048828125,0.8544921875,0.0244140625,-0.50048828125,0.0732421875,-0.48828125
0,-0.0244140625,-0.45166015625,-0.06103515625,-0.52490234375,0.1220703125,-0.5615234375,-0.13427734375,-0.35400390625,0.0732421875,-0.146484375,-0.0244140625,-0.69580078125,-0.048828125,1.1474609375,-0.0244140625,-0.10986328125,-0.35400390625,-0.62255859375,0.1220703125,-0.23193359375,-0.06103515625,0.8056640625,-0.25634765625,-0.69580078125,0.244140625,-0.1220703125,-0.15869140625,-0.7568359375,-0.1220703125,0.9521484375,-0.048828125,0.29296875,0.1708984375,-0.25634765625,-0.08544921875,-0.78125,-0.35400390625,-0.439453125,0.30517578125,-0.69580078125,-0.146484375,3.60107421875,-0.09765625,7.53173828125,0.2197265625,2.99072265625,-0.18310546875,5.6884765625,0.69580078125,1.1962890625,-0.23193359375,0.47607421875,0.08544921875,-0.1708984375,-0.37841796875,0.74462890625,-0.2197265625,0.69580078125,0.1708984375,0.4150390625,-0.1953125,0.47607421875,0.244140625,0.13427734375,0.048828125,0.32958984375,-0.20751953125,1.0986328125,-0.1708984375,0.23193359375,-0.10986328125,0.244140625,-0.03662109375,2.9541015625,-0.06103515625,2.685546875,0.1220703125,1.9775390625,-0.42724609375,8.740234375,0.244140625,3.955078125,-0.13427734375,1.81884765625,0,0.23193359375,-0.08544921875,0.7080078125,0,-1.46484375,0.048828125,-0.2197265625,0.0244140625,-0.2685546875,0.0244140625,-1.20849609375,-0.2685546875,-0.79345703125,0.09765625,-0.6591796875,-0.06103515625,-0.67138671875,0.1953125,-0.08544921875,0.10986328125,-0.64697265625,0.0244140625,-1.40380859375,-0.244140625,-1.0009765625,-0.09765625,0.42724609375,-0.048828125,-0.10986328125,0.01220703125,-0.48828125,-0.06103515625,-0.3662109375,-0.08544921875,-0.4638671875,-0.08544921875,0.03662109375,-0.06103515625,0.84228515625,0.01220703125,-0.4638671875,0.06103515625,-0.4638671875
0,-0.01220703125,-0.48828125,-0.06103515625,-0.50048828125,0.10986328125,-0.54931640625,-0.13427734375,-0.341796875,0.06103515625,-0.35400390625,0.01220703125,-1.07421875,-0.0732421875,0.927734375,-0.0244140625,-0.341796875,-0.30517578125,-0.634765625,0.09765625,-0.23193359375,-0.048828125,0.78125,-0.2685546875,-0.69580078125,0.2197265625,-0.13427734375,-0.1220703125,-0.7568359375,-0.08544921875,0.9521484375,-0.06103515625,0.28076171875,0.146484375,-0.25634765625,-0.1220703125,-0.76904296875,-0.341796875,-0.45166015625,0.30517578125,-0.69580078125,-0.146484375,3.13720703125,-0.06103515625,6.62841796875,0.244140625,2.6123046875,-0.13427734375,5.11474609375,0.69580078125,1.1962890625,-0.244140625,0.4638671875,0.06103515625,-0.1708984375,-0.3662109375,0.74462890625,-0.244140625,0.68359375,0.146484375,0.439453125,-0.1953125,0.48828125,0.2197265625,0.15869140625,0.03662109375,0.3173828125,-0.18310546875,1.08642578125,-0.15869140625,0.244140625,-0.1220703125,0.25634765625,-0.03662109375,2.77099609375,-0.0732421875,2.64892578125,0.10986328125,1.84326171875,-0.5126953125,8.447265625,0.3173828125,4.87060546875,-0.1220703125,2.2705078125,0.01220703125,0.50048828125,-0.08544921875,1.01318359375,0,-1.4892578125,0.048828125,-0.23193359375,0.0244140625,-0.2685546875,0.0244140625,-1.20849609375,-0.29296875,-0.79345703125,0.08544921875,-0.67138671875,-0.03662109375,-0.6591796875,0.18310546875,-0.08544921875,0.10986328125,-0.6591796875,0.03662109375,-1.3916015625,-0.244140625,-1.0009765625,-0.1220703125,0.42724609375,-0.03662109375,-0.13427734375,0,-0.5126953125,-0.0732421875,-0.3662109375,-0.0732421875,-0.48828125,-0.09765625,0.0244140625,-0.048828125,0.87890625,0.0244140625,-0.45166015625,0.06103515625,-0.45166015625
0,0,-0.48828125,-0.06103515625,-0.50048828125,0.1220703125,-0.54931640625,-0.13427734375,-0.35400390625,0.01220703125,-0.5615234375,-0.13427734375,-1.45263671875,-0.13427734375,0.7080078125,-0.08544921875,-0.6103515625,-0.2685546875,-0.634765625,0.0732421875,-0.2197265625,-0.0244140625,0.79345703125,-0.29296875,-0.67138671875,0.18310546875,-0.13427734375,-0.10986328125,-0.732421875,-0.01220703125,0.9521484375,-0.06103515625,0.29296875,0.146484375,-0.28076171875,-0.1220703125,-0.78125,-0.341796875,-0.439453125,0.30517578125,-0.68359375,-0.146484375,2.6123046875,-0.08544921875,5.57861328125,0.244140625,2.1240234375,-0.09765625,4.47998046875,0.7080078125,1.220703125,-0.25634765625,0.47607421875,0.03662109375,-0.1953125,-0.35400390625,0.732421875,-0.25634765625,0.67138671875,0.13427734375,0.42724609375,-0.20751953125,0.4638671875,0.2197265625,0.15869140625,0.048828125,0.25634765625,-0.1708984375,1.07421875,-0.15869140625,0.244140625,-0.10986328125,0.25634765625,-0.03662109375,2.52685546875,-0.0732421875,2.50244140625,0.08544921875,1.67236328125,-0.537109375,7.92236328125,0.341796875,5.65185546875,-0.1220703125,2.62451171875,0.03662109375,0.72021484375,-0.08544921875,1.26953125,-0.01220703125,-1.47705078125,0.03662109375,-0.23193359375,0.03662109375,-0.2685546875,0.03662109375,-1.1962890625,-0.29296875,-0.79345703125,0.10986328125,-0.6591796875,-0.0244140625,-0.634765625,0.15869140625,-0.0732421875,0.1220703125,-0.67138671875,0.03662109375,-1.3916015625,-0.25634765625,-0.98876953125,-0.1220703125,0.42724609375,-0.0244140625,-0.10986328125,-0.0244140625,-0.537109375,-0.0732421875,-0.341796875,-0.06103515625,-0.54931640625,-0.10986328125,0.0244140625,-0.048828125,0.9033203125,0,-0.439453125,0.06103515625,-0.439453125
0,-0.0244140625,-0.50048828125,-0.06103515625,-0.5126953125,0.1220703125,-0.57373046875,-0.10986328125,-0.32958984375,0.06103515625,-0.74462890625,-0.08544921875,-1.7333984375,-0.06103515625,0.537109375,-0.03662109375,-0.81787109375,-0.23193359375,-0.634765625,0.048828125,-0.2197265625,-0.01220703125,0.79345703125,-0.3173828125,-0.6591796875,0.15869140625,-0.15869140625,-0.08544921875,-0.72021484375,0.0244140625,0.96435546875,-0.06103515625,0.2685546875,0.146484375,-0.28076171875,-0.10986328125,-0.79345703125,-0.32958984375,-0.40283203125,0.30517578125,-0.69580078125,-0.15869140625,2.03857421875,-0.1220703125,4.47998046875,0.244140625,1.67236328125,-0.0732421875,3.7841796875,0.69580078125,1.18408203125,-0.2685546875,0.4638671875,0.01220703125,-0.1953125,-0.35400390625,0.74462890625,-0.25634765625,0.67138671875,0.10986328125,0.439453125,-0.244140625,0.45166015625,0.2197265625,0.18310546875,0.06103515625,0.23193359375,-0.1708984375,1.07421875,-0.15869140625,0.244140625,-0.1220703125,0.244140625,-0.03662109375,2.3193359375,-0.08544921875,2.3681640625,0.048828125,1.47705078125,-0.57373046875,7.2509765625,0.2685546875,6.21337890625,-0.13427734375,2.8564453125,0,0.9033203125,-0.09765625,1.45263671875,-0.0244140625,-1.47705078125,0.048828125,-0.23193359375,0.03662109375,-0.244140625,0.0244140625,-1.18408203125,-0.3173828125,-0.78125,0.10986328125,-0.6591796875,-0.048828125,-0.634765625,0.146484375,-0.08544921875,0.09765625,-0.68359375,0.03662109375,-1.37939453125,-0.25634765625,-1.0009765625,-0.146484375,0.439453125,-0.048828125,-0.13427734375,-0.0244140625,-0.54931640625,-0.06103515625,-0.390625,-0.048828125,-0.57373046875,-0.10986328125,0.0244140625,-0.048828125,0.91552734375,-0.01220703125,-0.47607421875,0.06103515625,-0.439453125
0,-0.0244140625,-0.52490234375,-0.048828125,-0.48828125,0.1220703125,-0.57373046875,-0.13427734375,-0.3173828125,0.048828125,-0.830078125,-0.0244140625,-1.8798828125,-0.09765625,0.4638671875,-0.0244140625,-0.91552734375,-0.15869140625,-0.634765625,0.048828125,-0.20751953125,-0.01220703125,0.8056640625,-0.3173828125,-0.6591796875,0.1220703125,-0.13427734375,-0.08544921875,-0.72021484375,0.06103515625,0.96435546875,-0.048828125,0.28076171875,0.146484375,-0.28076171875,-0.09765625,-0.79345703125,-0.3173828125,-0.390625,0.29296875,-0.67138671875,-0.146484375,1.513671875,-0.13427734375,3.43017578125,0.23193359375,1.1962890625,-0.03662109375,3.125,0.68359375,1.171875,-0.2685546875,0.47607421875,-0.03662109375,-0.18310546875,-0.341796875,0.7568359375,-0.2685546875,0.7080078125,0.09765625,0.45166015625,-0.2685546875,0.45166015625,0.20751953125,0.18310546875,0.06103515625,0.20751953125,-0.146484375,1.06201171875,-0.13427734375,0.2197265625,-0.1220703125,0.2197265625,-0.048828125,2.1240234375,-0.08544921875,2.197265625,0.01220703125,1.26953125,-0.6103515625,6.5185546875,0.244140625,6.50634765625,-0.09765625,2.9541015625,0.01220703125,1.0009765625,-0.1220703125,1.5380859375,-0.0244140625,-1.47705078125,0.03662109375,-0.20751953125,0.03662109375,-0.25634765625,0.0244140625,-1.18408203125,-0.29296875,-0.78125,0.10986328125,-0.6591796875,-0.03662109375,-0.6591796875,0.10986328125,-0.06103515625,0.10986328125,-0.67138671875,0.0244140625,-1.3916015625,-0.25634765625,-1.0009765625,-0.15869140625,0.439453125,-0.03662109375,-0.13427734375,-0.0244140625,-0.5615234375,-0.0732421875,-0.4150390625,-0.0244140625,-0.59814453125,-0.1220703125,0.01220703125,-0.06103515625,0.9033203125,-0.048828125,-0.48828125,0.03662109375,-0.4638671875
0,-0.0244140625,-0.50048828125,-0.048828125,-0.50048828125,0.1220703125,-0.57373046875,-0.1220703125,-0.30517578125,-0.03662109375,-0.76904296875,-0.15869140625,-1.81884765625,-0.1220703125,0.52490234375,-0.10986328125,-0.84228515625,-0.0732421875,-0.6103515625,0.0244140625,-0.18310546875,0,0.8056640625,-0.30517578125,-0.6591796875,0.09765625,-0.146484375,-0.06103515625,-0.72021484375,0.08544921875,0.98876953125,-0.06103515625,0.29296875,0.146484375,-0.29296875,-0.09765625,-0.79345703125,-0.29296875,-0.390625,0.28076171875,-0.67138671875,-0.146484375,1.025390625,-0.13427734375,2.44140625,0.2197265625,0.7568359375,-0.01220703125,2.490234375,0.64697265625,1.171875,-0.28076171875,0.48828125,-0.048828125,-0.15869140625,-0.30517578125,0.732421875,-0.29296875,0.732421875,0.09765625,0.4638671875,-0.2685546875,0.45166015625,0.1953125,0.18310546875,0.0732421875,0.18310546875,-0.13427734375,1.07421875,-0.13427734375,0.23193359375,-0.146484375,0.20751953125,-0.06103515625,1.98974609375,-0.10986328125,2.099609375,0.01220703125,1.1474609375,-0.57373046875,5.9326171875,0.29296875,6.494140625,-0.09765625,2.9052734375,-0.01220703125,0.98876953125,-0.146484375,1.52587890625,-0.01220703125,-1.46484375,0.0244140625,-0.1953125,0.0244140625,-0.25634765625,0.01220703125,-1.18408203125,-0.28076171875,-0.7568359375,0.146484375,-0.6591796875,-0.06103515625,-0.67138671875,0.09765625,-0.0732421875,0.10986328125,-0.68359375,0.0244140625,-1.37939453125,-0.244140625,-0.9765625,-0.1708984375,0.439453125,-0.06103515625,-0.15869140625,-0.01220703125,-0.54931640625,-0.0732421875,-0.45166015625,-0.0244140625,-0.6103515625,-0.10986328125,0.048828125,-0.06103515625,0.927734375,-0.0732421875,-0.48828125,0.0244140625,-0.50048828125
0,-0.048828125,-0.5126953125,-0.06103515625,-0.48828125,0.08544921875,-0.57373046875,-0.10986328125,-0.3173828125,0.048828125,-0.6103515625,-0.08544921875,-1.57470703125,-0.0732421875,0.69580078125,-0.0244140625,-0.6591796875,-0.048828125,-0.59814453125,0,-0.18310546875,0.01220703125,0.830078125,-0.3173828125,-0.6591796875,0.0732421875,-0.13427734375,-0.048828125,-0.7080078125,0.13427734375,0.98876953125,-0.048828125,0.29296875,0.1220703125,-0.28076171875,-0.08544921875,-0.79345703125,-0.29296875,-0.341796875,0.2685546875,-0.6591796875,-0.15869140625,0.6103515625,-0.146484375,1.5625,0.1953125,0.3662109375,0.03662109375,1.9287109375,0.59814453125,1.15966796875,-0.28076171875,0.48828125,-0.0732421875,-0.146484375,-0.28076171875,0.732421875,-0.30517578125,0.7568359375,0.08544921875,0.439453125,-0.28076171875,0.47607421875,0.18310546875,0.1953125,0.08544921875,0.18310546875,-0.10986328125,1.08642578125,-0.13427734375,0.2197265625,-0.146484375,0.1953125,-0.06103515625,1.91650390625,-0.1220703125,1.98974609375,-0.01220703125,1.0498046875,-0.5859375,5.52978515625,0.35400390625,6.21337890625,-0.0732421875,2.734375,0.01220703125,0.87890625,-0.1220703125,1.416015625,-0.01220703125,-1.46484375,0.048828125,-0.1953125,0.01220703125,-0.25634765625,0.0244140625,-1.18408203125,-0.30517578125,-0.76904296875,0.146484375,-0.634765625,-0.08544921875,-0.67138671875,0.09765625,-0.06103515625,0.10986328125,-0.6591796875,0.03662109375,-1.37939453125,-0.244140625,-0.9765625,-0.18310546875,0.42724609375,-0.048828125,-0.13427734375,-0.0244140625,-0.52490234375,-0.0732421875,-0.42724609375,-0.01220703125,-0.5859375,-0.09765625,0.0732421875,-0.06103515625,0.9033203125,-0.09765625,-0.47607421875,0.01220703125,-0.5126953125
0,-0.0732421875,-0.5126953125,-0.06103515625,-0.5126953125,0.08544921875,-0.5615234375,-0.10986328125,-0.3173828125,0,-0.32958984375,-0.146484375,-1.1962890625,-0.10986328125,0.96435546875,-0.09765625,-0.35400390625,0.0244140625,-0.5859375,0,-0.18310546875,0.03662109375,0.84228515625,-0.29296875,-0.67138671875,0.03662109375,-0.13427734375,-0.01220703125,-0.732421875,0.15869140625,0.98876953125,-0.048828125,0.30517578125,0.146484375,-0.2685546875,-0.09765625,-0.76904296875,-0.25634765625,-0.341796875,0.244140625,-0.64697265625,-0.15869140625,0.2197265625,-0.15869140625,0.76904296875,0.1708984375,0.0244140625,0.06103515625,1.40380859375,0.54931640625,1.171875,-0.2685546875,0.50048828125,-0.09765625,-0.1220703125,-0.244140625,0.74462890625,-0.28076171875,0.78125,0.08544921875,0.4638671875,-0.28076171875,0.45166015625,0.15869140625,0.18310546875,0.08544921875,0.1708984375,-0.09765625,1.07421875,-0.13427734375,0.23193359375,-0.15869140625,0.20751953125,-0.08544921875,1.91650390625,-0.13427734375,1.91650390625,-0.03662109375,1.025390625,-0.62255859375,5.38330078125,0.244140625,5.6396484375,-0.03662109375,2.44140625,0.01220703125,0.7080078125,-0.10986328125,1.220703125,-0.0244140625,-1.45263671875,0.048828125,-0.18310546875,0.01220703125,-0.25634765625,0.03662109375,-1.18408203125,-0.29296875,-0.7568359375,0.1708984375,-0.64697265625,-0.10986328125,-0.68359375,0.0732421875,-0.0732421875,0.10986328125,-0.67138671875,0.01220703125,-1.40380859375,-0.20751953125,-0.96435546875,-0.1953125,0.42724609375,-0.03662109375,-0.13427734375,-0.03662109375,-0.50048828125,-0.06103515625,-0.45166015625,-0.0244140625,-0.54931640625,-0.08544921875,0.0732421875,-0.06103515625,0.89111328125,-0.13427734375,-0.45166015625,0.01220703125,-0.5126953125
0,-0.06103515625,-0.5126953125,-0.048828125,-0.50048828125,0.06103515625,-0.5615234375,-0.09765625,-0.30517578125,0.01220703125,-0.01220703125,-0.146484375,-0.7568359375,-0.08544921875,1.26953125,-0.08544921875,0.048828125,0.0732421875,-0.57373046875,-0.03662109375,-0.1953125,0.03662109375,0.830078125,-0.28076171875,-0.67138671875,0,-0.1220703125,0,-0.74462890625,0.1953125,0.98876953125,-0.06103515625,0.30517578125,0.146484375,-0.28076171875,-0.0732421875,-0.76904296875,-0.20751953125,-0.341796875,0.25634765625,-0.64697265625,-0.15869140625,-0.08544921875,-0.1708984375,0.048828125,0.13427734375,-0.2685546875,0.08544921875,0.9521484375,0.52490234375,1.1962890625,-0.2685546875,0.50048828125,-0.09765625,-0.10986328125,-0.244140625,0.74462890625,-0.2685546875,0.76904296875,0.09765625,0.45166015625,-0.2685546875,0.45166015625,0.13427734375,0.1708984375,0.08544921875,0.20751953125,-0.08544921875,1.08642578125,-0.13427734375,0.23193359375,-0.15869140625,0.2197265625,-0.09765625,1.98974609375,-0.1708984375,1.96533203125,-0.06103515625,1.08642578125,-0.62255859375,5.46875,0.15869140625,4.94384765625,-0.0244140625,2.13623046875,0.01220703125,0.48828125,-0.10986328125,0.98876953125,-0.0244140625,-1.45263671875,0.06103515625,-0.1708984375,0.01220703125,-0.25634765625,0.048828125,-1.18408203125,-0.2685546875,-0.78125,0.18310546875,-0.6591796875,-0.10986328125,-0.68359375,0.06103515625,-0.09765625,0.09765625,-0.67138671875,0.01220703125,-1.37939453125,-0.2197265625,-0.96435546875,-0.1953125,0.4150390625,-0.0244140625,-0.1220703125,-0.01220703125,-0.50048828125,-0.0732421875,-0.42724609375,-0.0244140625,-0.54931640625,-0.08544921875,0.08544921875,-0.06103515625,0.86669921875,-0.18310546875,-0.47607421875,0.01220703125,-0.48828125
0,-0.08544921875,-0.48828125,-0.048828125,-0.50048828125,0.0732421875,-0.57373046875,-0.09765625,-0.30517578125,0.06103515625,0.3173828125,-0.06103515625,-0.3662109375,-0.0244140625,1.57470703125,-0.0244140625,0.42724609375,0.1220703125,-0.57373046875,-0.06103515625,-0.2197265625,0.048828125,0.8544921875,-0.28076171875,-0.67138671875,0,-0.13427734375,-0.01220703125,-0.74462890625,0.23193359375,0.9765625,-0.06103515625,0.3173828125,0.1220703125,-0.2685546875,-0.0732421875,-0.7568359375,-0.1953125,-0.35400390625,0.244140625,-0.64697265625,-0.13427734375,-0.37841796875,-0.1708984375,-0.5615234375,0.10986328125,-0.5126953125,0.1220703125,0.5615234375,0.50048828125,1.1962890625,-0.28076171875,0.50048828125,-0.09765625,-0.09765625,-0.2197265625,0.732421875,-0.2685546875,0.732421875,0.06103515625,0.439453125,-0.244140625,0.45166015625,0.1220703125,0.18310546875,0.1220703125,0.20751953125,-0.08544921875,1.0986328125,-0.1220703125,0.244140625,-0.15869140625,0.20751953125,-0.1220703125,2.099609375,-0.18310546875,2.001953125,-0.10986328125,1.1962890625,-0.6103515625,5.810546875,0.10986328125,4.21142578125,0,1.81884765625,0.0244140625,0.25634765625,-0.1220703125,0.7568359375,-0.048828125,-1.45263671875,0.03662109375,-0.18310546875,0.01220703125,-0.25634765625,0.03662109375,-1.171875,-0.25634765625,-0.78125,0.1708984375,-0.634765625,-0.1220703125,-0.68359375,0.06103515625,-0.10986328125,0.08544921875,-0.6591796875,0.01220703125,-1.40380859375,-0.20751953125,-0.927734375,-0.20751953125,0.4150390625,-0.01220703125,-0.13427734375,-0.0244140625,-0.48828125,-0.0732421875,-0.40283203125,-0.048828125,-0.50048828125,-0.09765625,0.10986328125,-0.048828125,0.87890625,-0.20751953125,-0.45166015625,0.01220703125,-0.48828125
0,-0.09765625,-0.50048828125,-0.0244140625,-0.50048828125,0.06103515625,-0.57373046875,-0.10986328125,-0.32958984375,0.0244140625,0.5859375,-0.1220703125,-0.0244140625,-0.09765625,1.84326171875,-0.09765625,0.7568359375,0.18310546875,-0.5615234375,-0.06103515625,-0.2197265625,0.048828125,0.830078125,-0.25634765625,-0.68359375,-0.03662109375,-0.146484375,-0.0244140625,-0.732421875,0.244140625,0.96435546875,-0.06103515625,0.3173828125,0.13427734375,-0.2685546875,-0.08544921875,-0.74462890625,-0.1708984375,-0.37841796875,0.2197265625,-0.64697265625,-0.1220703125,-0.64697265625,-0.1953125,-1.0986328125,0.0732421875,-0.7080078125,0.1708984375,0.2197265625,0.47607421875,1.1962890625,-0.25634765625,0.50048828125,-0.1220703125,-0.1220703125,-0.20751953125,0.72021484375,-0.25634765625,0.7080078125,0.048828125,0.439453125,-0.23193359375,0.42724609375,0.09765625,0.18310546875,0.1220703125,0.20751953125,-0.0732421875,1.08642578125,-0.10986328125,0.28076171875,-0.18310546875,0.2197265625,-0.13427734375,2.20947265625,-0.18310546875,2.06298828125,-0.1220703125,1.30615234375,-0.57373046875,6.2255859375,0.0732421875,3.52783203125,-0.01220703125,1.55029296875,0.03662109375,0.048828125,-0.09765625,0.5615234375,-0.03662109375,-1.4404296875,0.048828125,-0.1708984375,0.0244140625,-0.25634765625,0.03662109375,-1.171875,-0.244140625,-0.76904296875,0.1953125,-0.64697265625,-0.1220703125,-0.69580078125,0.06103515625,-0.10986328125,0.09765625,-0.67138671875,0.0244140625,-1.42822265625,-0.1953125,-0.9521484375,-0.23193359375,0.439453125,-0.01220703125,-0.1220703125,-0.01220703125,-0.47607421875,-0.0732421875,-0.3662109375,-0.048828125,-0.48828125,-0.09765625,0.09765625,-0.03662109375,0.86669921875,-0.2197265625,-0.45166015625,0.01220703125,-0.4638671875
0,-0.1220703125,-0.47607421875,-0.03662109375,-0.48828125,0.06103515625,-0.57373046875,-0.08544921875,-0.3173828125,0.0244140625,0.76904296875,-0.15869140625,0.146484375,-0.08544921875,2.01416015625,-0.13427734375,1.0009765625,0.2197265625,-0.57373046875,-0.0732421875,-0.23193359375,0.06103515625,0.86669921875,-0.2685546875,-0.7080078125,-0.08544921875,-0.13427734375,-0.01220703125,-0.7568359375,0.25634765625,0.96435546875,-0.0732421875,0.32958984375,0.1220703125,-0.30517578125,-0.0732421875,-0.7568359375,-0.15869140625,-0.40283203125,0.2197265625,-0.6591796875,-0.13427734375,-0.830078125,-0.20751953125,-1.52587890625,0.08544921875,-0.9033203125,0.1953125,-0.0732421875,0.45166015625,1.1962890625,-0.25634765625,0.48828125,-0.13427734375,-0.1220703125,-0.20751953125,0.74462890625,-0.23193359375,0.67138671875,0.03662109375,0.40283203125,-0.20751953125,0.439453125,0.08544921875,0.18310546875,0.13427734375,0.244140625,-0.08544921875,1.08642578125,-0.1220703125,0.29296875,-0.2197265625,0.244140625,-0.13427734375,2.30712890625,-0.20751953125,2.1240234375,-0.1220703125,1.40380859375,-0.54931640625,6.591796875,0.06103515625,2.99072265625,-0.01220703125,1.3671875,0.03662109375,-0.1220703125,-0.10986328125,0.4150390625,-0.03662109375,-1.416015625,0.0244140625,-0.1953125,0.0244140625,-0.23193359375,0.06103515625,-1.18408203125,-0.25634765625,-0.8056640625,0.1953125,-0.64697265625,-0.146484375,-0.67138671875,0.048828125,-0.1220703125,0.10986328125,-0.6591796875,0.01220703125,-1.42822265625,-0.18310546875,-0.9521484375,-0.23193359375,0.40283203125,-0.0244140625,-0.1220703125,-0.01220703125,-0.48828125,-0.06103515625,-0.3662109375,-0.0732421875,-0.48828125,-0.08544921875,0.08544921875,-0.0244140625,0.8544921875,-0.244140625,-0.439453125,-0.0244140625,-0.45166015625
0,-0.1220703125,-0.47607421875,-0.03662109375,-0.50048828125,0.048828125,-0.5859375,-0.10986328125,-0.3173828125,0.0244140625,0.84228515625,-0.10986328125,0.18310546875,-0.0732421875,2.06298828125,-0.13427734375,1.13525390625,0.25634765625,-0.57373046875,-0.08544921875,-0.244140625,0.06103515625,0.84228515625,-0.25634765625,-0.68359375,-0.1220703125,-0.1220703125,0,-0.74462890625,0.23193359375,0.93994140625,-0.0732421875,0.29296875,0.10986328125,-0.32958984375,-0.0732421875,-0.7568359375,-0.1708984375,-0.390625,0.2197265625,-0.68359375,-0.18310546875,-0.9765625,-0.244140625,-1.8310546875,0,-1.03759765625,0.1953125,-0.28076171875,0.4150390625,1.20849609375,-0.244140625,0.47607421875,-0.13427734375,-0.146484375,-0.20751953125,0.7080078125,-0.23193359375,0.64697265625,0.03662109375,0.4150390625,-0.1953125,0.439453125,0.08544921875,0.18310546875,0.15869140625,0.2685546875,-0.08544921875,1.07421875,-0.09765625,0.32958984375,-0.23193359375,0.25634765625,-0.146484375,2.34375,-0.20751953125,2.1728515625,-0.13427734375,1.45263671875,-0.40283203125,6.73828125,0.1220703125,2.67333984375,0,1.28173828125,0.03662109375,-0.20751953125,-0.10986328125,0.32958984375,-0.048828125,-1.4404296875,0.03662109375,-0.1953125,0.01220703125,-0.20751953125,0.048828125,-1.18408203125,-0.2685546875,-0.8056640625,0.18310546875,-0.64697265625,-0.15869140625,-0.6591796875,0.06103515625,-0.1220703125,0.09765625,-0.64697265625,0,-1.40380859375,-0.15869140625,-0.9765625,-0.25634765625,0.42724609375,-0.0244140625,-0.15869140625,0,-0.47607421875,-0.048828125,-0.37841796875,-0.0732421875,-0.52490234375,-0.09765625,0.0732421875,-0.01220703125,0.84228515625,-0.2685546875,-0.4638671875,-0.01220703125,-0.45166015625
0,-0.13427734375,-0.50048828125,-0.03662109375,-0.50048828125,0.048828125,-0.59814453125,-0.09765625,-0.3173828125,0.0244140625,0.81787109375,-0.146484375,0.0732421875,-0.0732421875,2.01416015625,-0.09765625,1.11083984375,0.25634765625,-0.5859375,-0.10986328125,-0.23193359375,0.048828125,0.830078125,-0.23193359375,-0.68359375,-0.1708984375,-0.13427734375,0.01220703125,-0.74462890625,0.2197265625,0.9521484375,-0.0732421875,0.29296875,0.08544921875,-0.32958984375,-0.048828125,-0.76904296875,-0.1708984375,-0.42724609375,0.18310546875,-0.67138671875,-0.18310546875,-1.03759765625,-0.28076171875,-2.0263671875,0,-1.08642578125,0.244140625,-0.40283203125,0.40283203125,1.1962890625,-0.23193359375,0.4638671875,-0.13427734375,-0.15869140625,-0.20751953125,0.72021484375,-0.23193359375,0.634765625,0.01220703125,0.439453125,-0.146484375,0.45166015625,0.0732421875,0.1708984375,0.1708984375,0.25634765625,-0.08544921875,1.0986328125,-0.10986328125,0.3173828125,-0.25634765625,0.28076171875,-0.15869140625,2.2705078125,-0.244140625,2.099609375,-0.15869140625,1.42822265625,-0.3662109375,6.57958984375,0.08544921875,2.5634765625,0,1.2939453125,0.0732421875,-0.244140625,-0.08544921875,0.32958984375,-0.03662109375,-1.45263671875,0,-0.20751953125,0.01220703125,-0.23193359375,0.06103515625,-1.171875,-0.25634765625,-0.78125,0.20751953125,-0.6591796875,-0.1708984375,-0.634765625,0.06103515625,-0.13427734375,0.10986328125,-0.64697265625,-0.0244140625,-1.416015625,-0.146484375,-0.9765625,-0.28076171875,0.42724609375,-0.0244140625,-0.1708984375,-0.01220703125,-0.48828125,-0.048828125,-0.37841796875,-0.08544921875,-0.537109375,-0.10986328125,0.0732421875,-0.01220703125,0.81787109375,-0.23193359375,-0.4638671875,-0.048828125,-0.45166015625
0,-0.146484375,-0.47607421875,-0.01220703125,-0.52490234375,0.0244140625,-0.6103515625,-0.09765625,-0.32958984375,0.03662109375,0.72021484375,-0.146484375,-0.13427734375,-0.06103515625,1.9287109375,-0.1220703125,1.0009765625,0.2685546875,-0.6103515625,-0.13427734375,-0.2197265625,0.0732421875,0.81787109375,-0.23193359375,-0.67138671875,-0.2197265625,-0.1220703125,0.0244140625,-0.72021484375,0.20751953125,0.96435546875,-0.048828125,0.28076171875,0.08544921875,-0.341796875,-0.0244140625,-0.7568359375,-0.146484375,-0.48828125,0.15869140625,-0.68359375,-0.15869140625,-1.025390625,-0.25634765625,-2.05078125,0,-1.08642578125,0.3173828125,-0.439453125,0.37841796875,1.1962890625,-0.1953125,0.48828125,-0.15869140625,-0.1708984375,-0.2197265625,0.72021484375,-0.2197265625,0.6591796875,0.01220703125,0.439453125,-0.10986328125,0.45166015625,0.048828125,0.1953125,0.15869140625,0.2685546875,-0.08544921875,1.123046875,-0.09765625,0.30517578125,-0.25634765625,0.2685546875,-0.13427734375,2.05078125,-0.2197265625,2.001953125,-0.1220703125,1.28173828125,-0.1953125,6.01806640625,0.06103515625,2.64892578125,-0.01220703125,1.3671875,0.0732421875,-0.146484375,-0.08544921875,0.3662109375,-0.048828125,-1.4404296875,0,-0.18310546875,0.0244140625,-0.244140625,0.048828125,-1.18408203125,-0.2685546875,-0.78125,0.20751953125,-0.6591796875,-0.1953125,-0.634765625,0.048828125,-0.10986328125,0.08544921875,-0.64697265625,-0.03662109375,-1.37939453125,-0.13427734375,-0.98876953125,-0.2685546875,0.439453125,-0.03662109375,-0.18310546875,-0.0244140625,-0.5126953125,-0.0732421875,-0.4150390625,-0.08544921875,-0.54931640625,-0.10986328125,0.08544921875,0.01220703125,0.8056640625,-0.25634765625,-0.48828125,-0.0732421875,-0.42724609375
0,-0.146484375,-0.50048828125,-0.0244140625,-0.52490234375,0.03662109375,-0.59814453125,-0.13427734375,-0.3173828125,0.0244140625,0.5859375,-0.146484375,-0.390625,-0.0732421875,1.77001953125,-0.1220703125,0.84228515625,0.28076171875,-0.62255859375,-0.13427734375,-0.1953125,0.08544921875,0.8056640625,-0.20751953125,-0.6591796875,-0.2685546875,-0.1220703125,0.01220703125,-0.72021484375,0.2197265625,0.96435546875,-0.03662109375,0.2685546875,0.0732421875,-0.32958984375,-0.048828125,-0.78125,-0.15869140625,-0.45166015625,0.1708984375,-0.7080078125,-0.13427734375,-0.96435546875,-0.25634765625,-1.94091796875,-0.01220703125,-1.0498046875,0.3662109375,-0.3662109375,0.37841796875,1.18408203125,-0.1708984375,0.4638671875,-0.15869140625,-0.1953125,-0.2197265625,0.732421875,-0.1953125,0.69580078125,0.01220703125,0.439453125,-0.08544921875,0.45166015625,0.048828125,0.1708984375,0.18310546875,0.29296875,-0.09765625,1.0986328125,-0.09765625,0.30517578125,-0.25634765625,0.244140625,-0.10986328125,1.7333984375,-0.18310546875,1.81884765625,-0.10986328125,1.0498046875,-0.1220703125,5.1025390625,0.03662109375,2.880859375,-0.0244140625,1.47705078125,0.06103515625,-0.0732421875,-0.08544921875,0.45166015625,-0.06103515625,-1.45263671875,0,-0.18310546875,0.01220703125,-0.2685546875,0.048828125,-1.20849609375,-0.244140625,-0.76904296875,0.1953125,-0.64697265625,-0.20751953125,-0.634765625,0.048828125,-0.10986328125,0.08544921875,-0.6591796875,-0.03662109375,-1.37939453125,-0.09765625,-1.01318359375,-0.2685546875,0.45166015625,-0.06103515625,-0.15869140625,-0.0244140625,-0.48828125,-0.06103515625,-0.4150390625,-0.08544921875,-0.54931640625,-0.1220703125,0.048828125,0.01220703125,0.81787109375,-0.2685546875,-0.50048828125,-0.08544921875,-0.439453125
0,-0.15869140625,-0.5126953125,-0.03662109375,-0.537109375,0.03662109375,-0.6103515625,-0.1220703125,-0.29296875,0.0244140625,0.439453125,-0.1708984375,-0.59814453125,-0.08544921875,1.62353515625,-0.146484375,0.6591796875,0.29296875,-0.6103515625,-0.10986328125,-0.1953125,0.09765625,0.81787109375,-0.1953125,-0.64697265625,-0.29296875,-0.10986328125,-0.01220703125,-0.7080078125,0.18310546875,0.98876953125,-0.06103515625,0.28076171875,0.0732421875,-0.32958984375,-0.03662109375,-0.79345703125,-0.15869140625,-0.4638671875,0.13427734375,-0.69580078125,-0.10986328125,-0.8544921875,-0.25634765625,-1.72119140625,-0.01220703125,-0.9521484375,0.4150390625,-0.2197265625,0.3662109375,1.171875,-0.1708984375,0.48828125,-0.15869140625,-0.20751953125,-0.23193359375,0.732421875,-0.20751953125,0.7568359375,0,0.4638671875,-0.03662109375,0.45166015625,0.0244140625,0.1708984375,0.146484375,0.30517578125,-0.10986328125,1.11083984375,-0.09765625,0.30517578125,-0.2685546875,0.244140625,-0.10986328125,1.35498046875,-0.18310546875,1.5625,-0.08544921875,0.7568359375,-0.0732421875,3.94287109375,0.0244140625,3.16162109375,-0.01220703125,1.5869140625,0.08544921875,0.03662109375,-0.0732421875,0.52490234375,-0.0732421875,-1.46484375,-0.01220703125,-0.1953125,0.01220703125,-0.28076171875,0.048828125,-1.1962890625,-0.244140625,-0.78125,0.18310546875,-0.68359375,-0.20751953125,-0.64697265625,0.048828125,-0.09765625,0.08544921875,-0.64697265625,-0.0244140625,-1.3671875,-0.0732421875,-1.01318359375,-0.2685546875,0.45166015625,-0.06103515625,-0.15869140625,-0.01220703125,-0.47607421875,-0.06103515625,-0.42724609375,-0.10986328125,-0.54931640625,-0.1220703125,0.06103515625,0.0244140625,0.81787109375,-0.28076171875,-0.50048828125,-0.09765625,-0.4638671875
0,-0.15869140625,-0.50048828125,-0.0244140625,-0.537109375,0.06103515625,-0.5859375,-0.13427734375,-0.29296875,0.0244140625,0.3173828125,-0.1708984375,-0.76904296875,-0.09765625,1.513671875,-0.13427734375,0.5126953125,0.3173828125,-0.6103515625,-0.13427734375,-0.18310546875,0.0732421875,0.84228515625,-0.18310546875,-0.6591796875,-0.32958984375,-0.10986328125,-0.0244140625,-0.732421875,0.13427734375,0.98876953125,-0.048828125,0.29296875,0.06103515625,-0.341796875,-0.048828125,-0.79345703125,-0.146484375,-0.45166015625,0.09765625,-0.69580078125,-0.1220703125,-0.69580078125,-0.2685546875,-1.4404296875,-0.048828125,-0.830078125,0.439453125,-0.0244140625,0.3662109375,1.15966796875,-0.146484375,0.48828125,-0.146484375,-0.2197265625,-0.2197265625,0.72021484375,-0.1953125,0.84228515625,0.01220703125,0.47607421875,0,0.439453125,0.01220703125,0.18310546875,0.146484375,0.32958984375,-0.10986328125,1.08642578125,-0.08544921875,0.29296875,-0.2685546875,0.23193359375,-0.09765625,0.96435546875,-0.13427734375,1.30615234375,-0.03662109375,0.42724609375,-0.0244140625,2.64892578125,0.01220703125,3.38134765625,-0.01220703125,1.67236328125,0.0732421875,0.146484375,-0.0732421875,0.57373046875,-0.06103515625,-1.47705078125,-0.03662109375,-0.1953125,0.01220703125,-0.29296875,0.03662109375,-1.18408203125,-0.2197265625,-0.76904296875,0.1708984375,-0.67138671875,-0.23193359375,-0.68359375,0.03662109375,-0.09765625,0.0732421875,-0.68359375,-0.01220703125,-1.3671875,-0.06103515625,-0.98876953125,-0.25634765625,0.4638671875,-0.06103515625,-0.13427734375,-0.0244140625,-0.45166015625,-0.06103515625,-0.42724609375,-0.1220703125,-0.54931640625,-0.146484375,0.048828125,0.0244140625,0.84228515625,-0.25634765625,-0.50048828125,-0.146484375,-0.47607421875
0,-0.146484375,-0.50048828125,-0.01220703125,-0.50048828125,0.06103515625,-0.57373046875,-0.13427734375,-0.30517578125,0.048828125,0.244140625,-0.13427734375,-0.81787109375,-0.09765625,1.45263671875,-0.1220703125,0.42724609375,0.3173828125,-0.6103515625,-0.13427734375,-0.18310546875,0.0732421875,0.84228515625,-0.1708984375,-0.67138671875,-0.3173828125,-0.09765625,-0.03662109375,-0.72021484375,0.10986328125,1.0009765625,-0.048828125,0.28076171875,0.0732421875,-0.341796875,-0.048828125,-0.81787109375,-0.1708984375,-0.439453125,0.1220703125,-0.69580078125,-0.10986328125,-0.537109375,-0.28076171875,-1.123046875,-0.03662109375,-0.7080078125,0.47607421875,0.18310546875,0.32958984375,1.1474609375,-0.1220703125,0.48828125,-0.15869140625,-0.20751953125,-0.2197265625,0.74462890625,-0.2197265625,0.96435546875,0,0.47607421875,0.0244140625,0.45166015625,0,0.15869140625,0.1220703125,0.35400390625,-0.13427734375,1.0986328125,-0.0732421875,0.25634765625,-0.28076171875,0.2197265625,-0.0732421875,0.59814453125,-0.10986328125,1.07421875,0.01220703125,0.10986328125,-0.03662109375,1.4892578125,0.0732421875,3.40576171875,-0.03662109375,1.64794921875,0.06103515625,0.146484375,-0.08544921875,0.57373046875,-0.0732421875,-1.47705078125,-0.0244140625,-0.1953125,0,-0.29296875,0.048828125,-1.18408203125,-0.2197265625,-0.7568359375,0.18310546875,-0.68359375,-0.23193359375,-0.6591796875,0.06103515625,-0.10986328125,0.048828125,-0.68359375,-0.0244140625,-1.35498046875,-0.06103515625,-0.98876953125,-0.2685546875,0.45166015625,-0.09765625,-0.10986328125,-0.03662109375,-0.45166015625,-0.06103515625,-0.40283203125,-0.1220703125,-0.5126953125,-0.15869140625,0.048828125,0.01220703125,0.84228515625,-0.25634765625,-0.5126953125,-0.1708984375,-0.47607421875
0,-0.15869140625,-0.48828125,-0.0244140625,-0.48828125,0.06103515625,-0.57373046875,-0.1220703125,-0.2685546875,0.0244140625,0.2197265625,-0.10986328125,-0.79345703125,-0.10986328125,1.416015625,-0.146484375,0.390625,0.35400390625,-0.59814453125,-0.1708984375,-0.1708984375,0.06103515625,0.86669921875,-0.15869140625,-0.67138671875,-0.3173828125,-0.08544921875,-0.03662109375,-0.732421875,0.0732421875,1.025390625,-0.03662109375,0.30517578125,0.06103515625,-0.32958984375,-0.09765625,-0.830078125,-0.15869140625,-0.42724609375,0.09765625,-0.7080078125,-0.13427734375,-0.42724609375,-0.29296875,-0.86669921875,-0.06103515625,-0.5859375,0.50048828125,0.3662109375,0.3173828125,1.15966796875,-0.09765625,0.48828125,-0.15869140625,-0.1953125,-0.1953125,0.74462890625,-0.23193359375,1.07421875,-0.01220703125,0.4638671875,0.06103515625,0.4150390625,0.0244140625,0.15869140625,0.08544921875,0.3662109375,-0.146484375,1.11083984375,-0.0732421875,0.2685546875,-0.28076171875,0.20751953125,-0.0732421875,0.35400390625,-0.08544921875,0.89111328125,0.048828125,-0.08544921875,-0.048828125,0.6591796875,0.08544921875,3.21044921875,0,1.52587890625,0.06103515625,0.08544921875,-0.06103515625,0.50048828125,-0.08544921875,-1.47705078125,-0.03662109375,-0.2197265625,0.01220703125,-0.2685546875,0.06103515625,-1.171875,-0.2197265625,-0.74462890625,0.1708984375,-0.67138671875,-0.25634765625,-0.68359375,0.01220703125,-0.10986328125,0.048828125,-0.68359375,-0.03662109375,-1.3671875,-0.06103515625,-0.96435546875,-0.2685546875,0.4638671875,-0.08544921875,-0.09765625,-0.0244140625,-0.45166015625,-0.048828125,-0.37841796875,-0.1220703125,-0.48828125,-0.13427734375,0.0244140625,0.01220703125,0.86669921875,-0.2685546875,-0.4638671875,-0.1953125,-0.48828125
0,-0.146484375,-0.48828125,-0.0244140625,-0.48828125,0.06103515625,-0.5615234375,-0.1220703125,-0.25634765625,0.01220703125,0.20751953125,-0.1220703125,-0.72021484375,-0.10986328125,1.42822265625,-0.146484375,0.390625,0.341796875,-0.62255859375,-0.1953125,-0.1953125,0.08544921875,0.8544921875,-0.15869140625,-0.67138671875,-0.32958984375,-0.09765625,-0.048828125,-0.72021484375,0.048828125,1.0009765625,-0.01220703125,0.30517578125,0.08544921875,-0.30517578125,-0.08544921875,-0.830078125,-0.146484375,-0.4150390625,0.09765625,-0.69580078125,-0.13427734375,-0.30517578125,-0.25634765625,-0.67138671875,-0.08544921875,-0.5126953125,0.54931640625,0.50048828125,0.29296875,1.15966796875,-0.0732421875,0.47607421875,-0.1220703125,-0.1708984375,-0.18310546875,0.732421875,-0.2197265625,1.18408203125,-0.0244140625,0.47607421875,0.09765625,0.40283203125,0,0.15869140625,0.06103515625,0.35400390625,-0.146484375,1.08642578125,-0.0732421875,0.244140625,-0.2685546875,0.2197265625,-0.048828125,0.23193359375,-0.06103515625,0.830078125,0.08544921875,-0.1708984375,-0.01220703125,0.3173828125,0.09765625,2.7587890625,-0.01220703125,1.28173828125,0.0732421875,-0.048828125,-0.06103515625,0.341796875,-0.10986328125,-1.47705078125,-0.03662109375,-0.244140625,-0.0244140625,-0.25634765625,0.09765625,-1.15966796875,-0.2197265625,-0.74462890625,0.146484375,-0.6591796875,-0.23193359375,-0.69580078125,0.0244140625,-0.08544921875,0.03662109375,-0.67138671875,-0.03662109375,-1.37939453125,-0.048828125,-0.96435546875,-0.28076171875,0.45166015625,-0.06103515625,-0.06103515625,-0.0244140625,-0.45166015625,-0.0732421875,-0.341796875,-0.13427734375,-0.48828125,-0.146484375,0.03662109375,0.03662109375,0.9033203125,-0.25634765625,-0.45166015625,-0.23193359375,-0.4638671875
0,-0.13427734375,-0.47607421875,-0.0244140625,-0.47607421875,0.0732421875,-0.5615234375,-0.13427734375,-0.2685546875,0.048828125,0.23193359375,-0.1220703125,-0.62255859375,-0.08544921875,1.4892578125,-0.10986328125,0.439453125,0.32958984375,-0.59814453125,-0.20751953125,-0.23193359375,0.09765625,0.86669921875,-0.15869140625,-0.69580078125,-0.341796875,-0.08544921875,-0.048828125,-0.72021484375,0.048828125,1.01318359375,0,0.32958984375,0.10986328125,-0.28076171875,-0.09765625,-0.81787109375,-0.15869140625,-0.4150390625,0.06103515625,-0.68359375,-0.13427734375,-0.29296875,-0.2197265625,-0.62255859375,-0.08544921875,-0.4638671875,0.537109375,0.537109375,0.28076171875,1.15966796875,-0.06103515625,0.47607421875,-0.08544921875,-0.15869140625,-0.18310546875,0.732421875,-0.2197265625,1.25732421875,-0.0244140625,0.4638671875,0.13427734375,0.4150390625,-0.01220703125,0.15869140625,0.06103515625,0.341796875,-0.146484375,1.07421875,-0.06103515625,0.244140625,-0.29296875,0.2197265625,-0.048828125,0.3173828125,-0.01220703125,0.89111328125,0.13427734375,-0.1220703125,-0.146484375,0.54931640625,0.10986328125,2.03857421875,0,0.98876953125,0.0732421875,-0.25634765625,-0.0732421875,0.1220703125,-0.1220703125,-1.4892578125,-0.01220703125,-0.2685546875,0,-0.2685546875,0.09765625,-1.1474609375,-0.1953125,-0.74462890625,0.13427734375,-0.64697265625,-0.244140625,-0.69580078125,0,-0.10986328125,0.03662109375,-0.69580078125,-0.03662109375,-1.37939453125,-0.03662109375,-0.9521484375,-0.25634765625,0.4638671875,-0.0732421875,-0.048828125,-0.03662109375,-0.45166015625,-0.06103515625,-0.341796875,-0.13427734375,-0.4638671875,-0.1708984375,0.048828125,0.048828125,0.93994140625,-0.2685546875,-0.4150390625,-0.25634765625,-0.4638671875
0,-0.13427734375,-0.4638671875,-0.01220703125,-0.47607421875,0.0732421875,-0.5859375,-0.1220703125,-0.28076171875,0.0244140625,0.25634765625,-0.13427734375,-0.54931640625,-0.1220703125,1.513671875,-0.13427734375,0.4638671875,0.35400390625,-0.59814453125,-0.2197265625,-0.244140625,0.09765625,0.86669921875,-0.146484375,-0.69580078125,-0.32958984375,-0.09765625,-0.06103515625,-0.72021484375,0.01220703125,0.98876953125,0,0.32958984375,0.08544921875,-0.2685546875,-0.1220703125,-0.8056640625,-0.18310546875,-0.42724609375,0.0244140625,-0.68359375,-0.1220703125,-0.341796875,-0.29296875,-0.68359375,-0.10986328125,-0.48828125,0.54931640625,0.5126953125,0.28076171875,1.15966796875,-0.0732421875,0.45166015625,-0.0732421875,-0.1220703125,-0.15869140625,0.732421875,-0.25634765625,1.33056640625,-0.06103515625,0.45166015625,0.146484375,0.390625,-0.0244140625,0.1708984375,0.048828125,0.341796875,-0.146484375,1.07421875,-0.03662109375,0.244140625,-0.28076171875,0.23193359375,-0.048828125,0.5859375,0,1.06201171875,0.146484375,0.09765625,-0.1220703125,1.3427734375,0.13427734375,1.18408203125,-0.01220703125,0.634765625,0.0732421875,-0.5126953125,-0.08544921875,-0.146484375,-0.1220703125,-1.47705078125,-0.0244140625,-0.25634765625,0.01220703125,-0.244140625,0.1220703125,-1.15966796875,-0.20751953125,-0.732421875,0.10986328125,-0.64697265625,-0.23193359375,-0.69580078125,-0.03662109375,-0.10986328125,0.0244140625,-0.7080078125,-0.03662109375,-1.40380859375,-0.03662109375,-0.96435546875,-0.2685546875,0.4638671875,-0.0732421875,-0.06103515625,-0.01220703125,-0.4638671875,-0.048828125,-0.3173828125,-0.1220703125,-0.47607421875,-0.18310546875,0.048828125,0.048828125,0.927734375,-0.28076171875,-0.40283203125,-0.29296875,-0.45166015625
0,-0.146484375,-0.47607421875,-0.01220703125,-0.48828125,0.10986328125,-0.5859375,-0.10986328125,-0.32958984375,-0.048828125,0.28076171875,-0.2685546875,-0.52490234375,-0.15869140625,1.513671875,-0.1953125,0.45166015625,0.341796875,-0.6103515625,-0.244140625,-0.25634765625,0.09765625,0.8544921875,-0.146484375,-0.69580078125,-0.3173828125,-0.09765625,-0.0732421875,-0.74462890625,-0.048828125,1.01318359375,0,0.32958984375,0.08544921875,-0.2685546875,-0.1220703125,-0.8056640625,-0.15869140625,-0.4150390625,0,-0.67138671875,-0.0732421875,-0.4150390625,-0.28076171875,-0.830078125,-0.09765625,-0.537109375,0.57373046875,0.42724609375,0.2685546875,1.1962890625,-0.0732421875,0.439453125,-0.03662109375,-0.13427734375,-0.13427734375,0.732421875,-0.25634765625,1.37939453125,-0.048828125,0.45166015625,0.1708984375,0.439453125,-0.0244140625,0.18310546875,0.048828125,0.341796875,-0.1708984375,1.07421875,0,0.23193359375,-0.2685546875,0.2197265625,-0.048828125,0.98876953125,0.01220703125,1.33056640625,0.18310546875,0.439453125,-0.09765625,2.587890625,0.18310546875,0.2685546875,0.01220703125,0.2685546875,0.0732421875,-0.79345703125,-0.09765625,-0.4150390625,-0.10986328125,-1.4892578125,-0.0244140625,-0.244140625,-0.01220703125,-0.2685546875,0.10986328125,-1.15966796875,-0.18310546875,-0.74462890625,0.10986328125,-0.634765625,-0.244140625,-0.67138671875,-0.0244140625,-0.10986328125,0.01220703125,-0.69580078125,-0.0244140625,-1.40380859375,-0.0244140625,-0.96435546875,-0.244140625,0.47607421875,-0.0732421875,-0.0732421875,-0.0244140625,-0.4638671875,-0.06103515625,-0.30517578125,-0.1220703125,-0.47607421875,-0.1953125,0.048828125,0.048828125,0.93994140625,-0.25634765625,-0.40283203125,-0.2685546875,-0.4150390625
0,-0.1220703125,-0.50048828125,-0.01220703125,-0.50048828125,0.1220703125,-0.57373046875,-0.10986328125,-0.32958984375,0.01220703125,0.28076171875,-0.1708984375,-0.5615234375,-0.09765625,1.47705078125,-0.1220703125,0.37841796875,0.32958984375,-0.634765625,-0.244140625,-0.2685546875,0.08544921875,0.84228515625,-0.15869140625,-0.68359375,-0.30517578125,-0.09765625,-0.08544921875,-0.732421875,-0.0732421875,1.0009765625,-0.01220703125,0.3173828125,0.0732421875,-0.2685546875,-0.10986328125,-0.8056640625,-0.18310546875,-0.439453125,0,-0.69580078125,-0.10986328125,-0.5126953125,-0.341796875,-1.03759765625,-0.15869140625,-0.634765625,0.48828125,0.30517578125,0.23193359375,1.1962890625,-0.08544921875,0.42724609375,-0.0244140625,-0.146484375,-0.13427734375,0.72021484375,-0.25634765625,1.37939453125,-0.08544921875,0.45166015625,0.18310546875,0.439453125,-0.0244140625,0.18310546875,0.03662109375,0.29296875,-0.15869140625,1.07421875,0,0.244140625,-0.2685546875,0.244140625,-0.03662109375,1.52587890625,0.048828125,1.708984375,0.1953125,0.86669921875,-0.20751953125,4.16259765625,0.1953125,-0.54931640625,-0.0244140625,-0.048828125,0.06103515625,-1.01318359375,-0.08544921875,-0.6591796875,-0.10986328125,-1.46484375,-0.03662109375,-0.2197265625,0.01220703125,-0.2685546875,0.13427734375,-1.171875,-0.20751953125,-0.7568359375,0.09765625,-0.634765625,-0.244140625,-0.6591796875,-0.048828125,-0.10986328125,0,-0.67138671875,-0.03662109375,-1.416015625,-0.01220703125,-0.96435546875,-0.23193359375,0.45166015625,-0.048828125,-0.10986328125,0,-0.4638671875,-0.08544921875,-0.3173828125,-0.1220703125,-0.48828125,-0.1708984375,0.048828125,0.01220703125,0.927734375,-0.244140625,-0.42724609375,-0.2685546875,-0.37841796875
0,-0.1220703125,-0.50048828125,-0.01220703125,-0.48828125,0.13427734375,-0.5859375,-0.10986328125,-0.341796875,-0.01220703125,0.23193359375,-0.18310546875,-0.6591796875,-0.1220703125,1.416015625,-0.146484375,0.30517578125,0.30517578125,-0.62255859375,-0.2685546875,-0.2685546875,0.0732421875,0.8056640625,-0.1708984375,-0.68359375,-0.29296875,-0.09765625,-0.048828125,-0.732421875,-0.10986328125,1.025390625,-0.01220703125,0.3173828125,0.08544921875,-0.29296875,-0.1220703125,-0.8056640625,-0.146484375,-0.439453125,-0.0244140625,-0.7080078125,-0.1220703125,-0.62255859375,-0.390625,-1.26953125,-0.15869140625,-0.69580078125,0.4638671875,0.1708984375,0.20751953125,1.220703125,-0.08544921875,0.45166015625,-0.03662109375,-0.15869140625,-0.09765625,0.732421875,-0.28076171875,1.35498046875,-0.09765625,0.439453125,0.20751953125,0.439453125,-0.0244140625,0.1953125,0.03662109375,0.2685546875,-0.1708984375,1.06201171875,0.01220703125,0.244140625,-0.25634765625,0.244140625,-0.048828125,2.11181640625,0.01220703125,2.099609375,0.2685546875,1.33056640625,-0.28076171875,5.859375,0.1708984375,-1.13525390625,0,-0.23193359375,0.048828125,-1.18408203125,-0.09765625,-0.81787109375,-0.0732421875,-1.47705078125,-0.0244140625,-0.20751953125,-0.01220703125,-0.28076171875,0.1220703125,-1.1962890625,-0.1953125,-0.7568359375,0.0732421875,-0.634765625,-0.25634765625,-0.634765625,-0.06103515625,-0.08544921875,0,-0.6591796875,-0.01220703125,-1.3916015625,-0.0244140625,-0.9765625,-0.244140625,0.45166015625,-0.06103515625,-0.1220703125,0,-0.47607421875,-0.0732421875,-0.35400390625,-0.09765625,-0.5126953125,-0.1708984375,0.048828125,0.048828125,0.9033203125,-0.23193359375,-0.45166015625,-0.30517578125,-0.37841796875
0,-0.13427734375,-0.5126953125,-0.01220703125,-0.48828125,0.1220703125,-0.5859375,-0.13427734375,-0.341796875,-0.03662109375,0.146484375,-0.25634765625,-0.76904296875,-0.1220703125,1.30615234375,-0.146484375,0.1708984375,0.20751953125,-0.634765625,-0.2685546875,-0.25634765625,0.06103515625,0.79345703125,-0.1953125,-0.67138671875,-0.30517578125,-0.1220703125,-0.0244140625,-0.74462890625,-0.15869140625,1.0009765625,-0.01220703125,0.3173828125,0.08544921875,-0.30517578125,-0.10986328125,-0.81787109375,-0.146484375,-0.45166015625,-0.03662109375,-0.7080078125,-0.03662109375,-0.69580078125,-0.32958984375,-1.416015625,-0.146484375,-0.74462890625,0.47607421875,0.0732421875,0.20751953125,1.1962890625,-0.10986328125,0.439453125,0.01220703125,-0.18310546875,-0.08544921875,0.72021484375,-0.28076171875,1.33056640625,-0.10986328125,0.45166015625,0.1953125,0.45166015625,0,0.18310546875,0.01220703125,0.244140625,-0.18310546875,1.07421875,0.01220703125,0.25634765625,-0.23193359375,0.23193359375,-0.08544921875,2.62451171875,0.0244140625,2.45361328125,0.25634765625,1.7578125,-0.13427734375,7.48291015625,0.18310546875,-1.42822265625,0.01220703125,-0.3173828125,0.048828125,-1.26953125,-0.06103515625,-0.87890625,-0.0732421875,-1.47705078125,-0.03662109375,-0.1953125,-0.01220703125,-0.29296875,0.13427734375,-1.220703125,-0.1953125,-0.74462890625,0.06103515625,-0.634765625,-0.25634765625,-0.62255859375,-0.048828125,-0.0732421875,-0.0244140625,-0.64697265625,-0.03662109375,-1.37939453125,-0.0244140625,-0.9765625,-0.244140625,0.45166015625,-0.03662109375,-0.146484375,0,-0.50048828125,-0.0732421875,-0.40283203125,-0.10986328125,-0.52490234375,-0.1708984375,0.06103515625,0.03662109375,0.9033203125,-0.244140625,-0.47607421875,-0.3173828125,-0.40283203125
0,-0.13427734375,-0.48828125,0.01220703125,-0.48828125,0.10986328125,-0.57373046875,-0.10986328125,-0.32958984375,-0.01220703125,0.03662109375,-0.1953125,-0.91552734375,-0.1220703125,1.18408203125,-0.13427734375,0.03662109375,0.13427734375,-0.64697265625,-0.28076171875,-0.244140625,0.048828125,0.81787109375,-0.1953125,-0.68359375,-0.3173828125,-0.10986328125,-0.01220703125,-0.74462890625,-0.15869140625,0.98876953125,0,0.3173828125,0.08544921875,-0.32958984375,-0.10986328125,-0.84228515625,-0.1220703125,-0.47607421875,-0.048828125,-0.72021484375,-0.09765625,-0.7080078125,-0.3662109375,-1.47705078125,-0.20751953125,-0.79345703125,0.37841796875,0.0732421875,0.1708984375,1.220703125,-0.13427734375,0.439453125,0.01220703125,-0.18310546875,-0.0732421875,0.72021484375,-0.30517578125,1.28173828125,-0.1220703125,0.4638671875,0.1708984375,0.439453125,0,0.1953125,0.0244140625,0.20751953125,-0.1708984375,1.06201171875,0.048828125,0.244140625,-0.2197265625,0.23193359375,-0.06103515625,3.11279296875,0.048828125,2.8076171875,0.28076171875,2.1240234375,-0.06103515625,8.9111328125,0.0732421875,-1.3916015625,0,-0.28076171875,0.03662109375,-1.220703125,-0.08544921875,-0.8544921875,-0.0732421875,-1.46484375,-0.0244140625,-0.20751953125,-0.0244140625,-0.30517578125,0.13427734375,-1.20849609375,-0.1708984375,-0.732421875,0.03662109375,-0.64697265625,-0.25634765625,-0.634765625,-0.08544921875,-0.0732421875,-0.03662109375,-0.64697265625,-0.06103515625,-1.3916015625,-0.048828125,-0.9765625,-0.244140625,0.439453125,-0.03662109375,-0.15869140625,0,-0.50048828125,-0.06103515625,-0.45166015625,-0.09765625,-0.52490234375,-0.1708984375,0.06103515625,0.01220703125,0.89111328125,-0.2197265625,-0.50048828125,-0.32958984375,-0.4150390625
0,-0.13427734375,-0.50048828125,0.01220703125,-0.47607421875,0.146484375,-0.5859375,-0.10986328125,-0.30517578125,-0.0244140625,-0.06103515625,-0.1953125,-1.01318359375,-0.1220703125,1.0986328125,-0.146484375,-0.06103515625,0.06103515625,-0.634765625,-0.2685546875,-0.244140625,0.01220703125,0.79345703125,-0.18310546875,-0.67138671875,-0.30517578125,-0.13427734375,-0.0244140625,-0.72021484375,-0.146484375,1.0009765625,0,0.29296875,0.0732421875,-0.32958984375,-0.09765625,-0.830078125,-0.10986328125,-0.47607421875,-0.06103515625,-0.74462890625,-0.10986328125,-0.64697265625,-0.4150390625,-1.45263671875,-0.1953125,-0.7568359375,0.3662109375,0.13427734375,0.13427734375,1.23291015625,-0.146484375,0.45166015625,0.01220703125,-0.1708984375,-0.0732421875,0.72021484375,-0.30517578125,1.220703125,-0.13427734375,0.4638671875,0.15869140625,0.439453125,0,0.1953125,0.03662109375,0.2197265625,-0.1708984375,1.07421875,0.06103515625,0.23193359375,-0.1708984375,0.2197265625,-0.06103515625,3.50341796875,0.0244140625,3.08837890625,0.28076171875,2.3681640625,-0.0244140625,9.97314453125,0.1220703125,-0.9765625,0,-0.08544921875,0.048828125,-1.06201171875,-0.08544921875,-0.69580078125,-0.048828125,-1.47705078125,-0.01220703125,-0.1953125,-0.0244140625,-0.30517578125,0.13427734375,-1.20849609375,-0.1708984375,-0.732421875,0.03662109375,-0.634765625,-0.25634765625,-0.6103515625,-0.08544921875,-0.08544921875,-0.03662109375,-0.64697265625,-0.048828125,-1.37939453125,-0.06103515625,-0.9765625,-0.2197265625,0.45166015625,-0.0244140625,-0.146484375,0,-0.48828125,-0.06103515625,-0.47607421875,-0.08544921875,-0.5126953125,-0.15869140625,0.048828125,0.01220703125,0.89111328125,-0.20751953125,-0.52490234375,-0.32958984375,-0.42724609375
0,-0.1220703125,-0.48828125,-0.01220703125,-0.47607421875,0.146484375,-0.5859375,-0.10986328125,-0.29296875,-0.048828125,-0.15869140625,-0.2197265625,-1.025390625,-0.1220703125,1.07421875,-0.13427734375,-0.13427734375,-0.0244140625,-0.634765625,-0.29296875,-0.23193359375,-0.01220703125,0.79345703125,-0.20751953125,-0.68359375,-0.3173828125,-0.13427734375,-0.0244140625,-0.72021484375,-0.18310546875,1.0009765625,0.0244140625,0.28076171875,0.0732421875,-0.32958984375,-0.09765625,-0.8544921875,-0.08544921875,-0.45166015625,-0.08544921875,-0.732421875,-0.0732421875,-0.52490234375,-0.35400390625,-1.28173828125,-0.1953125,-0.68359375,0.35400390625,0.28076171875,0.10986328125,1.20849609375,-0.15869140625,0.45166015625,0.01220703125,-0.1708984375,-0.08544921875,0.732421875,-0.32958984375,1.171875,-0.1708984375,0.4638671875,0.13427734375,0.45166015625,0,0.1953125,0.048828125,0.20751953125,-0.15869140625,1.08642578125,0.06103515625,0.20751953125,-0.18310546875,0.2197265625,-0.048828125,3.7109375,0.048828125,3.25927734375,0.28076171875,2.52685546875,-0.06103515625,10.60791015625,0.15869140625,-0.25634765625,0.01220703125,0.1953125,0.0244140625,-0.830078125,-0.06103515625,-0.439453125,-0.03662109375,-1.47705078125,-0.0244140625,-0.20751953125,-0.03662109375,-0.30517578125,0.1220703125,-1.20849609375,-0.1708984375,-0.732421875,0.0244140625,-0.634765625,-0.25634765625,-0.634765625,-0.10986328125,-0.0732421875,-0.03662109375,-0.67138671875,-0.03662109375,-1.35498046875,-0.06103515625,-0.9765625,-0.23193359375,0.45166015625,-0.01220703125,-0.146484375,0,-0.47607421875,-0.0732421875,-0.48828125,-0.0732421875,-0.52490234375,-0.146484375,0.06103515625,0,0.8544921875,-0.1708984375,-0.537109375,-0.32958984375,-0.4638671875
0,-0.1220703125,-0.48828125,0.01220703125,-0.50048828125,0.15869140625,-0.5859375,-0.10986328125,-0.29296875,-0.06103515625,-0.15869140625,-0.3173828125,-0.9765625,-0.15869140625,1.0986328125,-0.1953125,-0.13427734375,-0.0732421875,-0.6103515625,-0.3173828125,-0.18310546875,-0.048828125,0.79345703125,-0.20751953125,-0.7080078125,-0.3173828125,-0.146484375,0,-0.7080078125,-0.20751953125,1.0009765625,0,0.2685546875,0.06103515625,-0.29296875,-0.10986328125,-0.86669921875,-0.048828125,-0.4150390625,-0.09765625,-0.7080078125,-0.09765625,-0.3662109375,-0.390625,-1.0498046875,-0.2197265625,-0.5126953125,0.29296875,0.50048828125,0.06103515625,1.18408203125,-0.1953125,0.47607421875,-0.01220703125,-0.15869140625,-0.09765625,0.74462890625,-0.3662109375,1.11083984375,-0.15869140625,0.4638671875,0.1220703125,0.42724609375,0,0.18310546875,0.01220703125,0.2197265625,-0.15869140625,1.07421875,0.0732421875,0.2197265625,-0.15869140625,0.1953125,-0.048828125,3.82080078125,0.03662109375,3.33251953125,0.30517578125,2.5634765625,-0.13427734375,10.8642578125,0.13427734375,0.6591796875,0.03662109375,0.57373046875,0.03662109375,-0.5615234375,-0.03662109375,-0.1708984375,-0.048828125,-1.47705078125,-0.03662109375,-0.20751953125,-0.048828125,-0.30517578125,0.1220703125,-1.18408203125,-0.18310546875,-0.74462890625,0.03662109375,-0.64697265625,-0.2685546875,-0.67138671875,-0.146484375,-0.08544921875,-0.03662109375,-0.6591796875,-0.0244140625,-1.3671875,-0.0732421875,-0.9521484375,-0.20751953125,0.439453125,-0.01220703125,-0.15869140625,0,-0.4638671875,-0.0732421875,-0.50048828125,-0.08544921875,-0.5126953125,-0.13427734375,0.06103515625,0,0.81787109375,-0.1708984375,-0.537109375,-0.32958984375,-0.47607421875
0,-0.1220703125,-0.47607421875,0.01220703125,-0.48828125,0.1708984375,-0.5859375,-0.09765625,-0.29296875,-0.01220703125,-0.09765625,-0.20751953125,-0.8544921875,-0.09765625,1.171875,-0.09765625,-0.0244140625,-0.15869140625,-0.59814453125,-0.35400390625,-0.1953125,-0.0732421875,0.81787109375,-0.1953125,-0.69580078125,-0.3173828125,-0.1220703125,0.01220703125,-0.69580078125,-0.23193359375,0.98876953125,0.01220703125,0.28076171875,0.08544921875,-0.28076171875,-0.10986328125,-0.86669921875,-0.048828125,-0.4150390625,-0.1220703125,-0.69580078125,-0.06103515625,-0.18310546875,-0.35400390625,-0.78125,-0.1953125,-0.341796875,0.29296875,0.732421875,0.0244140625,1.171875,-0.18310546875,0.50048828125,0,-0.1708984375,-0.10986328125,0.72021484375,-0.3662109375,1.0498046875,-0.18310546875,0.4638671875,0.08544921875,0.439453125,0.01220703125,0.18310546875,0.01220703125,0.244140625,-0.15869140625,1.07421875,0.0732421875,0.23193359375,-0.15869140625,0.1953125,-0.06103515625,3.79638671875,0.0244140625,3.35693359375,0.29296875,2.5146484375,-0.1708984375,10.7666015625,0.08544921875,1.69677734375,0.0244140625,0.9521484375,0.01220703125,-0.25634765625,-0.06103515625,0.13427734375,-0.03662109375,-1.47705078125,-0.03662109375,-0.23193359375,-0.0732421875,-0.30517578125,0.09765625,-1.171875,-0.20751953125,-0.732421875,0.0732421875,-0.6591796875,-0.28076171875,-0.6591796875,-0.15869140625,-0.09765625,-0.048828125,-0.6591796875,-0.03662109375,-1.35498046875,-0.0732421875,-0.96435546875,-0.20751953125,0.45166015625,-0.0244140625,-0.146484375,0,-0.4638671875,-0.08544921875,-0.47607421875,-0.0732421875,-0.50048828125,-0.13427734375,0.06103515625,-0.01220703125,0.8056640625,-0.146484375,-0.5126953125,-0.32958984375,-0.48828125
0,-0.1220703125,-0.47607421875,0.0244140625,-0.50048828125,0.15869140625,-0.59814453125,-0.10986328125,-0.29296875,0,0.03662109375,-0.20751953125,-0.6591796875,-0.08544921875,1.30615234375,-0.09765625,0.1220703125,-0.23193359375,-0.59814453125,-0.390625,-0.18310546875,-0.0732421875,0.830078125,-0.1953125,-0.69580078125,-0.3173828125,-0.13427734375,0.0244140625,-0.7080078125,-0.2197265625,0.98876953125,0.01220703125,0.28076171875,0.09765625,-0.2685546875,-0.13427734375,-0.8544921875,-0.0244140625,-0.390625,-0.13427734375,-0.68359375,-0.06103515625,-0.01220703125,-0.29296875,-0.5126953125,-0.23193359375,-0.1953125,0.244140625,0.96435546875,-0.0244140625,1.15966796875,-0.1708984375,0.50048828125,0,-0.1708984375,-0.10986328125,0.74462890625,-0.37841796875,1.0009765625,-0.18310546875,0.439453125,0.0732421875,0.4150390625,0.0244140625,0.146484375,0.01220703125,0.25634765625,-0.146484375,1.07421875,0.09765625,0.244140625,-0.13427734375,0.1953125,-0.03662109375,3.662109375,0.01220703125,3.25927734375,0.25634765625,2.38037109375,-0.15869140625,10.41259765625,0.09765625,2.74658203125,0.048828125,1.35498046875,0.048828125,0.0244140625,-0.0732421875,0.45166015625,-0.03662109375,-1.4892578125,-0.0244140625,-0.23193359375,-0.08544921875,-0.2685546875,0.09765625,-1.15966796875,-0.1953125,-0.74462890625,0.048828125,-0.68359375,-0.28076171875,-0.7080078125,-0.18310546875,-0.08544921875,-0.03662109375,-0.67138671875,-0.0244140625,-1.37939453125,-0.09765625,-0.9765625,-0.1953125,0.439453125,-0.01220703125,-0.15869140625,0,-0.4638671875,-0.06103515625,-0.45166015625,-0.08544921875,-0.5126953125,-0.146484375,0.06103515625,-0.0244140625,0.78125,-0.1220703125,-0.48828125,-0.35400390625,-0.48828125
0,-0.13427734375,-0.4638671875,0.03662109375,-0.50048828125,0.15869140625,-0.5859375,-0.10986328125,-0.32958984375,-0.0244140625,0.20751953125,-0.23193359375,-0.5126953125,-0.09765625,1.47705078125,-0.09765625,0.32958984375,-0.2685546875,-0.62255859375,-0.4150390625,-0.20751953125,-0.0732421875,0.830078125,-0.18310546875,-0.7080078125,-0.3173828125,-0.13427734375,0,-0.72021484375,-0.20751953125,0.9765625,0.01220703125,0.28076171875,0.08544921875,-0.23193359375,-0.13427734375,-0.8056640625,-0.01220703125,-0.3662109375,-0.10986328125,-0.6591796875,-0.10986328125,0.1220703125,-0.32958984375,-0.30517578125,-0.23193359375,-0.03662109375,0.1953125,1.171875,-0.06103515625,1.18408203125,-0.18310546875,0.48828125,0.01220703125,-0.1708984375,-0.10986328125,0.732421875,-0.37841796875,0.96435546875,-0.1953125,0.439453125,0.06103515625,0.42724609375,0.0244140625,0.146484375,0.03662109375,0.25634765625,-0.13427734375,1.06201171875,0.10986328125,0.23193359375,-0.13427734375,0.1953125,-0.03662109375,3.466796875,-0.0244140625,3.1494140625,0.29296875,2.20947265625,-0.13427734375,9.8876953125,-0.0244140625,3.7109375,0.0732421875,1.7333984375,0.0244140625,0.30517578125,-0.06103515625,0.74462890625,-0.048828125,-1.46484375,-0.03662109375,-0.244140625,-0.09765625,-0.29296875,0.09765625,-1.1474609375,-0.2197265625,-0.7568359375,0.03662109375,-0.68359375,-0.28076171875,-0.69580078125,-0.1953125,-0.08544921875,-0.03662109375,-0.68359375,-0.03662109375,-1.37939453125,-0.10986328125,-0.96435546875,-0.18310546875,0.439453125,-0.0244140625,-0.146484375,-0.01220703125,-0.45166015625,-0.08544921875,-0.439453125,-0.08544921875,-0.50048828125,-0.15869140625,0.048828125,-0.048828125,0.78125,-0.09765625,-0.4638671875,-0.37841796875,-0.47607421875
0,-0.1220703125,-0.47607421875,0.03662109375,-0.50048828125,0.1708984375,-0.59814453125,-0.09765625,-0.3173828125,-0.06103515625,0.390625,-0.2197265625,-0.3173828125,-0.10986328125,1.59912109375,-0.13427734375,0.54931640625,-0.32958984375,-0.6103515625,-0.45166015625,-0.20751953125,-0.10986328125,0.81787109375,-0.1708984375,-0.7080078125,-0.3173828125,-0.1220703125,-0.0244140625,-0.72021484375,-0.1953125,0.9765625,0.03662109375,0.2685546875,0.0732421875,-0.2197265625,-0.1220703125,-0.8056640625,0.0244140625,-0.3662109375,-0.1220703125,-0.67138671875,-0.10986328125,0.20751953125,-0.29296875,-0.1953125,-0.2197265625,0.0732421875,0.18310546875,1.33056640625,-0.08544921875,1.171875,-0.15869140625,0.5126953125,0.01220703125,-0.15869140625,-0.10986328125,0.7568359375,-0.3662109375,0.93994140625,-0.2197265625,0.439453125,0.0244140625,0.42724609375,0.01220703125,0.13427734375,0.048828125,0.244140625,-0.1220703125,1.0498046875,0.13427734375,0.244140625,-0.10986328125,0.20751953125,-0.0244140625,3.22265625,-0.0244140625,3.01513671875,0.28076171875,2.0263671875,-0.10986328125,9.2529296875,-0.08544921875,4.55322265625,0.09765625,2.0751953125,0.01220703125,0.5126953125,-0.06103515625,1.01318359375,-0.048828125,-1.47705078125,-0.048828125,-0.25634765625,-0.09765625,-0.25634765625,0.09765625,-1.13525390625,-0.23193359375,-0.7568359375,0.048828125,-0.6591796875,-0.2685546875,-0.68359375,-0.1953125,-0.0732421875,-0.0244140625,-0.67138671875,-0.048828125,-1.40380859375,-0.10986328125,-0.98876953125,-0.18310546875,0.45166015625,-0.03662109375,-0.13427734375,0,-0.4638671875,-0.0732421875,-0.4150390625,-0.08544921875,-0.50048828125,-0.146484375,0.0244140625,-0.048828125,0.7568359375,-0.0732421875,-0.42724609375,-0.390625,-0.48828125
0,-0.1220703125,-0.50048828125,0.03662109375,-0.50048828125,0.1708984375,-0.5859375,-0.09765625,-0.3173828125,-0.01220703125,0.537109375,-0.146484375,-0.2197265625,-0.09765625,1.72119140625,-0.0732421875,0.68359375,-0.3662109375,-0.62255859375,-0.439453125,-0.2197265625,-0.10986328125,0.8056640625,-0.146484375,-0.69580078125,-0.3173828125,-0.10986328125,-0.0244140625,-0.74462890625,-0.1953125,0.9765625,0.048828125,0.25634765625,0.08544921875,-0.2197265625,-0.1220703125,-0.8056640625,0.0244140625,-0.3662109375,-0.1220703125,-0.6591796875,-0.08544921875,0.244140625,-0.29296875,-0.18310546875,-0.20751953125,0.146484375,0.15869140625,1.37939453125,-0.1220703125,1.15966796875,-0.15869140625,0.50048828125,0.01220703125,-0.15869140625,-0.1220703125,0.7568359375,-0.3173828125,0.9521484375,-0.2197265625,0.42724609375,0,0.42724609375,0.01220703125,0.146484375,0.06103515625,0.23193359375,-0.10986328125,1.06201171875,0.146484375,0.25634765625,-0.10986328125,0.23193359375,-0.01220703125,2.96630859375,-0.0244140625,2.8076171875,0.2197265625,1.81884765625,-0.09765625,8.60595703125,-0.1220703125,5.2490234375,0.1220703125,2.3193359375,0.0244140625,0.67138671875,-0.0732421875,1.20849609375,-0.06103515625,-1.4892578125,-0.0732421875,-0.23193359375,-0.09765625,-0.244140625,0.10986328125,-1.13525390625,-0.23193359375,-0.74462890625,0.03662109375,-0.6591796875,-0.25634765625,-0.69580078125,-0.23193359375,-0.0732421875,-0.0244140625,-0.6591796875,-0.06103515625,-1.40380859375,-0.1220703125,-0.9765625,-0.1708984375,0.45166015625,-0.048828125,-0.1708984375,0.01220703125,-0.45166015625,-0.0732421875,-0.37841796875,-0.08544921875,-0.50048828125,-0.1220703125,0,-0.0732421875,0.78125,-0.048828125,-0.42724609375,-0.40283203125,-0.48828125
0,-0.13427734375,-0.5126953125,0.048828125,-0.47607421875,0.1708984375,-0.5859375,-0.09765625,-0.30517578125,-0.03662109375,0.59814453125,-0.1708984375,-0.23193359375,-0.0732421875,1.74560546875,-0.08544921875,0.74462890625,-0.390625,-0.6103515625,-0.4638671875,-0.20751953125,-0.10986328125,0.78125,-0.13427734375,-0.7080078125,-0.29296875,-0.10986328125,-0.0244140625,-0.74462890625,-0.18310546875,0.96435546875,0.0244140625,0.2685546875,0.0732421875,-0.2197265625,-0.1220703125,-0.8056640625,0.01220703125,-0.341796875,-0.10986328125,-0.67138671875,-0.09765625,0.23193359375,-0.244140625,-0.25634765625,-0.2197265625,0.1220703125,0.1220703125,1.40380859375,-0.146484375,1.15966796875,-0.10986328125,0.48828125,0.01220703125,-0.15869140625,-0.1220703125,0.732421875,-0.3173828125,0.9765625,-0.2197265625,0.439453125,-0.01220703125,0.439453125,0.01220703125,0.15869140625,0.06103515625,0.2197265625,-0.08544921875,1.07421875,0.15869140625,0.28076171875,-0.09765625,0.23193359375,-0.01220703125,2.7099609375,-0.03662109375,2.62451171875,0.2197265625,1.62353515625,-0.06103515625,7.99560546875,-0.146484375,5.6640625,0.146484375,2.490234375,0,0.76904296875,-0.08544921875,1.35498046875,-0.048828125,-1.46484375,-0.0732421875,-0.23193359375,-0.0732421875,-0.244140625,0.10986328125,-1.15966796875,-0.244140625,-0.74462890625,0.048828125,-0.64697265625,-0.244140625,-0.69580078125,-0.25634765625,-0.06103515625,-0.0244140625,-0.67138671875,-0.048828125,-1.42822265625,-0.1220703125,-0.98876953125,-0.15869140625,0.45166015625,-0.048828125,-0.146484375,0.01220703125,-0.4638671875,-0.08544921875,-0.35400390625,-0.06103515625,-0.50048828125,-0.13427734375,-0.0244140625,-0.09765625,0.76904296875,-0.06103515625,-0.45166015625,-0.4150390625,-0.47607421875
0,-0.10986328125,-0.5126953125,0.03662109375,-0.48828125,0.18310546875,-0.57373046875,-0.10986328125,-0.3173828125,-0.0244140625,0.5615234375,-0.18310546875,-0.341796875,-0.09765625,1.69677734375,-0.09765625,0.69580078125,-0.390625,-0.6103515625,-0.4638671875,-0.23193359375,-0.13427734375,0.7568359375,-0.1220703125,-0.69580078125,-0.30517578125,-0.09765625,0,-0.72021484375,-0.20751953125,0.9521484375,0.0244140625,0.29296875,0.03662109375,-0.2197265625,-0.10986328125,-0.79345703125,0,-0.35400390625,-0.10986328125,-0.67138671875,-0.1220703125,0.18310546875,-0.2197265625,-0.37841796875,-0.244140625,0.06103515625,0.1220703125,1.3427734375,-0.1708984375,1.171875,-0.09765625,0.4638671875,0.01220703125,-0.1953125,-0.09765625,0.74462890625,-0.25634765625,1.0009765625,-0.23193359375,0.439453125,-0.01220703125,0.45166015625,0.01220703125,0.1708984375,0.0732421875,0.1953125,-0.09765625,1.06201171875,0.146484375,0.28076171875,-0.09765625,0.23193359375,-0.01220703125,2.47802734375,-0.048828125,2.4658203125,0.2197265625,1.416015625,-0.06103515625,7.40966796875,-0.18310546875,5.908203125,0.15869140625,2.62451171875,-0.01220703125,0.79345703125,-0.06103515625,1.42822265625,-0.03662109375,-1.47705078125,-0.08544921875,-0.2197265625,-0.08544921875,-0.244140625,0.08544921875,-1.15966796875,-0.244140625,-0.74462890625,0.03662109375,-0.634765625,-0.23193359375,-0.68359375,-0.28076171875,-0.06103515625,-0.03662109375,-0.6591796875,-0.048828125,-1.416015625,-0.10986328125,-0.98876953125,-0.146484375,0.45166015625,-0.0732421875,-0.15869140625,0.0244140625,-0.48828125,-0.048828125,-0.3662109375,-0.048828125,-0.54931640625,-0.15869140625,-0.0244140625,-0.09765625,0.79345703125,-0.0732421875,-0.47607421875,-0.40283203125,-0.47607421875
0,-0.1220703125,-0.50048828125,0.048828125,-0.4638671875,0.15869140625,-0.5859375,-0.13427734375,-0.30517578125,-0.048828125,0.45166015625,-0.09765625,-0.52490234375,-0.09765625,1.5625,-0.09765625,0.537109375,-0.3662109375,-0.6103515625,-0.45166015625,-0.23193359375,-0.1220703125,0.732421875,-0.10986328125,-0.68359375,-0.30517578125,-0.09765625,0.01220703125,-0.72021484375,-0.1953125,0.9521484375,0.048828125,0.28076171875,0.048828125,-0.25634765625,-0.10986328125,-0.81787109375,-0.01220703125,-0.37841796875,-0.0732421875,-0.68359375,-0.1220703125,0.09765625,-0.20751953125,-0.54931640625,-0.25634765625,-0.01220703125,0.09765625,1.2451171875,-0.18310546875,1.15966796875,-0.0732421875,0.4638671875,-0.01220703125,-0.20751953125,-0.08544921875,0.74462890625,-0.23193359375,1.01318359375,-0.23193359375,0.45166015625,-0.03662109375,0.4638671875,0,0.1708984375,0.06103515625,0.20751953125,-0.0732421875,1.07421875,0.13427734375,0.28076171875,-0.0732421875,0.244140625,-0.01220703125,2.2705078125,-0.06103515625,2.30712890625,0.1953125,1.25732421875,-0.06103515625,6.8603515625,-0.1953125,5.9814453125,0.15869140625,2.6611328125,-0.0244140625,0.79345703125,-0.048828125,1.45263671875,-0.03662109375,-1.4892578125,-0.08544921875,-0.2197265625,-0.08544921875,-0.2685546875,0.09765625,-1.18408203125,-0.244140625,-0.74462890625,0.0244140625,-0.62255859375,-0.2197265625,-0.68359375,-0.28076171875,-0.048828125,-0.03662109375,-0.67138671875,-0.048828125,-1.3916015625,-0.13427734375,-0.98876953125,-0.146484375,0.45166015625,-0.0732421875,-0.15869140625,0.03662109375,-0.48828125,-0.06103515625,-0.3662109375,-0.048828125,-0.57373046875,-0.146484375,-0.03662109375,-0.10986328125,0.78125,-0.0732421875,-0.50048828125,-0.40283203125,-0.47607421875
0,-0.1220703125,-0.48828125,0.03662109375,-0.4638671875,0.1708984375,-0.57373046875,-0.1220703125,-0.30517578125,-0.03662109375,0.2685546875,-0.03662109375,-0.7568359375,-0.08544921875,1.37939453125,-0.0732421875,0.29296875,-0.3662109375,-0.59814453125,-0.439453125,-0.2197265625,-0.1220703125,0.732421875,-0.10986328125,-0.67138671875,-0.30517578125,-0.09765625,0,-0.732421875,-0.15869140625,0.9521484375,0.048828125,0.28076171875,0.03662109375,-0.30517578125,-0.09765625,-0.81787109375,0,-0.390625,-0.048828125,-0.69580078125,-0.1220703125,0.0244140625,-0.146484375,-0.7080078125,-0.2685546875,-0.08544921875,0.0732421875,1.1474609375,-0.20751953125,1.1474609375,-0.06103515625,0.47607421875,0,-0.20751953125,-0.08544921875,0.74462890625,-0.1953125,1.0009765625,-0.244140625,0.45166015625,-0.048828125,0.48828125,0,0.18310546875,0.048828125,0.18310546875,-0.06103515625,1.07421875,0.146484375,0.28076171875,-0.048828125,0.244140625,-0.0244140625,2.08740234375,-0.06103515625,2.1240234375,0.1708984375,1.123046875,0,6.3232421875,-0.2197265625,5.8837890625,0.1708984375,2.62451171875,-0.048828125,0.76904296875,-0.06103515625,1.3916015625,-0.03662109375,-1.50146484375,-0.09765625,-0.23193359375,-0.10986328125,-0.2685546875,0.06103515625,-1.220703125,-0.244140625,-0.74462890625,0.01220703125,-0.6103515625,-0.1953125,-0.67138671875,-0.30517578125,-0.048828125,-0.048828125,-0.6591796875,-0.08544921875,-1.3916015625,-0.13427734375,-0.9765625,-0.1220703125,0.45166015625,-0.0732421875,-0.146484375,0.03662109375,-0.50048828125,-0.06103515625,-0.4150390625,-0.03662109375,-0.57373046875,-0.146484375,-0.01220703125,-0.1220703125,0.81787109375,-0.06103515625,-0.52490234375,-0.40283203125,-0.47607421875
